# 由 henjicc/yipiantian 的 lingcao_chiyan_young 转换而来（见 manifest.json）
mtllib lingcao_chiyan_young.mtl
o lingcao_chiyan_young
v 0.00321 0.00030 0.00767
v 0.00321 0.00030 0.00767
v 0.00321 0.00030 0.00767
v 0.00868 0.00099 -0.00489
v 0.00868 0.00099 -0.00489
v 0.00868 0.00099 -0.00489
v 0.00868 0.00099 -0.00489
v -0.00640 0.00201 -0.00850
v -0.00640 0.00201 -0.00850
v -0.00640 0.00201 -0.00850
v -0.00812 0.00201 0.00748
v -0.00812 0.00201 0.00748
v -0.00812 0.00201 0.00748
v -0.00812 0.00201 0.00748
v 0.00444 0.02974 0.02527
v 0.00444 0.02974 0.02527
v -0.01287 0.02679 0.01749
v -0.01287 0.02679 0.01749
v 0.02254 0.02844 0.01274
v 0.02254 0.02844 0.01274
v -0.02080 0.03377 -0.00052
v -0.02080 0.03377 -0.00052
v -0.02080 0.03377 -0.00052
v -0.01048 0.04166 -0.01715
v -0.01048 0.04166 -0.01715
v -0.01048 0.04166 -0.01715
v 0.02365 0.03033 -0.00635
v 0.02365 0.03033 -0.00635
v 0.00780 0.04116 -0.02097
v 0.00780 0.04116 -0.02097
v 0.00780 0.04116 -0.02097
v -0.01412 0.04705 0.02018
v -0.01412 0.04705 0.02018
v 0.01727 0.05058 0.02194
v 0.01727 0.05058 0.02194
v 0.01727 0.05058 0.02194
v 0.01727 0.05058 0.02194
v 0.02593 0.04746 0.00766
v 0.02593 0.04746 0.00766
v 0.02593 0.04746 0.00766
v 0.00145 0.05353 0.02489
v 0.00145 0.05353 0.02489
v -0.01838 0.05831 0.00035
v -0.01838 0.05831 0.00035
v -0.01838 0.05831 0.00035
v 0.02429 0.04871 -0.00696
v -0.01081 0.06727 0.01205
v -0.01081 0.06727 0.01205
v -0.01081 0.06727 0.01205
v 0.01870 0.06660 -0.00457
v 0.01870 0.06660 -0.00457
v 0.01870 0.06660 -0.00457
v 0.01870 0.06660 -0.00457
v 0.01870 0.06660 -0.00457
v 0.01870 0.06660 -0.00457
v -0.00653 0.06496 -0.01120
v -0.00653 0.06496 -0.01120
v -0.00653 0.06496 -0.01120
v -0.00653 0.06496 -0.01120
v 0.00566 0.06439 -0.01481
v 0.00566 0.06439 -0.01481
v 0.00566 0.06439 -0.01481
v 0.00566 0.06439 -0.01481
v 0.00566 0.06439 -0.01481
v 0.00566 0.06439 -0.01481
v 0.00899 0.06668 0.01843
v 0.00899 0.06668 0.01843
v 0.00899 0.06668 0.01843
v 0.00899 0.06668 0.01843
v 0.00899 0.06668 0.01843
v -0.00483 0.06777 0.01737
v -0.00483 0.06777 0.01737
v -0.00483 0.06777 0.01737
v -0.00483 0.06777 0.01737
v -0.00483 0.06777 0.01737
v -0.00483 0.06777 0.01737
v -0.00483 0.06777 0.01737
v 0.01831 0.06568 0.01018
v 0.01831 0.06568 0.01018
v 0.01831 0.06568 0.01018
v 0.01831 0.06568 0.01018
v 0.01831 0.06568 0.01018
v -0.01193 0.06669 -0.00293
v -0.01193 0.06669 -0.00293
v -0.01193 0.06669 -0.00293
v -0.01193 0.06669 -0.00293
v -0.01193 0.06669 -0.00293
v -0.01193 0.06669 -0.00293
v 0.01712 0.06556 0.00195
v 0.01712 0.06556 0.00195
v 0.01712 0.06556 0.00195
v 0.01712 0.06556 0.00195
v -0.00051 0.06759 -0.00978
v -0.00051 0.06759 -0.00978
v -0.00051 0.06759 -0.00978
v -0.00051 0.06759 -0.00978
v -0.00051 0.06759 -0.00978
v -0.00051 0.06759 -0.00978
v 0.01681 0.07383 0.00005
v 0.01681 0.07383 0.00005
v 0.01681 0.07383 0.00005
v 0.01681 0.07383 0.00005
v 0.01681 0.07383 0.00005
v 0.02031 0.08151 0.01124
v 0.02031 0.08151 0.01124
v 0.02031 0.08151 0.01124
v 0.02031 0.08151 0.01124
v 0.01092 0.07042 0.00128
v 0.01092 0.07042 0.00128
v 0.01092 0.07042 0.00128
v 0.01092 0.07042 0.00128
v 0.01092 0.07042 0.00128
v 0.01092 0.07042 0.00128
v -0.01860 0.11699 -0.01071
v -0.01860 0.11699 -0.01071
v -0.01860 0.11699 -0.01071
v -0.01860 0.11699 -0.01071
v -0.01860 0.11699 -0.01071
v -0.01860 0.11699 -0.01071
v -0.01860 0.11699 -0.01071
v 0.01215 0.08461 0.02329
v 0.01215 0.08461 0.02329
v -0.02221 0.11701 -0.00609
v -0.02221 0.11701 -0.00609
v -0.02221 0.11701 -0.00609
v -0.02221 0.11701 -0.00609
v 0.00082 0.06918 0.01035
v 0.00082 0.06918 0.01035
v 0.00082 0.06918 0.01035
v 0.00082 0.06918 0.01035
v 0.00082 0.06918 0.01035
v 0.00082 0.06918 0.01035
v 0.00082 0.06918 0.01035
v 0.00082 0.06918 0.01035
v 0.00082 0.06918 0.01035
v 0.00362 0.08606 0.02096
v 0.00362 0.08606 0.02096
v 0.00362 0.08606 0.02096
v 0.00362 0.08606 0.02096
v 0.00323 0.07291 -0.00720
v 0.00323 0.07291 -0.00720
v 0.00323 0.07291 -0.00720
v 0.00323 0.07291 -0.00720
v 0.00323 0.07291 -0.00720
v -0.00465 0.08910 0.01582
v -0.00465 0.08910 0.01582
v -0.00465 0.08910 0.01582
v -0.00075 0.06911 -0.00421
v -0.00075 0.06911 -0.00421
v -0.00075 0.06911 -0.00421
v -0.00075 0.06911 -0.00421
v 0.01029 0.09455 -0.00403
v 0.01029 0.09455 -0.00403
v 0.01029 0.09455 -0.00403
v 0.01029 0.09455 -0.00403
v 0.01029 0.09455 -0.00403
v 0.00072 0.08267 -0.00081
v 0.00072 0.08267 -0.00081
v 0.00072 0.08267 -0.00081
v 0.00072 0.08267 -0.00081
v 0.00072 0.08267 -0.00081
v 0.00382 0.09445 -0.03771
v 0.00382 0.09445 -0.03771
v 0.00382 0.09445 -0.03771
v 0.00382 0.09445 -0.03771
v 0.01004 0.09356 -0.03341
v 0.01004 0.09356 -0.03341
v 0.01004 0.09356 -0.03341
v 0.00609 0.08012 0.00980
v 0.00609 0.08012 0.00980
v 0.00609 0.08012 0.00980
v 0.00609 0.08012 0.00980
v 0.00609 0.08012 0.00980
v -0.00060 0.09512 -0.03931
v -0.00060 0.09512 -0.03931
v 0.00975 0.11197 -0.03553
v 0.00975 0.11197 -0.03553
v 0.00975 0.11197 -0.03553
v 0.00975 0.11197 -0.03553
v 0.00975 0.11197 -0.03553
v 0.00975 0.11197 -0.03553
v 0.00975 0.11197 -0.03553
v 0.01069 0.09679 0.00568
v 0.01069 0.09679 0.00568
v 0.00416 0.09271 0.00452
v 0.00416 0.09271 0.00452
v 0.00416 0.09271 0.00452
v 0.00416 0.09271 0.00452
v 0.00416 0.09271 0.00452
v 0.01245 0.08411 0.00571
v 0.01245 0.08411 0.00571
v -0.00293 0.09100 -0.02466
v -0.00293 0.09100 -0.02466
v -0.00293 0.09100 -0.02466
v -0.00293 0.09100 -0.02466
v -0.00293 0.09100 -0.02466
v 0.02167 0.11806 -0.00417
v 0.02167 0.11806 -0.00417
v 0.02167 0.11806 -0.00417
v 0.02167 0.11806 -0.00417
v 0.02167 0.11806 -0.00417
v 0.00019 0.10669 0.02599
v 0.00019 0.10669 0.02599
v 0.00019 0.10669 0.02599
v 0.00019 0.10669 0.02599
v 0.00019 0.10669 0.02599
v -0.02348 0.13480 0.01490
v -0.02348 0.13480 0.01490
v -0.02348 0.13480 0.01490
v -0.02348 0.13480 0.01490
v 0.00403 0.09518 -0.00559
v 0.00403 0.09518 -0.00559
v 0.00403 0.09518 -0.00559
v 0.00416 0.11419 -0.04339
v 0.00416 0.11419 -0.04339
v 0.00416 0.11419 -0.04339
v 0.00416 0.11419 -0.04339
v -0.01266 0.11195 -0.00618
v -0.01266 0.11195 -0.00618
v -0.01266 0.11195 -0.00618
v 0.01301 0.12117 0.03166
v 0.01301 0.12117 0.03166
v 0.01301 0.12117 0.03166
v -0.00703 0.10397 -0.03539
v -0.00703 0.10397 -0.03539
v -0.00703 0.10397 -0.03539
v -0.01345 0.13507 0.00328
v -0.01345 0.13507 0.00328
v -0.01345 0.13507 0.00328
v 0.00877 0.11743 0.04339
v 0.00877 0.11743 0.04339
v 0.00877 0.11743 0.04339
v 0.00877 0.11743 0.04339
v 0.00877 0.11743 0.04339
v 0.01025 0.10850 0.00859
v 0.01025 0.10850 0.00859
v 0.01025 0.10850 0.00859
v 0.01025 0.10850 0.00859
v 0.01199 0.10844 -0.00487
v 0.01199 0.10844 -0.00487
v 0.01199 0.10844 -0.00487
v 0.01199 0.10844 -0.00487
v 0.00330 0.12043 0.05376
v 0.00330 0.12043 0.05376
v 0.00330 0.12043 0.05376
v -0.00047 0.11558 0.03596
v -0.00047 0.11558 0.03596
v -0.00047 0.11558 0.03596
v -0.02211 0.12989 0.00150
v -0.02211 0.12989 0.00150
v 0.01139 0.11170 -0.02093
v 0.01139 0.11170 -0.02093
v 0.01139 0.11170 -0.02093
v 0.01139 0.11170 -0.02093
v 0.00225 0.10950 -0.06006
v 0.00225 0.10950 -0.06006
v -0.01697 0.12180 0.01431
v -0.01697 0.12180 0.01431
v -0.01697 0.12180 0.01431
v -0.01697 0.12180 0.01431
v 0.01693 0.11009 0.00555
v 0.01693 0.11009 0.00555
v 0.01693 0.11009 0.00555
v 0.00053 0.12209 -0.05528
v 0.00053 0.12209 -0.05528
v 0.00053 0.12209 -0.05528
v 0.00053 0.12209 -0.05528
v 0.00053 0.12209 -0.05528
v 0.00809 0.11602 -0.04675
v 0.00809 0.11602 -0.04675
v 0.00809 0.11602 -0.04675
v 0.00809 0.11602 -0.04675
v -0.00599 0.12231 -0.05359
v -0.00599 0.12231 -0.05359
v -0.00599 0.12231 -0.05359
v -0.00599 0.12231 -0.05359
v -0.00599 0.12231 -0.05359
v 0.01719 0.11912 -0.00267
v 0.01719 0.11912 -0.00267
v 0.01719 0.11912 -0.00267
v 0.01719 0.11912 -0.00267
v 0.01719 0.11912 -0.00267
v -0.01417 0.11832 0.00735
v -0.01417 0.11832 0.00735
v -0.01417 0.11832 0.00735
v -0.01417 0.11832 0.00735
v -0.01417 0.11832 0.00735
v -0.00331 0.13443 -0.05537
v -0.00331 0.13443 -0.05537
v -0.00331 0.13443 -0.05537
v -0.00628 0.11969 -0.04810
v -0.00628 0.11969 -0.04810
v -0.00628 0.11969 -0.04810
v 0.00723 0.11336 -0.02172
v 0.00723 0.11336 -0.02172
v 0.00723 0.11336 -0.02172
v -0.02267 0.12993 -0.04358
v -0.02267 0.12993 -0.04358
v -0.02267 0.12993 -0.04358
v -0.02267 0.12993 -0.04358
v 0.00333 0.11956 -0.08524
v 0.00333 0.11956 -0.08524
v 0.00333 0.11956 -0.08524
v 0.00022 0.12885 -0.09037
v 0.00022 0.12885 -0.09037
v 0.00022 0.12885 -0.09037
v 0.02966 0.10716 -0.07983
v 0.02966 0.10716 -0.07983
v 0.02966 0.10716 -0.07983
v 0.02966 0.10716 -0.07983
v 0.02966 0.10716 -0.07983
v 0.03311 0.10718 -0.08199
v 0.03311 0.10718 -0.08199
v 0.03311 0.10718 -0.08199
v 0.00978 0.11658 -0.01966
v 0.00978 0.11658 -0.01966
v 0.00978 0.11658 -0.01966
v 0.00978 0.11658 -0.01966
v 0.00978 0.11658 -0.01966
v 0.03294 0.12481 -0.07303
v 0.03294 0.12481 -0.07303
v 0.03294 0.12481 -0.07303
v 0.03294 0.12481 -0.07303
v 0.00772 0.13830 0.04845
v 0.00772 0.13830 0.04845
v 0.00772 0.13830 0.04845
v 0.00772 0.13830 0.04845
v -0.02384 0.12000 -0.04000
v -0.02384 0.12000 -0.04000
v -0.02384 0.12000 -0.04000
v -0.02384 0.12000 -0.04000
v 0.02854 0.11223 -0.09735
v 0.02854 0.11223 -0.09735
v 0.02854 0.11223 -0.09735
v 0.02854 0.11223 -0.09735
v 0.03185 0.11738 -0.09883
v 0.03185 0.11738 -0.09883
v 0.03185 0.11738 -0.09883
v 0.03926 0.12053 -0.06097
v 0.03926 0.12053 -0.06097
v 0.03926 0.12053 -0.06097
v 0.03926 0.12053 -0.06097
v 0.03926 0.12053 -0.06097
v 0.01973 0.12039 -0.04695
v 0.01973 0.12039 -0.04695
v 0.01973 0.12039 -0.04695
v 0.00141 0.13540 -0.05899
v 0.00141 0.13540 -0.05899
v 0.00141 0.13540 -0.05899
v 0.02667 0.12112 -0.06992
v 0.02667 0.12112 -0.06992
v 0.02667 0.12112 -0.06992
v 0.02667 0.12112 -0.06992
v 0.01780 0.12072 0.02026
v 0.01780 0.12072 0.02026
v 0.01780 0.12072 0.02026
v 0.01780 0.12072 0.02026
v 0.01743 0.12067 -0.02259
v 0.01743 0.12067 -0.02259
v 0.01743 0.12067 -0.02259
v 0.02247 0.13667 0.00630
v 0.02247 0.13667 0.00630
v 0.02247 0.13667 0.00630
v 0.02247 0.13667 0.00630
v 0.02247 0.13667 0.00630
v 0.02247 0.13667 0.00630
v -0.01700 0.14705 -0.00542
v -0.01700 0.14705 -0.00542
v 0.00439 0.14449 0.05841
v 0.00439 0.14449 0.05841
v 0.00439 0.14449 0.05841
v 0.00439 0.14449 0.05841
v 0.00922 0.13041 -0.02832
v 0.00922 0.13041 -0.02832
v 0.00922 0.13041 -0.02832
v 0.00922 0.13041 -0.02832
v 0.00628 0.12586 -0.08672
v -0.00420 0.13950 -0.06878
v -0.00420 0.13950 -0.06878
v -0.00420 0.13950 -0.06878
v -0.00420 0.13950 -0.06878
v -0.00420 0.13950 -0.06878
v -0.00420 0.13950 -0.06878
v -0.00420 0.13950 -0.06878
v -0.02037 0.14413 0.00589
v -0.02037 0.14413 0.00589
v -0.02037 0.14413 0.00589
v -0.02037 0.14413 0.00589
v -0.00137 0.13909 0.05191
v -0.00137 0.13909 0.05191
v -0.00137 0.13909 0.05191
v -0.01293 0.12701 0.03154
v -0.01293 0.12701 0.03154
v -0.01293 0.12701 0.03154
v -0.01293 0.12701 0.03154
v -0.01293 0.12701 0.03154
v -0.01546 0.14171 -0.01506
v -0.01546 0.14171 -0.01506
v -0.01546 0.14171 -0.01506
v -0.01546 0.14171 -0.01506
v -0.01546 0.14171 -0.01506
v -0.00395 0.14054 -0.08530
v -0.00395 0.14054 -0.08530
v -0.00395 0.14054 -0.08530
v -0.00395 0.14054 -0.08530
v 0.02475 0.12873 -0.10344
v 0.02475 0.12873 -0.10344
v 0.02475 0.12873 -0.10344
v 0.02475 0.12873 -0.10344
v -0.01228 0.14732 -0.00139
v -0.01228 0.14732 -0.00139
v -0.01228 0.14732 -0.00139
v 0.01119 0.12512 -0.02949
v 0.01119 0.12512 -0.02949
v 0.01119 0.12512 -0.02949
v 0.02907 0.13251 -0.00910
v 0.02907 0.13251 -0.00910
v 0.02907 0.13251 -0.00910
v 0.02442 0.14031 -0.02534
v 0.02442 0.14031 -0.02534
v 0.02442 0.14031 -0.02534
v 0.00322 0.12787 -0.05615
v 0.00322 0.12787 -0.05615
v 0.00322 0.12787 -0.05615
v 0.02704 0.13610 0.00706
v 0.02704 0.13610 0.00706
v 0.02704 0.13610 0.00706
v 0.02704 0.13610 0.00706
v 0.02704 0.13610 0.00706
v 0.01451 0.12918 -0.06906
v 0.01451 0.12918 -0.06906
v 0.01451 0.12918 -0.06906
v 0.03231 0.12312 -0.05669
v 0.03231 0.12312 -0.05669
v 0.03231 0.12312 -0.05669
v 0.03231 0.12312 -0.05669
v -0.00950 0.14412 0.01108
v -0.00950 0.14412 0.01108
v -0.00950 0.14412 0.01108
v 0.01645 0.13346 -0.08352
v 0.01964 0.13634 0.04561
v 0.01964 0.13634 0.04561
v 0.01964 0.13634 0.04561
v 0.01964 0.13634 0.04561
v 0.02170 0.13089 -0.01071
v 0.02170 0.13089 -0.01071
v 0.02444 0.13761 -0.09268
v 0.02444 0.13761 -0.09268
v 0.02444 0.13761 -0.09268
v 0.02444 0.13761 -0.09268
v -0.00070 0.13630 0.04620
v -0.00070 0.13630 0.04620
v -0.00070 0.13630 0.04620
v 0.00309 0.15210 0.05364
v 0.00309 0.15210 0.05364
v 0.00309 0.15210 0.05364
v 0.00576 0.13929 0.09206
v 0.00576 0.13929 0.09206
v -0.02509 0.13095 -0.04760
v -0.02509 0.13095 -0.04760
v -0.02509 0.13095 -0.04760
v -0.02509 0.13095 -0.04760
v -0.01598 0.13319 0.02941
v -0.01598 0.13319 0.02941
v -0.01598 0.13319 0.02941
v 0.01799 0.13879 -0.03035
v 0.01799 0.13879 -0.03035
v 0.01799 0.13879 -0.03035
v 0.01799 0.13879 -0.03035
v 0.02565 0.13681 0.01783
v 0.02565 0.13681 0.01783
v 0.02565 0.13681 0.01783
v 0.02565 0.13681 0.01783
v -0.02130 0.14425 -0.05338
v -0.02130 0.14425 -0.05338
v -0.00561 0.13701 -0.06170
v -0.00561 0.13701 -0.06170
v -0.00561 0.13701 -0.06170
v 0.02367 0.13334 -0.07114
v 0.00149 0.16238 0.07256
v 0.00149 0.16238 0.07256
v 0.00149 0.16238 0.07256
v 0.00149 0.16238 0.07256
v 0.00149 0.16238 0.07256
v 0.01860 0.12506 -0.11924
v 0.01860 0.12506 -0.11924
v 0.01860 0.12506 -0.11924
v 0.01870 0.12758 -0.10516
v 0.01870 0.12758 -0.10516
v 0.01870 0.12758 -0.10516
v 0.01870 0.12758 -0.10516
v 0.01870 0.12758 -0.10516
v 0.01870 0.12758 -0.10516
v -0.02482 0.14594 -0.06442
v -0.02482 0.14594 -0.06442
v -0.02482 0.14594 -0.06442
v -0.02482 0.14594 -0.06442
v -0.00027 0.14072 -0.07005
v -0.00027 0.14072 -0.07005
v -0.00027 0.14072 -0.07005
v -0.00027 0.14072 -0.07005
v 0.01409 0.13738 -0.13072
v 0.01409 0.13738 -0.13072
v 0.01409 0.13738 -0.13072
v 0.01409 0.13738 -0.13072
v 0.00307 0.14061 -0.13233
v 0.00307 0.14061 -0.13233
v 0.00307 0.14061 -0.13233
v 0.00307 0.14061 -0.13233
v 0.00307 0.14061 -0.13233
v 0.00307 0.14061 -0.13233
v 0.02286 0.13953 -0.11008
v 0.02286 0.13953 -0.11008
v 0.02286 0.13953 -0.11008
v 0.01128 0.14416 -0.10891
v 0.01128 0.14416 -0.10891
v 0.01128 0.14416 -0.10891
v 0.01128 0.14416 -0.10891
v -0.02501 0.16520 0.00007
v -0.02501 0.16520 0.00007
v -0.02501 0.16520 0.00007
v 0.03772 0.13091 0.09592
v 0.03772 0.13091 0.09592
v 0.03772 0.13091 0.09592
v 0.03772 0.13091 0.09592
v 0.03772 0.13091 0.09592
v 0.03656 0.13334 0.10828
v 0.03656 0.13334 0.10828
v 0.03656 0.13334 0.10828
v 0.03692 0.12941 0.08356
v 0.03692 0.12941 0.08356
v 0.04416 0.13276 0.08137
v 0.04416 0.13276 0.08137
v 0.04416 0.13276 0.08137
v 0.04416 0.13276 0.08137
v 0.03240 0.13180 0.10544
v 0.03240 0.13180 0.10544
v 0.03240 0.13180 0.10544
v -0.02077 0.15182 -0.00483
v -0.02077 0.15182 -0.00483
v -0.02077 0.15182 -0.00483
v -0.02077 0.15182 -0.00483
v -0.02077 0.15182 -0.00483
v 0.01667 0.14406 -0.08429
v 0.01992 0.14059 -0.02366
v 0.01992 0.14059 -0.02366
v 0.01992 0.14059 -0.02366
v 0.01992 0.14059 -0.02366
v 0.01992 0.14059 -0.02366
v 0.03721 0.14248 0.06788
v 0.03721 0.14248 0.06788
v 0.03721 0.14248 0.06788
v -0.02859 0.14900 0.04656
v -0.02859 0.14900 0.04656
v -0.02859 0.14900 0.04656
v -0.02859 0.14900 0.04656
v -0.02859 0.14900 0.04656
v 0.00037 0.14014 -0.08786
v 0.00037 0.14014 -0.08786
v 0.00037 0.14014 -0.08786
v 0.00037 0.14014 -0.08786
v -0.00067 0.15446 0.09442
v -0.00067 0.15446 0.09442
v -0.02106 0.15287 -0.06905
v -0.02106 0.15287 -0.06905
v 0.04114 0.14346 0.07826
v 0.04114 0.14346 0.07826
v 0.04114 0.14346 0.07826
v 0.04114 0.14346 0.07826
v -0.03192 0.14448 0.04147
v -0.03192 0.14448 0.04147
v -0.03192 0.14448 0.04147
v 0.03898 0.14878 0.08882
v 0.03898 0.14878 0.08882
v 0.03898 0.14878 0.08882
v 0.03898 0.14878 0.08882
v -0.01346 0.15139 0.01218
v -0.01346 0.15139 0.01218
v -0.01942 0.14344 -0.01396
v -0.01942 0.14344 -0.01396
v -0.01942 0.14344 -0.01396
v -0.03410 0.13997 -0.04536
v -0.03410 0.13997 -0.04536
v -0.03410 0.13997 -0.04536
v 0.04473 0.13873 0.06958
v 0.04473 0.13873 0.06958
v 0.04473 0.13873 0.06958
v 0.04473 0.13873 0.06958
v -0.01794 0.16245 0.00279
v -0.01794 0.16245 0.00279
v -0.01794 0.16245 0.00279
v -0.01794 0.16245 0.00279
v 0.02486 0.14207 0.11717
v 0.02486 0.14207 0.11717
v 0.02486 0.14207 0.11717
v 0.02486 0.14207 0.11717
v 0.02486 0.14207 0.11717
v 0.04415 0.14445 0.06714
v 0.04415 0.14445 0.06714
v 0.04415 0.14445 0.06714
v 0.04415 0.14445 0.06714
v 0.02660 0.14637 0.00464
v 0.02660 0.14637 0.00464
v 0.02660 0.14637 0.00464
v -0.04228 0.14664 -0.05379
v -0.04228 0.14664 -0.05379
v -0.04228 0.14664 -0.05379
v -0.04228 0.14664 -0.05379
v -0.04228 0.14664 -0.05379
v -0.01794 0.15373 -0.06283
v 0.02638 0.15191 0.11905
v 0.02638 0.15191 0.11905
v 0.02638 0.15191 0.11905
v 0.02638 0.15191 0.11905
v 0.02638 0.15191 0.11905
v 0.02472 0.15058 0.10039
v -0.02965 0.14978 0.04064
v -0.02965 0.14978 0.04064
v -0.02965 0.14978 0.04064
v -0.02965 0.14978 0.04064
v 0.03277 0.15450 -0.00395
v 0.03277 0.15450 -0.00395
v 0.03277 0.15450 -0.00395
v 0.03277 0.15450 -0.00395
v 0.02847 0.14273 0.05350
v 0.02847 0.14273 0.05350
v 0.02847 0.14273 0.05350
v 0.00015 0.15304 -0.08178
v 0.00015 0.15304 -0.08178
v 0.00015 0.15304 -0.08178
v 0.00015 0.15304 -0.08178
v 0.00015 0.15304 -0.08178
v 0.00015 0.15304 -0.08178
v 0.01477 0.15148 -0.09996
v 0.01477 0.15148 -0.09996
v -0.03144 0.15489 0.02838
v -0.03144 0.15489 0.02838
v -0.03144 0.15489 0.02838
v 0.03171 0.15117 -0.01877
v 0.03171 0.15117 -0.01877
v 0.03171 0.15117 -0.01877
v 0.03171 0.15117 -0.01877
v 0.03171 0.15117 -0.01877
v -0.02217 0.15828 0.04507
v -0.02217 0.15828 0.04507
v -0.03365 0.15732 0.02489
v -0.03365 0.15732 0.02489
v 0.02458 0.14992 -0.02212
v 0.02458 0.14992 -0.02212
v 0.02458 0.14992 -0.02212
v 0.02797 0.15394 -0.00733
v 0.02797 0.15394 -0.00733
v 0.02797 0.15394 -0.00733
v 0.02797 0.15394 -0.00733
v 0.03360 0.15277 0.10639
v 0.03360 0.15277 0.10639
v 0.03360 0.15277 0.10639
v 0.03360 0.15277 0.10639
v 0.03360 0.15277 0.10639
v 0.00479 0.15033 0.09586
v 0.00479 0.15033 0.09586
v 0.00479 0.15033 0.09586
v 0.02162 0.15443 0.08538
v 0.02162 0.15443 0.08538
v 0.02162 0.15443 0.08538
v 0.02162 0.15443 0.08538
v 0.02162 0.15443 0.08538
v -0.02223 0.15707 0.05473
v -0.02223 0.15707 0.05473
v 0.02274 0.15218 0.11896
v 0.02274 0.15218 0.11896
v 0.02274 0.15218 0.11896
v 0.02274 0.15218 0.11896
v 0.02274 0.15218 0.11896
v -0.01938 0.16635 0.05545
v -0.02170 0.14638 -0.02650
v -0.02170 0.14638 -0.02650
v -0.02170 0.14638 -0.02650
v 0.02862 0.15648 0.08768
v 0.02862 0.15648 0.08768
v 0.02862 0.15648 0.08768
v 0.00431 0.16148 0.06782
v 0.00431 0.16148 0.06782
v -0.01121 0.16964 0.00361
v -0.01121 0.16964 0.00361
v -0.01027 0.15990 0.01329
v -0.01027 0.15990 0.01329
v -0.01783 0.15447 -0.01407
v -0.02977 0.16899 -0.08844
v -0.02977 0.16899 -0.08844
v -0.02977 0.16899 -0.08844
v -0.02977 0.16899 -0.08844
v 0.00168 0.15112 -0.13113
v 0.00168 0.15112 -0.13113
v 0.00168 0.15112 -0.13113
v -0.01274 0.14488 -0.13444
v -0.01274 0.14488 -0.13444
v -0.01274 0.14488 -0.13444
v -0.01274 0.14488 -0.13444
v -0.00222 0.14764 -0.12736
v -0.00222 0.14764 -0.12736
v -0.00222 0.14764 -0.12736
v -0.00222 0.14764 -0.12736
v -0.00222 0.14764 -0.12736
v -0.00222 0.14764 -0.12736
v -0.00225 0.15041 -0.13028
v -0.00225 0.15041 -0.13028
v -0.00225 0.15041 -0.13028
v -0.00225 0.15041 -0.13028
v 0.01431 0.15104 0.07003
v 0.01431 0.15104 0.07003
v 0.01431 0.15104 0.07003
v -0.00192 0.15740 0.06078
v -0.00192 0.15740 0.06078
v -0.00192 0.15740 0.06078
v -0.00192 0.15740 0.06078
v -0.03804 0.15236 -0.06078
v -0.03804 0.15236 -0.06078
v -0.03804 0.15236 -0.06078
v -0.03804 0.15236 -0.06078
v -0.03804 0.15236 -0.06078
v -0.00536 0.15268 -0.08458
v -0.00536 0.15268 -0.08458
v -0.00536 0.15268 -0.08458
v -0.00123 0.15485 -0.09742
v -0.00123 0.15485 -0.09742
v -0.00123 0.15485 -0.09742
v -0.00123 0.15485 -0.09742
v -0.00123 0.15485 -0.09742
v -0.00123 0.15485 -0.09742
v -0.00200 0.15550 0.06222
v -0.00200 0.15550 0.06222
v -0.00200 0.15550 0.06222
v -0.00731 0.15360 0.01931
v -0.00731 0.15360 0.01931
v -0.00731 0.15360 0.01931
v -0.00731 0.15360 0.01931
v -0.02959 0.16177 -0.02484
v -0.01305 0.15115 -0.12393
v -0.01305 0.15115 -0.12393
v 0.02492 0.15692 0.07566
v -0.00345 0.14865 -0.07227
v -0.00345 0.14865 -0.07227
v -0.00345 0.14865 -0.07227
v -0.00401 0.15112 -0.12390
v -0.00401 0.15112 -0.12390
v -0.00401 0.15112 -0.12390
v -0.03775 0.15303 -0.05610
v -0.03775 0.15303 -0.05610
v -0.03775 0.15303 -0.05610
v -0.03775 0.15303 -0.05610
v -0.02866 0.16264 -0.12708
v -0.02866 0.16264 -0.12708
v -0.02866 0.16264 -0.12708
v -0.02309 0.16760 0.01626
v -0.02309 0.16760 0.01626
v -0.02309 0.16760 0.01626
v -0.02816 0.16038 -0.03429
v -0.02816 0.16038 -0.03429
v -0.02816 0.16038 -0.03429
v -0.02759 0.16800 0.01090
v -0.02759 0.16800 0.01090
v -0.02759 0.16800 0.01090
v -0.02759 0.16800 0.01090
v -0.02759 0.16800 0.01090
v -0.02759 0.16800 0.01090
v -0.01686 0.16411 -0.12529
v -0.02364 0.16935 -0.02914
v -0.02364 0.16935 -0.02914
v -0.02364 0.16935 -0.02914
v -0.02364 0.16935 -0.02914
v 0.02267 0.16826 0.10258
v 0.02267 0.16826 0.10258
v 0.02267 0.16826 0.10258
v -0.00209 0.15578 -0.12334
v -0.00209 0.15578 -0.12334
v -0.00209 0.15578 -0.12334
v 0.01962 0.15339 0.13049
v 0.01962 0.15339 0.13049
v 0.01962 0.15339 0.13049
v 0.01418 0.15385 0.13123
v 0.01418 0.15385 0.13123
v 0.01418 0.15385 0.13123
v -0.02784 0.15939 -0.12217
v -0.02784 0.15939 -0.12217
v -0.02784 0.15939 -0.12217
v 0.00120 0.15711 -0.11772
v 0.00120 0.15711 -0.11772
v 0.00120 0.15711 -0.11772
v 0.00120 0.15711 -0.11772
v 0.02207 0.16722 0.08856
v 0.02207 0.16722 0.08856
v -0.01576 0.16319 0.02128
v -0.01576 0.16319 0.02128
v 0.00006 0.16326 0.08771
v 0.00006 0.16326 0.08771
v 0.00006 0.16326 0.08771
v -0.03104 0.17561 0.07535
v -0.03104 0.17561 0.07535
v -0.03104 0.17561 0.07535
v -0.04288 0.16698 0.05163
v -0.04288 0.16698 0.05163
v -0.04288 0.16698 0.05163
v 0.01319 0.17001 0.11287
v 0.01319 0.17001 0.11287
v -0.01722 0.16484 -0.07591
v -0.00215 0.15790 -0.10035
v -0.00215 0.15790 -0.10035
v -0.00215 0.15790 -0.10035
v -0.01661 0.17699 0.06655
v -0.01661 0.17699 0.06655
v -0.01661 0.17699 0.06655
v -0.03804 0.16636 -0.06451
v -0.03804 0.16636 -0.06451
v -0.03804 0.16636 -0.06451
v 0.02476 0.16500 0.11999
v 0.02476 0.16500 0.11999
v 0.02476 0.16500 0.11999
v -0.01104 0.15599 0.03350
v -0.01104 0.15599 0.03350
v -0.01104 0.15599 0.03350
v -0.04678 0.15954 -0.06361
v -0.04678 0.15954 -0.06361
v -0.04678 0.15954 -0.06361
v -0.04678 0.15954 -0.06361
v 0.01349 0.16546 0.13531
v 0.01349 0.16546 0.13531
v 0.01349 0.16546 0.13531
v 0.01349 0.16546 0.13531
v -0.01417 0.16959 -0.08761
v -0.01417 0.16959 -0.08761
v -0.01827 0.16430 -0.09046
v -0.01827 0.16430 -0.09046
v -0.01827 0.16430 -0.09046
v -0.01827 0.16430 -0.09046
v 0.00976 0.16314 0.13635
v 0.00976 0.16314 0.13635
v 0.00976 0.16314 0.13635
v 0.00976 0.16314 0.13635
v -0.04421 0.16727 0.05943
v -0.04421 0.16727 0.05943
v -0.04421 0.16727 0.05943
v -0.04421 0.16727 0.05943
v -0.01661 0.16578 0.04079
v -0.01661 0.16578 0.04079
v -0.01661 0.16578 0.04079
v -0.04276 0.17338 0.05797
v -0.04276 0.17338 0.05797
v -0.04276 0.17338 0.05797
v -0.04276 0.17338 0.05797
v -0.05079 0.17127 -0.07543
v -0.05079 0.17127 -0.07543
v -0.05079 0.17127 -0.07543
v -0.05079 0.17127 -0.07543
v -0.03695 0.17243 0.06872
v -0.03695 0.17243 0.06872
v -0.03695 0.17243 0.06872
v -0.03695 0.17243 0.06872
v -0.03695 0.17243 0.06872
v -0.02609 0.16424 -0.11466
v -0.02609 0.16424 -0.11466
v -0.02609 0.16424 -0.11466
v -0.02878 0.17060 0.02135
v -0.02878 0.17060 0.02135
v -0.02878 0.17060 0.02135
v -0.02878 0.17060 0.02135
v -0.02269 0.17117 0.01029
v -0.02269 0.17117 0.01029
v -0.02269 0.17117 0.01029
v -0.02571 0.17295 -0.02798
v -0.02571 0.17295 -0.02798
v -0.02571 0.17295 -0.02798
v -0.04668 0.17463 -0.09139
v -0.04668 0.17463 -0.09139
v -0.04668 0.17463 -0.09139
v -0.04668 0.17463 -0.09139
v -0.04668 0.17463 -0.09139
v -0.02413 0.16733 -0.11714
v -0.02413 0.16733 -0.11714
v -0.02413 0.16733 -0.11714
v -0.02413 0.16733 -0.11714
v 0.00363 0.17866 0.10158
v 0.00363 0.17866 0.10158
v 0.00363 0.17866 0.10158
v 0.00111 0.17886 0.12560
v 0.00111 0.17886 0.12560
v -0.00193 0.17351 0.07688
v -0.00193 0.17351 0.07688
v -0.00193 0.17351 0.07688
v -0.00193 0.17351 0.07688
v -0.02595 0.17647 -0.10443
v -0.02595 0.17647 -0.10443
v -0.02595 0.17647 -0.10443
v -0.00220 0.17714 0.14606
v -0.00220 0.17714 0.14606
v -0.00220 0.17714 0.14606
v -0.00220 0.17714 0.14606
v -0.00549 0.17616 0.14175
v -0.00549 0.17616 0.14175
v -0.00549 0.17616 0.14175
v -0.00349 0.17852 0.09032
v -0.00349 0.17852 0.09032
v -0.00349 0.17852 0.09032
v -0.00349 0.17852 0.09032
v -0.00349 0.17852 0.09032
v -0.01948 0.19184 -0.01621
v -0.02974 0.17583 -0.08532
v -0.02974 0.17583 -0.08532
v -0.02974 0.17583 -0.08532
v -0.02974 0.17583 -0.08532
v -0.03609 0.16638 -0.11586
v -0.03609 0.16638 -0.11586
v -0.03609 0.16638 -0.11586
v -0.03609 0.16638 -0.11586
v 0.01166 0.17453 0.13726
v 0.01166 0.17453 0.13726
v 0.01166 0.17453 0.13726
v 0.01166 0.17453 0.13726
v -0.02886 0.17446 0.06353
v -0.02886 0.17446 0.06353
v -0.02886 0.17446 0.06353
v -0.01093 0.17276 0.03965
v -0.01093 0.17276 0.03965
v -0.01093 0.17276 0.03965
v -0.04294 0.17593 -0.11010
v -0.04294 0.17593 -0.11010
v -0.04294 0.17593 -0.11010
v -0.04294 0.17593 -0.11010
v -0.04294 0.17593 -0.11010
v -0.04294 0.17593 -0.11010
v -0.03426 0.17104 -0.11708
v -0.03426 0.17104 -0.11708
v -0.03426 0.17104 -0.11708
v 0.01191 0.18335 0.10537
v 0.01191 0.18335 0.10537
v 0.01191 0.18335 0.10537
v 0.01191 0.18335 0.10537
v 0.01191 0.18335 0.10537
v -0.04068 0.17831 -0.08587
v -0.04068 0.17831 -0.08587
v -0.04068 0.17831 -0.08587
v -0.04068 0.17831 -0.08587
v -0.01602 0.18377 -0.02974
v -0.00453 0.19341 -0.00015
v -0.00453 0.19341 -0.00015
v -0.00453 0.19341 -0.00015
v -0.00287 0.18144 0.03810
v -0.00287 0.18144 0.03810
v -0.01660 0.18166 0.08514
v -0.01660 0.18166 0.08514
v -0.00717 0.18377 0.09191
v -0.00717 0.18377 0.09191
v -0.01039 0.19028 0.02948
v -0.01039 0.19028 0.02948
v -0.00962 0.17623 0.04792
v -0.00962 0.17623 0.04792
v -0.00962 0.17623 0.04792
v -0.00125 0.20009 0.02328
v -0.00125 0.20009 0.02328
v -0.00003 0.18507 0.13633
v -0.00003 0.18507 0.13633
v -0.00003 0.18507 0.13633
v -0.00003 0.18507 0.13633
v -0.02570 0.18211 -0.04139
v -0.02570 0.18211 -0.04139
v -0.02570 0.18211 -0.04139
v -0.04742 0.18157 0.07579
v -0.04742 0.18157 0.07579
v -0.04742 0.18157 0.07579
v -0.04742 0.18157 0.07579
v -0.02000 0.19236 0.08634
v -0.02992 0.18609 -0.03830
v -0.02992 0.18609 -0.03830
v -0.02027 0.18030 0.13088
v -0.02027 0.18030 0.13088
v -0.02027 0.18030 0.13088
v -0.02968 0.18810 0.09191
v -0.02968 0.18810 0.09191
v -0.02186 0.18411 0.13340
v -0.02186 0.18411 0.13340
v -0.02186 0.18411 0.13340
v -0.02186 0.18411 0.13340
v -0.01570 0.18985 0.10858
v -0.01570 0.18985 0.10858
v -0.01570 0.18985 0.10858
v -0.01570 0.18985 0.10858
v -0.01570 0.18985 0.10858
v -0.04244 0.18942 0.09868
v -0.04244 0.18942 0.09868
v -0.04244 0.18942 0.09868
v -0.04244 0.18942 0.09868
v -0.01000 0.20172 0.05841
v -0.01000 0.20172 0.05841
v -0.01000 0.20172 0.05841
v -0.01299 0.20212 0.05742
v -0.01299 0.20212 0.05742
v -0.01299 0.20212 0.05742
v -0.01299 0.20212 0.05742
v -0.01299 0.20212 0.05742
v -0.00421 0.19388 0.05143
v -0.00421 0.19388 0.05143
v -0.00421 0.19388 0.05143
v -0.01690 0.18641 0.11380
v -0.01690 0.18641 0.11380
v -0.01690 0.18641 0.11380
v -0.01690 0.18641 0.11380
v -0.04388 0.19120 0.08233
v -0.04388 0.19120 0.08233
v -0.04388 0.19120 0.08233
v -0.02296 0.18885 0.11905
v -0.02296 0.18885 0.11905
v -0.02296 0.18885 0.11905
v -0.02296 0.18885 0.11905
v -0.02296 0.18885 0.11905
v -0.01883 0.18891 0.12953
v -0.01883 0.18891 0.12953
v -0.01883 0.18891 0.12953
v -0.05027 0.19155 0.09192
v -0.05027 0.19155 0.09192
v -0.05027 0.19155 0.09192
v -0.05027 0.19155 0.09192
v -0.00735 0.20593 0.00180
v -0.00735 0.20593 0.00180
v -0.02864 0.20086 -0.04353
v -0.02864 0.20086 -0.04353
v -0.02864 0.20086 -0.04353
v -0.02864 0.20086 -0.04353
v -0.02864 0.20086 -0.04353
v -0.03137 0.18506 0.12224
v -0.03137 0.18506 0.12224
v -0.04448 0.19017 0.10754
v -0.04448 0.19017 0.10754
v -0.04448 0.19017 0.10754
v -0.03748 0.19011 0.12168
v -0.03748 0.19011 0.12168
v -0.03748 0.19011 0.12168
v -0.03748 0.19011 0.12168
v -0.02919 0.20610 -0.03303
v -0.02919 0.20610 -0.03303
v -0.02113 0.20970 -0.03381
v -0.02113 0.20970 -0.03381
v -0.02113 0.20970 -0.03381
v -0.02113 0.20970 -0.03381
v -0.00837 0.20489 -0.01854
v -0.00837 0.20489 -0.01854
v -0.03217 0.19713 0.10523
v -0.03217 0.19713 0.10523
v -0.03217 0.19713 0.10523
v -0.04326 0.19443 0.09870
v -0.04326 0.19443 0.09870
v -0.04326 0.19443 0.09870
v -0.04326 0.19443 0.09870
v -0.01257 0.20807 0.04363
v -0.01257 0.20807 0.04363
v -0.01257 0.20807 0.04363
v -0.01257 0.20807 0.04363
v -0.00584 0.21824 0.02655
v -0.00584 0.21824 0.02655
v -0.00584 0.21824 0.02655
v -0.00584 0.21824 0.02655
v -0.01167 0.21827 -0.01345
v -0.00379 0.21453 0.00336
v -0.00379 0.21453 0.00336
v -0.00881 0.21399 0.04584
v -0.00881 0.21399 0.04584
v -0.00881 0.21399 0.04584
v -0.00881 0.21399 0.04584
v -0.00881 0.21399 0.04584
v -0.01391 0.21838 -0.03408
v -0.01391 0.21838 -0.03408
v -0.02397 0.21157 -0.03153
v -0.02397 0.21157 -0.03153
v -0.02397 0.21157 -0.03153
v -0.02397 0.21157 -0.03153
v 0.00118 0.22049 0.04045
v 0.00118 0.22049 0.04045
v 0.00144 0.22313 0.02059
v -0.00644 0.21420 0.04726
v -0.00644 0.21420 0.04726
v -0.00644 0.21420 0.04726
v -0.00644 0.21420 0.04726
v -0.00347 0.23496 -0.01452
v -0.02191 0.22276 -0.03839
v -0.02191 0.22276 -0.03839
v -0.02191 0.22276 -0.03839
v -0.02191 0.22276 -0.03839
v -0.00881 0.23128 0.01291
v -0.00881 0.23128 0.01291
v -0.00506 0.22780 0.05154
v -0.00506 0.22780 0.05154
v -0.01383 0.24976 -0.01391
v -0.01383 0.24976 -0.01391
v -0.01383 0.24976 -0.01391
v 0.00087 0.24538 0.04038
v 0.00087 0.24538 0.04038
v 0.00087 0.24538 0.04038
v 0.00087 0.24538 0.04038
v -0.00517 0.25582 0.02520
v -0.00517 0.25582 0.02520
v -0.00517 0.25582 0.02520
v -0.00517 0.25582 0.02520
v -0.00213 0.24182 0.04761
v -0.00213 0.24182 0.04761
v -0.00213 0.24182 0.04761
v -0.00641 0.24977 0.03489
v -0.00641 0.24977 0.03489
v -0.00641 0.24977 0.03489
v -0.00641 0.24977 0.03489
v -0.00641 0.24977 0.03489
v -0.01478 0.24757 -0.02640
v -0.01478 0.24757 -0.02640
v -0.01478 0.24757 -0.02640
v -0.01666 0.26450 0.01691
v -0.01666 0.26450 0.01691
v -0.01666 0.26450 0.01691
v -0.01666 0.26450 0.01691
v -0.01666 0.26450 0.01691
v -0.00842 0.24900 -0.01476
v -0.00842 0.24900 -0.01476
v -0.00842 0.24900 -0.01476
v -0.00659 0.26257 0.00120
v -0.00659 0.26257 0.00120
v -0.00659 0.26257 0.00120
v -0.01460 0.25812 0.02903
v -0.01460 0.25812 0.02903
v -0.01237 0.25951 -0.01120
v -0.01237 0.25951 -0.01120
v -0.01237 0.25951 -0.01120
v -0.01237 0.25951 -0.01120
v -0.01103 0.26128 0.03020
v -0.01103 0.26128 0.03020
v -0.01103 0.26128 0.03020
v -0.01400 0.26968 0.00702
v -0.01400 0.26968 0.00702
v -0.01400 0.26968 0.00702
vt 0.28065 0.94947
vt 0.34010 0.80257
vt 0.72888 0.93041
vt 0.25896 0.95508
vt 0.34287 0.82227
vt 0.83367 0.87920
vt 0.89554 0.61750
vt 0.23889 0.93298
vt 0.26498 0.97759
vt 0.87558 0.61110
vt 0.21563 0.93486
vt 0.29474 0.97128
vt 0.74966 0.93422
vt 0.80762 0.33664
vt 0.27729 0.78347
vt 0.74320 0.85988
vt 0.77389 0.87331
vt 0.78876 0.27527
vt 0.27070 0.81698
vt 0.87338 0.82729
vt 0.20499 0.85379
vt 0.83979 0.25402
vt 0.89358 0.09605
vt 0.25075 0.84344
vt 0.87055 0.52442
vt 0.89592 0.13056
vt 0.84474 0.81507
vt 0.93253 0.56161
vt 0.80373 0.78576
vt 0.90388 0.51963
vt 0.91666 0.17102
vt 0.78719 0.82462
vt 0.78770 0.22740
vt 0.07197 0.95760
vt 0.21648 0.79307
vt 0.59279 0.13520
vt 0.73434 0.81628
vt 0.22306 0.83340
vt 0.58243 0.11532
vt 0.87910 0.77029
vt 0.07946 0.91993
vt 0.76465 0.80416
vt 0.64948 0.74620
vt 0.83535 0.20226
vt 0.92963 0.09696
vt 0.84205 0.76520
vt 0.66563 0.71879
vt 0.77951 0.77307
vt 0.80344 0.18628
vt 0.00163 0.15605
vt 0.11667 0.50268
vt 0.15330 0.92353
vt 0.70646 0.04151
vt 0.83933 0.73195
vt 0.91964 0.25788
vt 0.11524 0.49325
vt 0.19534 0.28806
vt 0.69731 0.59576
vt 0.95523 0.13120
vt 0.00722 0.54386
vt 0.19534 0.30160
vt 0.36015 0.40654
vt 0.81164 0.73385
vt 0.90356 0.26148
vt 0.95993 0.15898
vt 0.04526 0.93862
vt 0.06073 0.43220
vt 0.25640 0.48658
vt 0.30557 0.42958
vt 0.41302 0.39588
vt 0.03802 0.90459
vt 0.30557 0.44125
vt 0.32715 0.22110
vt 0.38034 0.04181
vt 0.78131 0.78906
vt 0.78327 0.18045
vt 0.79336 0.78963
vt 0.04116 0.96164
vt 0.14879 0.89466
vt 0.39870 0.40883
vt 0.59279 0.10699
vt 0.87349 0.72934
vt 0.03872 0.53355
vt 0.10029 0.48948
vt 0.67231 0.75675
vt 0.67345 0.44934
vt 0.77767 0.75709
vt 0.96054 0.10766
vt 0.00163 0.18571
vt 0.14824 0.91295
vt 0.38736 0.42194
vt 0.59930 0.27860
vt 0.20134 0.29624
vt 0.20984 0.49623
vt 0.34850 0.41182
vt 0.44868 0.00199
vt 0.59141 0.60423
vt 0.70422 0.59512
vt 0.00594 0.17705
vt 0.00594 0.96719
vt 0.10060 0.50971
vt 0.58684 0.27201
vt 0.69775 0.69287
vt 0.37105 0.36707
vt 0.37560 0.38791
vt 0.58213 0.20679
vt 0.58352 0.23689
vt 0.00594 0.92826
vt 0.27782 0.47047
vt 0.55010 0.37197
vt 0.68535 0.69139
vt 0.75126 0.08914
vt 0.77256 0.16274
vt 0.03051 0.41339
vt 0.07648 0.40998
vt 0.11651 0.38636
vt 0.14888 0.37609
vt 0.26444 0.06689
vt 0.66821 0.84450
vt 0.69731 0.54852
vt 0.25223 0.43899
vt 0.39688 0.35089
vt 0.02104 0.37301
vt 0.02720 0.38565
vt 0.06208 0.37495
vt 0.10808 0.36311
vt 0.00994 0.92252
vt 0.07254 0.43666
vt 0.21491 0.52587
vt 0.22903 0.46661
vt 0.31279 0.43366
vt 0.32394 0.43468
vt 0.37179 0.04457
vt 0.41120 0.67369
vt 0.44196 0.00269
vt 0.06666 0.40328
vt 0.26174 0.43284
vt 0.26191 0.54001
vt 0.69615 0.24514
vt 0.20061 0.38052
vt 0.23565 0.46256
vt 0.26751 0.47394
vt 0.56649 0.37600
vt 0.95827 0.42309
vt 0.34022 0.26136
vt 0.37179 0.00263
vt 0.37814 0.65868
vt 0.20669 0.39974
vt 0.21680 0.49514
vt 0.56716 0.61734
vt 0.94873 0.42467
vt 0.26751 0.43635
vt 0.58516 0.32541
vt 0.74733 0.03629
vt 0.89196 0.75403
vt 0.95531 0.36214
vt 0.02819 0.89889
vt 0.22204 0.46814
vt 0.51444 0.92769
vt 0.57092 0.33779
vt 0.94082 0.39493
vt 0.00835 0.46275
vt 0.25943 0.77431
vt 0.35344 0.34175
vt 0.44207 0.06001
vt 0.02228 0.45123
vt 0.72362 0.14041
vt 0.90356 0.23029
vt 0.00339 0.91362
vt 0.42947 0.01889
vt 0.66351 0.63800
vt 0.67435 0.60382
vt 0.75388 0.15837
vt 0.44801 0.08231
vt 0.48282 0.60863
vt 0.00181 0.92898
vt 0.22749 0.51638
vt 0.27011 0.51072
vt 0.33427 0.40452
vt 0.55208 0.25466
vt 0.55587 0.08978
vt 0.69565 0.16298
vt 0.00655 0.87214
vt 0.75015 0.20856
vt 0.01041 0.86764
vt 0.49082 0.90698
vt 0.74518 0.18038
vt 0.94779 0.87678
vt 0.95253 0.95679
vt 0.68903 0.65656
vt 0.76191 0.16901
vt 0.20769 0.33470
vt 0.22350 0.38380
vt 0.24957 0.36717
vt 0.28197 0.65715
vt 0.52297 0.62032
vt 0.54070 0.95084
vt 0.75508 -0.00221
vt 0.76340 0.27263
vt 0.91265 0.70324
vt 0.92634 0.66723
vt 0.12592 0.01486
vt 0.29358 0.15106
vt 0.29765 0.56658
vt 0.42395 0.07710
vt 0.55749 0.80135
vt 0.62946 0.77846
vt 0.66392 0.35672
vt 0.66736 0.40892
vt 0.75108 0.43393
vt 0.51145 0.90763
vt 0.51728 0.87806
vt 0.57283 0.32004
vt 0.05459 0.51334
vt 0.23426 0.36353
vt 0.56683 0.24419
vt 0.57550 0.08921
vt 0.08116 0.43490
vt 0.16712 0.39181
vt 0.85832 0.04811
vt 0.35420 0.26308
vt 0.54152 0.13116
vt 0.69118 0.52575
vt 0.25513 0.63763
vt 0.47681 0.62435
vt 0.73426 0.04395
vt 0.16946 0.32277
vt 0.18673 0.37702
vt 0.29808 0.28803
vt 0.16635 0.79077
vt 0.26135 0.36754
vt 0.37331 0.26102
vt 0.57137 0.17237
vt 0.70513 0.28976
vt 0.19539 0.97885
vt 0.53634 0.04767
vt 0.73743 0.23327
vt 0.94334 0.83689
vt 0.50190 0.87770
vt 0.86491 0.93640
vt 0.88406 0.90792
vt 0.95764 0.92501
vt 0.11413 0.77506
vt 0.38505 0.55105
vt 0.70165 0.31670
vt 0.12592 0.00185
vt 0.29606 0.75829
vt 0.33635 0.57171
vt 0.04356 0.37082
vt 0.69164 0.37306
vt 0.32282 0.19908
vt 0.52582 0.94567
vt 0.57647 0.26477
vt 0.86716 0.70445
vt 0.33149 0.75761
vt 0.44341 0.14141
vt 0.30528 0.66741
vt 0.33105 0.35766
vt 0.65798 0.78439
vt 0.75251 0.48974
vt 0.53015 0.04903
vt 0.74350 0.24563
vt 0.93720 0.64374
vt 0.01281 0.35124
vt 0.33788 0.78329
vt 0.54766 0.92803
vt 0.72479 0.22653
vt 0.90734 0.96973
vt 0.34320 0.41059
vt 0.63700 0.91720
vt 0.71693 0.19512
vt 0.93219 0.97689
vt 0.26969 0.70128
vt 0.43513 0.63575
vt 0.52488 0.63463
vt 0.70839 0.58336
vt 0.73988 0.00289
vt 0.22710 0.97087
vt 0.87196 0.89953
vt 0.95382 0.82668
vt 0.95459 0.90367
vt 0.96679 0.31556
vt 0.19266 0.37006
vt 0.28959 0.67635
vt 0.31558 0.32731
vt 0.49668 0.49799
vt 0.92355 0.81565
vt 0.21801 0.28841
vt 0.25147 0.26627
vt 0.25312 0.13639
vt 0.20822 0.64583
vt 0.22760 0.32306
vt 0.29363 0.67937
vt 0.32000 0.19579
vt 0.52445 0.84880
vt 0.57161 0.26666
vt 0.14546 0.01480
vt 0.19905 0.59819
vt 0.29363 0.70570
vt 0.96196 0.41864
vt 0.35983 0.58613
vt 0.38496 0.73469
vt 0.44673 0.16640
vt 0.33172 0.60112
vt 0.41552 0.73833
vt 0.97687 0.74994
vt 0.18152 0.56067
vt 0.45997 0.96024
vt 0.65520 0.90442
vt 0.67463 0.63566
vt 0.91446 0.06364
vt 0.45065 0.96380
vt 0.66815 0.63711
vt 0.75171 0.71738
vt 0.32388 0.19474
vt 0.50116 0.95856
vt 0.51427 0.85444
vt 0.51954 0.93056
vt 0.89386 0.93652
vt 0.32337 0.44281
vt 0.33665 0.43773
vt 0.40095 0.98605
vt 0.79792 0.72214
vt 0.34891 0.05575
vt 0.66172 0.56862
vt 0.66848 0.50134
vt 0.68715 0.03016
vt 0.22298 0.60305
vt 0.53512 0.67593
vt 0.72316 0.01515
vt 0.96098 0.44276
vt 0.42496 0.45737
vt 0.66829 0.87479
vt 0.67118 0.65592
vt 0.74742 0.68582
vt 0.30902 0.21355
vt 0.42990 0.44433
vt 0.75846 0.67154
vt 0.16678 0.52856
vt 0.42204 0.97748
vt 0.45426 0.91895
vt 0.62271 0.97996
vt 0.79588 0.75520
vt 0.27140 0.48631
vt 0.33427 0.42937
vt 0.62294 0.92741
vt 0.07186 0.47990
vt 0.24076 0.27038
vt 0.34282 0.52053
vt 0.18571 0.53201
vt 0.60973 0.89025
vt 0.64764 0.97266
vt 0.88337 0.08369
vt 0.19405 0.94002
vt 0.26329 0.59675
vt 0.53334 0.03340
vt 0.71869 0.27629
vt 0.53410 0.91490
vt 0.53497 0.92220
vt 0.88604 0.68503
vt 0.18656 0.50109
vt 0.22800 0.94703
vt 0.28153 0.57321
vt 0.29427 0.16913
vt 0.87228 0.85316
vt 0.95258 0.29316
vt 0.13421 0.30973
vt 0.86170 0.02279
vt 0.12942 0.79669
vt 0.36497 0.19286
vt 0.80855 0.98720
vt 0.87124 0.12376
vt 0.49782 0.93097
vt 0.60663 0.23767
vt 0.93264 0.92437
vt 0.97012 0.70741
vt 0.40022 0.74377
vt 0.00503 0.28971
vt 0.01970 0.71667
vt 0.04927 0.88684
vt 0.29437 0.72154
vt 0.29561 0.42081
vt 0.70020 0.50763
vt 0.71682 0.36179
vt 0.21979 0.67212
vt 0.72251 0.44233
vt 0.73421 0.43460
vt 0.92942 0.78518
vt 0.22384 0.75933
vt 0.40615 0.58521
vt 0.69621 0.96867
vt 0.13817 0.00735
vt 0.21136 0.56252
vt 0.25705 0.71516
vt 0.29130 0.13873
vt 0.46995 0.07567
vt 0.08193 0.38192
vt 0.12038 0.33214
vt 0.12484 0.42093
vt 0.67018 0.80629
vt 0.85698 0.00249
vt 0.32108 0.62107
vt 0.71755 0.33370
vt 0.72273 0.50526
vt 0.97542 0.73098
vt 0.29555 0.21543
vt 0.42893 0.41363
vt 0.69769 0.19011
vt 0.77862 0.64404
vt 0.15174 0.30586
vt 0.27731 0.25459
vt 0.28910 0.28073
vt 0.50402 0.92824
vt 0.51987 0.89963
vt 0.97461 0.71478
vt 0.70897 0.69984
vt 0.77173 0.31542
vt 0.91816 0.67540
vt 0.54868 0.02142
vt 0.74446 0.72976
vt 0.89230 0.64908
vt 0.06957 0.48369
vt 0.31763 0.52396
vt 0.55814 0.03535
vt 0.19349 0.50351
vt 0.29106 0.16693
vt 0.57500 0.05794
vt 0.74118 0.31818
vt 0.91489 0.60777
vt 0.58106 0.88760
vt 0.67522 0.94645
vt 0.90734 0.93877
vt 0.29660 0.44887
vt 0.41101 0.95818
vt 0.62462 0.96372
vt 0.93796 0.93750
vt 0.18363 0.29940
vt 0.49197 0.44430
vt 0.53927 0.19600
vt 0.60201 0.85606
vt 0.34391 0.21884
vt 0.65890 0.01657
vt 0.70164 0.48229
vt 0.77306 0.97896
vt 0.89706 0.88664
vt 0.97446 0.29770
vt 0.29555 0.18946
vt 0.37726 0.44218
vt 0.40263 0.44774
vt 0.80466 0.65811
vt 0.40708 0.19911
vt 0.51861 0.78286
vt 0.68549 0.89736
vt 0.35723 0.06391
vt 0.39446 0.21880
vt 0.65460 0.57529
vt 0.04872 0.73637
vt 0.47530 0.52102
vt 0.15006 0.01486
vt 0.50262 0.67256
vt 0.85142 0.95871
vt 0.96636 0.41482
vt 0.29921 0.12935
vt 0.47559 0.05752
vt 0.52718 0.83584
vt 0.53281 0.88436
vt 0.62182 0.22578
vt 0.87638 0.63521
vt 0.97199 0.68696
vt 0.19363 0.48946
vt 0.27033 0.56486
vt 0.71561 0.30372
vt 0.92998 0.59733
vt 0.15778 0.59300
vt 0.30605 0.69109
vt 0.15393 0.64155
vt 0.22297 0.27941
vt 0.25751 0.13795
vt 0.33791 0.46399
vt 0.03464 0.79710
vt 0.37439 0.43828
vt 0.39668 0.98352
vt 0.48338 0.59078
vt 0.86921 0.05454
vt 0.69739 0.22225
vt 0.75930 0.60471
vt 0.80445 0.90253
vt 0.42132 0.41315
vt 0.64815 0.83306
vt 0.70522 0.19620
vt 0.79131 0.90014
vt 0.89508 0.00605
vt 0.94572 0.49798
vt 0.35011 0.70368
vt 0.45862 0.63495
vt 0.47839 0.01783
vt 0.87657 0.95504
vt 0.00934 0.29706
vt 0.40551 0.78511
vt 0.54660 0.86647
vt 0.71302 0.35246
vt 0.71399 0.82326
vt 0.77901 0.56078
vt 0.81055 0.53276
vt 0.82010 0.87861
vt 0.11281 0.36215
vt 0.68281 0.71819
vt 0.70684 0.79779
vt 0.81083 0.84054
vt 0.81690 0.86643
vt 0.93854 0.42774
vt 0.41897 0.44645
vt 0.79637 0.61854
vt 0.85663 0.52623
vt 0.33804 0.94871
vt 0.62109 0.80180
vt 0.69530 0.70127
vt 0.91969 0.47059
vt 0.03785 0.35168
vt 0.26840 0.17212
vt 0.88736 0.78386
vt 0.47358 0.70290
vt 0.52157 0.47679
vt 0.56109 0.62286
vt 0.92809 0.82755
vt 0.94777 0.07543
vt 0.26928 0.64331
vt 0.51832 0.44517
vt 0.95381 0.05249
vt 0.44993 0.72554
vt 0.52660 0.50690
vt 0.51718 0.51655
vt 0.55053 0.64955
vt 0.60306 0.00536
vt 0.97392 0.24197
vt 0.27337 0.64152
vt 0.49476 0.69026
vt 0.52486 0.44755
vt 0.26327 0.12903
vt 0.53772 0.41411
vt 0.64352 0.80777
vt 0.64598 0.37151
vt 0.89631 0.81081
vt 0.38518 0.47375
vt 0.54167 0.02846
vt 0.61410 0.21680
vt 0.88685 0.63564
vt 0.92838 0.89124
vt 0.93409 0.90039
vt 0.45438 0.76303
vt 0.78573 0.92055
vt 0.91980 0.40753
vt 0.19854 0.68554
vt 0.22484 0.15394
vt 0.22880 0.54338
vt 0.67626 0.86187
vt 0.94663 0.64676
vt 0.42779 0.74644
vt 0.42830 0.75997
vt 0.71197 0.33408
vt 0.98181 0.73477
vt 0.50348 0.54476
vt 0.77747 0.53820
vt 0.00395 0.66612
vt 0.36543 0.71926
vt 0.53640 0.63843
vt 0.59680 0.06457
vt 0.93732 0.78362
vt 0.98814 0.23213
vt 0.22484 0.16640
vt 0.22647 0.58052
vt 0.46505 0.01488
vt 0.03142 0.64628
vt 0.59897 0.08943
vt 0.92617 0.05961
vt 0.95481 0.79218
vt 0.49282 0.42561
vt 0.54674 0.17272
vt 0.13305 0.42181
vt 0.63240 0.33212
vt 0.66177 0.80163
vt 0.15006 0.00239
vt 0.17452 0.56431
vt 0.48172 0.68696
vt 0.43307 0.76740
vt 0.51959 0.53485
vt 0.59215 0.01134
vt 0.92070 0.43155
vt 0.52465 0.40579
vt 0.69863 0.41015
vt 0.89570 0.79374
vt 0.92329 0.77106
vt 0.26928 0.62378
vt 0.53149 0.68591
vt 0.74091 0.16792
vt 0.95607 0.01796
vt 0.98330 0.63073
vt 0.57723 0.00696
vt 0.59057 0.04794
vt 0.92609 0.41495
vt 0.97473 0.21866
vt 0.29565 0.15742
vt 0.58027 0.04581
vt 0.88905 0.83522
vt 0.09843 0.15005
vt 0.14783 0.54775
vt 0.44922 0.68391
vt 0.47236 0.00938
vt 0.85231 0.94358
vt 0.12286 0.60434
vt 0.15188 0.46816
vt 0.93272 0.73972
vt 0.94446 0.01611
vt 0.96576 0.07572
vt 0.97612 0.63448
vt 0.52464 0.73421
vt 0.22880 0.16581
vt 0.47419 0.01943
vt 0.47972 0.84682
vt 0.68042 0.86796
vt 0.57070 0.62972
vt 0.57390 0.02126
vt 0.68741 0.74103
vt 0.74837 0.34775
vt 0.63277 0.03302
vt 0.77408 0.95059
vt 0.90894 0.38659
vt 0.07128 0.65211
vt 0.09556 0.39892
vt 0.23804 0.18448
vt 0.39683 0.51935
vt 0.86016 0.44390
vt 0.86835 0.46534
vt 0.42849 0.47416
vt 0.86808 0.49303
vt 0.07104 0.97658
vt 0.65286 0.32118
vt 0.76113 0.39386
vt 0.34498 0.98192
vt 0.54332 0.00323
vt 0.57608 0.64338
vt 0.70757 0.74372
vt 0.72498 0.74339
vt 0.46595 0.82836
vt 0.69940 0.86369
vt 0.07663 0.97071
vt 0.65279 0.29593
vt 0.33742 0.98133
vt 0.54151 0.01592
vt 0.93575 0.86459
vt 0.34244 0.96650
vt 0.57154 0.64313
vt 0.58473 0.01928
vt 0.91918 0.83796
vt 0.02892 0.05688
vt 0.05200 0.64628
vt 0.58304 0.14434
vt 0.91318 0.72662
vt 0.92550 0.03050
vt 0.00798 0.75099
vt 0.49368 0.52596
vt 0.77295 0.54653
vt 0.35074 0.42223
vt 0.37061 0.94622
vt 0.52536 0.76759
vt 0.83141 0.30751
vt 0.84054 0.91971
vt 0.18098 0.70277
vt 0.71444 0.93706
vt 0.16118 0.45958
vt 0.19797 0.04097
vt 0.55761 0.70141
vt 0.73296 0.15064
vt 0.97848 0.60773
vt 0.44237 0.80954
vt 0.09105 0.32734
vt 0.12660 0.43616
vt 0.60167 0.33660
vt 0.01954 0.00857
vt 0.03228 0.61868
vt 0.60586 0.11297
vt 0.35323 0.12771
vt 0.68241 0.10243
vt 0.14838 0.24964
vt 0.27233 0.21059
vt 0.17710 0.26345
vt 0.29321 0.17779
vt 0.10052 0.30187
vt 0.02636 0.63973
vt 0.15215 0.81645
vt 0.28292 0.32194
vt 0.41593 0.72097
vt 0.11661 0.34727
vt 0.71050 0.79347
vt 0.78582 0.50066
vt 0.07094 0.69756
vt 0.10972 0.93275
vt 0.32000 0.94579
vt 0.75623 0.47141
vt 0.07027 0.71462
vt 0.31986 0.97378
vt 0.36399 0.97610
vt 0.69530 0.71908
vt 0.74502 0.95877
vt 0.79439 0.82680
vt 0.07692 0.71318
vt 0.11315 0.34038
vt 0.78112 0.48666
vt 0.80137 0.82115
vt 0.37182 0.97831
vt 0.82639 0.96004
vt 0.84760 0.08441
vt 0.40084 0.24984
vt 0.47031 0.76886
vt 0.48163 0.14896
vt 0.83246 0.00442
vt 0.10103 0.14322
vt 0.38530 0.68939
vt 0.47839 0.00304
vt 0.51820 0.58194
vt 0.89124 0.39425
vt 0.03481 0.84331
vt 0.04500 0.83833
vt 0.10611 0.80704
vt 0.00888 0.24456
vt 0.05183 0.81368
vt 0.08277 0.84745
vt 0.35664 0.92475
vt 0.56732 0.80120
vt 0.73013 0.93718
vt 0.17450 0.75667
vt 0.29890 0.93599
vt 0.45431 0.59896
vt 0.19693 0.27286
vt 0.46896 0.40684
vt 0.53799 0.17616
vt 0.57510 0.99393
vt 0.58727 0.37045
vt 0.10262 0.90762
vt 0.30791 0.95599
vt 0.62854 0.08784
vt 0.10134 0.64412
vt 0.24632 0.19995
vt 0.25022 0.09101
vt 0.08058 0.90617
vt 0.30709 0.97475
vt 0.74465 0.94791
vt 0.09815 0.14322
vt 0.12914 0.54874
vt 0.13656 0.55277
vt 0.51394 0.58387
vt 0.12926 0.92190
vt 0.76606 0.42353
vt 0.98736 0.67049
vt 0.22880 0.17659
vt 0.42313 0.37204
vt 0.72364 0.38187
vt 0.05369 0.29973
vt 0.45961 0.90025
vt 0.57630 0.36980
vt 0.02676 0.30698
vt 0.03580 0.27393
vt 0.22567 0.17680
vt 0.42750 0.37291
vt 0.68853 0.29534
vt 0.88526 0.76869
vt 0.77809 0.43850
vt 0.05402 0.26194
vt 0.06044 0.28499
vt 0.46056 0.87811
vt 0.90904 0.82392
vt 0.60395 0.16426
vt 0.93631 0.70725
vt 0.96125 0.02993
vt 0.47386 0.91830
vt 0.79750 0.47993
vt 0.80402 0.47254
vt 0.16089 0.42963
vt 0.19308 0.01842
vt 0.81444 0.72278
vt 0.20012 0.00835
vt 0.59079 0.68559
vt 0.82092 0.71776
vt 0.14006 0.90363
vt 0.83513 0.96956
vt 0.97848 0.67367
vt 0.07905 0.33767
vt 0.47493 0.88899
vt 0.81373 0.47613
vt 0.82896 0.47195
vt 0.04011 0.00851
vt 0.62480 0.13458
vt 0.48121 0.39077
vt 0.57418 0.98066
vt 0.00423 0.77155
vt 0.49851 0.57909
vt 0.77092 0.52019
vt 0.11341 0.68706
vt 0.36362 0.93205
vt 0.67780 0.93065
vt 0.69066 0.80864
vt 0.88404 0.49028
vt 0.95244 0.59894
vt 0.58734 0.73857
vt 0.74015 0.13646
vt 0.07258 0.60225
vt 0.08882 0.36097
vt 0.47127 0.87952
vt 0.84098 0.45340
vt 0.50149 0.11595
vt 0.51611 0.07067
vt 0.83179 0.07197
vt 0.09094 0.54829
vt 0.31011 0.70125
vt 0.71082 0.47558
vt 0.13176 0.44597
vt 0.88719 0.35266
vt 0.98056 0.05027
vt 0.21897 0.25140
vt 0.32815 0.20701
vt 0.54854 0.99282
vt 0.10849 0.53059
vt 0.51999 0.55339
vt 0.71759 0.47988
vt 0.88832 0.41692
vt 0.14333 0.39969
vt 0.72595 0.36981
vt 0.81455 0.69469
vt 0.91373 0.37279
vt 0.04567 0.61669
vt 0.85956 0.40530
vt 0.01237 0.82070
vt 0.12024 0.82039
vt 0.29650 0.34260
vt 0.84239 0.93437
vt 0.14529 0.39157
vt 0.61986 0.69445
vt 0.81870 0.69575
vt 0.84200 0.17411
vt 0.16835 0.65744
vt 0.71610 0.89219
vt 0.87885 0.48016
vt 0.94415 0.59509
vt 0.34158 0.18241
vt 0.44069 0.37490
vt 0.55616 0.97603
vt 0.05206 0.50068
vt 0.39781 0.84430
vt 0.70320 0.81520
vt 0.88669 0.47566
vt 0.22134 0.08853
vt 0.32685 0.70100
vt 0.71759 0.46161
vt 0.86410 0.38180
vt 0.05075 0.48486
vt 0.13197 0.66996
vt 0.48163 0.05470
vt 0.67884 0.90469
vt 0.88041 0.45274
vt 0.13745 0.87992
vt 0.84239 0.97016
vt 0.97590 0.65106
vt 0.07589 0.95087
vt 0.22567 0.17077
vt 0.67017 0.28056
vt 0.74356 0.37281
vt 0.42552 0.36295
vt 0.70333 0.38879
vt 0.89324 0.76845
vt 0.45291 0.87679
vt 0.57659 0.39716
vt 0.90327 0.81967
vt 0.18277 0.82410
vt 0.21779 0.06174
vt 0.44719 0.69884
vt 0.86698 0.34618
vt 0.87168 0.33122
vt 0.14473 0.88401
vt 0.41177 0.40468
vt 0.78984 0.40954
vt 0.98209 0.65260
vt 0.57078 0.77850
vt 0.59563 0.77331
vt 0.85805 0.26707
vt 0.62906 0.74131
vt 0.86523 0.20818
vt 0.35469 0.15505
vt 0.39478 0.30300
vt 0.68018 0.14225
vt 0.79076 0.05122
vt 0.00702 0.58104
vt 0.59131 0.06558
vt 0.81728 0.38613
vt 0.13592 0.36706
vt 0.24401 0.60043
vt 0.86024 0.16239
vt 0.95295 0.25814
vt 0.24841 0.57992
vt 0.65631 0.70281
vt 0.87776 0.16918
vt 0.28932 0.90904
vt 0.37439 0.40969
vt 0.53438 0.59787
vt 0.85816 0.30754
vt 0.87186 0.29830
vt 0.60314 0.45461
vt 0.02710 0.57863
vt 0.04667 0.57287
vt 0.27132 0.87400
vt 0.58493 0.05686
vt 0.08366 0.48887
vt 0.16534 0.88403
vt 0.41189 0.42544
vt 0.90238 0.28270
vt 0.12650 0.39087
vt 0.74077 0.35620
vt 0.86386 0.58091
vt 0.92463 0.27680
vt 0.05646 0.48486
vt 0.40191 0.81261
vt 0.48692 0.07436
vt 0.21435 0.23160
vt 0.33361 0.16863
vt 0.44355 0.35476
vt 0.09361 0.46917
vt 0.21293 0.01321
vt 0.28382 0.92985
vt 0.58493 0.08468
vt 0.78823 0.36579
vt 0.88219 0.29372
vt 0.09105 0.49211
vt 0.40419 0.42544
vt 0.77869 0.38768
vt 0.63567 0.20049
vt 0.72573 0.32506
vt 0.84030 0.54030
vt 0.89929 0.30324
vt 0.97616 0.01736
vt 0.03772 0.54475
vt 0.20323 0.06738
vt 0.26064 0.90995
vt 0.31011 0.68074
vt 0.05641 0.24206
vt 0.11972 0.18479
vt 0.13298 0.20464
vt 0.23787 0.14826
vt 0.21967 0.18922
vt 0.31194 0.14122
vt 0.09674 0.72305
vt 0.31617 0.91521
vt 0.68308 0.17238
vt 0.76285 0.09249
vt 0.45916 0.86239
vt 0.46201 0.31590
vt 0.33706 0.14590
vt 0.42517 0.34207
vt 0.47529 0.13367
vt 0.17694 0.15532
vt 0.82354 0.66360
vt 0.61546 0.26512
vt 0.86511 0.53829
vt 0.89447 0.47223
vt 0.92932 0.24136
vt 0.02619 0.24834
vt 0.91709 0.78456
vt 0.91816 0.79964
vt 0.10567 0.65137
vt 0.39181 0.92969
vt 0.45445 0.51676
vt 0.49022 0.01685
vt 0.78894 0.11967
vt 0.54266 0.42592
vt 0.90899 0.77712
vt 0.26148 0.55660
vt 0.91253 0.19080
vt 0.92391 0.36701
vt 0.07880 0.68685
vt 0.35329 0.89637
vt 0.25683 0.55466
vt 0.91884 0.37499
vt 0.95627 0.20509
vt 0.96800 0.62752
vt 0.57442 0.90573
vt 0.68522 0.23689
vt 0.74267 0.12448
vt 0.91222 0.44874
vt 0.95746 0.58118
vt 0.09229 0.66042
vt 0.31120 0.72796
vt 0.38255 0.87975
vt 0.47882 0.91390
vt 0.13534 0.49546
vt 0.33758 0.07935
vt 0.47887 0.07614
vt 0.14114 0.48587
vt 0.41410 0.28279
vt 0.43748 0.30336
vt 0.47960 0.08808
vt 0.93100 0.21202
vt 0.12435 0.47899
vt 0.22502 0.13317
vt 0.32335 0.10317
vt 0.31917 0.86566
vt 0.89483 0.21682
vt 0.89826 0.24395
vt 0.92013 0.34020
vt 0.46089 0.51098
vt 0.50694 0.00815
vt 0.83297 0.15375
vt 0.33169 0.83141
vt 0.53039 0.11611
vt 0.57440 0.94706
vt 0.91078 0.35312
vt 0.96937 0.59990
vt 0.91208 0.49415
vt 0.94725 0.20450
vt 0.95947 0.61810
vt 0.39969 0.89651
vt 0.45098 0.49564
vt 0.48766 0.93857
vt 0.82271 0.17186
vt 0.53426 0.29066
vt 0.64631 0.49637
vt 0.00846 0.21647
vt 0.52981 0.46179
vt 0.66708 0.55785
vt 0.89176 0.96352
vt 0.90464 0.75142
vt 0.35563 0.82272
vt 0.52432 0.12470
vt 0.30880 0.74395
vt 0.38540 0.84968
vt 0.44980 0.44201
vt 0.37856 0.83107
vt 0.44868 0.41836
vt 0.53007 0.12902
vt 0.60262 0.95767
vt 0.54862 0.47795
vt 0.65589 0.54826
vt 0.02153 0.18497
vt 0.64615 0.66425
vt 0.89535 0.94039
vt 0.93431 0.54388
vt 0.06492 0.17758
vt 0.96273 0.58091
vt 0.46899 0.43489
vt 0.60414 0.92581
vt 0.77167 0.15034
vt 0.30650 0.72757
vt 0.45830 0.46243
vt 0.48548 0.91510
vt 0.80131 0.17543
vt 0.02823 0.94846
vt 0.42299 0.87802
vt 0.45130 0.28267
vt 0.94044 0.19588
vt 0.01426 0.92925
vt 0.40114 0.00901
vt 0.46502 0.83723
vt 0.47995 0.24679
vt 0.60269 0.52114
vt 0.11339 0.13007
vt 0.12018 0.13100
vt 0.01194 0.95884
vt 0.13792 0.46290
vt 0.38303 0.02823
vt 0.43849 0.25080
vt 0.92905 0.18687
vt 0.02136 0.15439
vt 0.96070 0.54929
vt 0.55348 0.49414
vt 0.63947 0.66068
vt 0.66458 0.53446
vt 0.88985 0.94126
vt 0.19524 0.09338
vt 0.83128 0.60357
vt 0.15021 0.09807
vt 0.12810 0.46341
vt 0.21087 0.12095
vt 0.43409 0.24420
vt 0.85603 0.61355
vt 0.06146 0.10309
vt 0.00337 0.13499
vt 0.54203 0.51875
vt 0.64452 0.64477
vt 0.94750 0.51698
vt 0.52089 0.21315
vt 0.64913 0.56864
vt 0.42868 0.21119
vt 0.85134 0.57591
vt 0.32331 0.00416
vt 0.59050 0.59494
vt 0.96405 0.96279
vt 0.17096 0.03200
vt 0.31098 0.24131
vt 0.80757 0.57662
vt 0.98008 0.08674
vt 0.12529 0.02112
vt 0.76142 0.06060
vt 0.76576 0.02629
vt 0.96426 0.11440
vt 0.31400 0.26039
vt 0.44196 0.18158
vt 0.83419 0.55538
vt 0.31532 0.22707
vt 0.38303 0.00296
vt 0.47522 0.17058
vt 0.76742 0.07179
vt 0.96499 0.09338
vt 0.02159 0.07976
vt 0.31843 0.03176
vt 0.55492 0.57823
vt 0.52864 0.15106
vt 0.62498 0.64197
vt 0.64138 0.63871
vt 0.78335 0.00676
vt 0.79159 0.83679
vt 0.04186 0.06729
vt 0.32994 0.00739
vt 0.96828 0.96421
vt 0.07402 0.02308
vt 0.76142 0.00943
vt 0.85088 0.34882
vt 0.50179 0.14914
vt 0.79187 0.85421
vt 0.04112 0.04329
vt 0.59585 0.63404
vt 0.84405 0.37841
vt 0.96751 0.93820
vt 0.49325 0.14708
vt 0.77750 0.05301
vt 0.78672 0.86511
vt 0.61142 0.65073
vt 0.77545 0.00226
vt 0.84296 0.32721
vn 0.17510 -0.91431 0.36520
vn 0.17510 -0.91431 0.36520
vn 0.17510 -0.91431 0.36520
vn 0.47939 -0.84118 -0.25019
vn 0.47939 -0.84118 -0.25019
vn 0.47939 -0.84118 -0.25019
vn 0.47939 -0.84118 -0.25019
vn -0.41619 -0.70078 -0.57939
vn -0.41619 -0.70078 -0.57939
vn -0.41619 -0.70078 -0.57939
vn -0.58031 -0.79061 0.19540
vn -0.58031 -0.79061 0.19540
vn -0.58031 -0.79061 0.19540
vn -0.58031 -0.79061 0.19540
vn 0.06860 -0.33670 0.93911
vn 0.06860 -0.33670 0.93911
vn -0.67861 -0.34430 0.64881
vn -0.67861 -0.34430 0.64881
vn 0.78931 -0.42081 0.44711
vn 0.78931 -0.42081 0.44711
vn -0.96231 -0.25220 -0.10170
vn -0.96231 -0.25220 -0.10170
vn -0.96231 -0.25220 -0.10170
vn -0.55707 -0.01330 -0.83036
vn -0.55707 -0.01330 -0.83036
vn -0.55707 -0.01330 -0.83036
vn 0.89004 -0.28261 -0.35772
vn 0.89004 -0.28261 -0.35772
vn 0.33579 -0.07970 -0.93856
vn 0.33579 -0.07970 -0.93856
vn 0.33579 -0.07970 -0.93856
vn -0.71539 -0.07220 0.69499
vn -0.71539 -0.07220 0.69499
vn 0.50040 -0.03480 0.86510
vn 0.50040 -0.03480 0.86510
vn 0.50040 -0.03480 0.86510
vn 0.50040 -0.03480 0.86510
vn 0.95367 -0.14000 0.26629
vn 0.95367 -0.14000 0.26629
vn 0.95367 -0.14000 0.26629
vn -0.06000 0.07860 0.99510
vn -0.06000 0.07860 0.99510
vn -0.97847 0.15080 -0.14090
vn -0.97847 0.15080 -0.14090
vn -0.97847 0.15080 -0.14090
vn 0.86791 0.17090 -0.46640
vn -0.87419 0.13410 0.46670
vn -0.87419 0.13410 0.46670
vn -0.87419 0.13410 0.46670
vn 0.95689 -0.04400 -0.28710
vn 0.95689 -0.04400 -0.28710
vn 0.95689 -0.04400 -0.28710
vn 0.95689 -0.04400 -0.28710
vn 0.95689 -0.04400 -0.28710
vn 0.95689 -0.04400 -0.28710
vn -0.47159 -0.20900 -0.85669
vn -0.47159 -0.20900 -0.85669
vn -0.47159 -0.20900 -0.85669
vn -0.47159 -0.20900 -0.85669
vn -0.12170 -0.34630 -0.93020
vn -0.12170 -0.34630 -0.93020
vn -0.12170 -0.34630 -0.93020
vn -0.12170 -0.34630 -0.93020
vn -0.12170 -0.34630 -0.93020
vn -0.12170 -0.34630 -0.93020
vn 0.02220 -0.07670 0.99681
vn 0.02220 -0.07670 0.99681
vn 0.02220 -0.07670 0.99681
vn 0.02220 -0.07670 0.99681
vn 0.02220 -0.07670 0.99681
vn -0.08400 0.16990 0.98188
vn -0.08400 0.16990 0.98188
vn -0.08400 0.16990 0.98188
vn -0.08400 0.16990 0.98188
vn -0.08400 0.16990 0.98188
vn -0.08400 0.16990 0.98188
vn -0.08400 0.16990 0.98188
vn 0.83463 -0.10750 0.54022
vn 0.83463 -0.10750 0.54022
vn 0.83463 -0.10750 0.54022
vn 0.83463 -0.10750 0.54022
vn 0.83463 -0.10750 0.54022
vn -0.87291 0.12530 -0.47151
vn -0.87291 0.12530 -0.47151
vn -0.87291 0.12530 -0.47151
vn -0.87291 0.12530 -0.47151
vn -0.87291 0.12530 -0.47151
vn -0.87291 0.12530 -0.47151
vn 0.84959 0.48769 -0.20090
vn 0.84959 0.48769 -0.20090
vn 0.84959 0.48769 -0.20090
vn 0.84959 0.48769 -0.20090
vn -0.16131 0.12200 -0.97933
vn -0.16131 0.12200 -0.97933
vn -0.16131 0.12200 -0.97933
vn -0.16131 0.12200 -0.97933
vn -0.16131 0.12200 -0.97933
vn -0.16131 0.12200 -0.97933
vn 0.75775 0.63476 0.15129
vn 0.75775 0.63476 0.15129
vn 0.75775 0.63476 0.15129
vn 0.75775 0.63476 0.15129
vn 0.75775 0.63476 0.15129
vn 0.99314 -0.09470 -0.06860
vn 0.99314 -0.09470 -0.06860
vn 0.99314 -0.09470 -0.06860
vn 0.99314 -0.09470 -0.06860
vn 0.09000 0.87877 -0.46868
vn 0.09000 0.87877 -0.46868
vn 0.09000 0.87877 -0.46868
vn 0.09000 0.87877 -0.46868
vn 0.09000 0.87877 -0.46868
vn 0.09000 0.87877 -0.46868
vn -0.16640 -0.35149 -0.92128
vn -0.16640 -0.35149 -0.92128
vn -0.16640 -0.35149 -0.92128
vn -0.16640 -0.35149 -0.92128
vn -0.16640 -0.35149 -0.92128
vn -0.16640 -0.35149 -0.92128
vn -0.16640 -0.35149 -0.92128
vn 0.28890 -0.54641 0.78611
vn 0.28890 -0.54641 0.78611
vn -0.90202 -0.14530 -0.40651
vn -0.90202 -0.14530 -0.40651
vn -0.90202 -0.14530 -0.40651
vn -0.90202 -0.14530 -0.40651
vn -0.26301 0.35391 0.89754
vn -0.26301 0.35391 0.89754
vn -0.26301 0.35391 0.89754
vn -0.26301 0.35391 0.89754
vn -0.26301 0.35391 0.89754
vn -0.26301 0.35391 0.89754
vn -0.26301 0.35391 0.89754
vn -0.26301 0.35391 0.89754
vn -0.26301 0.35391 0.89754
vn -0.55127 -0.41868 0.72167
vn -0.55127 -0.41868 0.72167
vn -0.55127 -0.41868 0.72167
vn -0.55127 -0.41868 0.72167
vn -0.42662 0.73473 0.52742
vn -0.42662 0.73473 0.52742
vn -0.42662 0.73473 0.52742
vn -0.42662 0.73473 0.52742
vn -0.42662 0.73473 0.52742
vn 0.79178 -0.09550 0.60329
vn 0.79178 -0.09550 0.60329
vn 0.79178 -0.09550 0.60329
vn 0.23031 0.93435 -0.27192
vn 0.23031 0.93435 -0.27192
vn 0.23031 0.93435 -0.27192
vn 0.23031 0.93435 -0.27192
vn 0.26200 -0.49190 -0.83030
vn 0.26200 -0.49190 -0.83030
vn 0.26200 -0.49190 -0.83030
vn 0.26200 -0.49190 -0.83030
vn 0.26200 -0.49190 -0.83030
vn 0.16539 0.32638 -0.93066
vn 0.16539 0.32638 -0.93066
vn 0.16539 0.32638 -0.93066
vn 0.16539 0.32638 -0.93066
vn 0.16539 0.32638 -0.93066
vn 0.31281 -0.80983 -0.49632
vn 0.31281 -0.80983 -0.49632
vn 0.31281 -0.80983 -0.49632
vn 0.31281 -0.80983 -0.49632
vn 0.79517 -0.45558 -0.40019
vn 0.79517 -0.45558 -0.40019
vn 0.79517 -0.45558 -0.40019
vn -0.90222 0.37581 -0.21160
vn -0.90222 0.37581 -0.21160
vn -0.90222 0.37581 -0.21160
vn -0.90222 0.37581 -0.21160
vn -0.90222 0.37581 -0.21160
vn -0.33880 -0.78641 -0.51650
vn -0.33880 -0.78641 -0.51650
vn 0.46309 0.36250 0.80879
vn 0.46309 0.36250 0.80879
vn 0.46309 0.36250 0.80879
vn 0.46309 0.36250 0.80879
vn 0.46309 0.36250 0.80879
vn 0.46309 0.36250 0.80879
vn 0.46309 0.36250 0.80879
vn 0.19280 -0.13590 0.97178
vn 0.19280 -0.13590 0.97178
vn -0.63193 0.48022 0.60832
vn -0.63193 0.48022 0.60832
vn -0.63193 0.48022 0.60832
vn -0.63193 0.48022 0.60832
vn -0.63193 0.48022 0.60832
vn 0.82031 0.41521 -0.39331
vn 0.82031 0.41521 -0.39331
vn -0.84340 -0.14230 0.51810
vn -0.84340 -0.14230 0.51810
vn -0.84340 -0.14230 0.51810
vn -0.84340 -0.14230 0.51810
vn -0.84340 -0.14230 0.51810
vn 0.79351 -0.47581 -0.37941
vn 0.79351 -0.47581 -0.37941
vn 0.79351 -0.47581 -0.37941
vn 0.79351 -0.47581 -0.37941
vn 0.79351 -0.47581 -0.37941
vn -0.76100 0.11030 -0.63930
vn -0.76100 0.11030 -0.63930
vn -0.76100 0.11030 -0.63930
vn -0.76100 0.11030 -0.63930
vn -0.76100 0.11030 -0.63930
vn -0.21890 -0.28140 0.93429
vn -0.21890 -0.28140 0.93429
vn -0.21890 -0.28140 0.93429
vn -0.21890 -0.28140 0.93429
vn -0.90499 -0.17930 -0.38580
vn -0.90499 -0.17930 -0.38580
vn -0.90499 -0.17930 -0.38580
vn -0.03650 0.48149 0.87569
vn -0.03650 0.48149 0.87569
vn -0.03650 0.48149 0.87569
vn -0.03650 0.48149 0.87569
vn 0.79183 0.09930 -0.60262
vn 0.79183 0.09930 -0.60262
vn 0.79183 0.09930 -0.60262
vn 0.50352 0.49212 -0.71013
vn 0.50352 0.49212 -0.71013
vn 0.50352 0.49212 -0.71013
vn -0.90705 0.03560 0.41952
vn -0.90705 0.03560 0.41952
vn -0.90705 0.03560 0.41952
vn 0.98711 -0.07610 -0.14080
vn 0.98711 -0.07610 -0.14080
vn 0.98711 -0.07610 -0.14080
vn 0.79372 -0.53372 0.29181
vn 0.79372 -0.53372 0.29181
vn 0.79372 -0.53372 0.29181
vn 0.79372 -0.53372 0.29181
vn 0.79372 -0.53372 0.29181
vn -0.74339 -0.25920 0.61659
vn -0.74339 -0.25920 0.61659
vn -0.74339 -0.25920 0.61659
vn -0.74339 -0.25920 0.61659
vn -0.93172 0.27141 0.24131
vn -0.93172 0.27141 0.24131
vn -0.93172 0.27141 0.24131
vn -0.93172 0.27141 0.24131
vn -0.09460 -0.61977 0.77906
vn -0.09460 -0.61977 0.77906
vn -0.09460 -0.61977 0.77906
vn -0.76408 -0.46159 0.45069
vn -0.76408 -0.46159 0.45069
vn -0.76408 -0.46159 0.45069
vn -0.93678 -0.27219 0.21990
vn -0.93678 -0.27219 0.21990
vn 0.45031 -0.56212 -0.69372
vn 0.45031 -0.56212 -0.69372
vn 0.45031 -0.56212 -0.69372
vn 0.45031 -0.56212 -0.69372
vn 0.94964 -0.25291 0.18501
vn 0.94964 -0.25291 0.18501
vn 0.73212 0.11600 0.67122
vn 0.73212 0.11600 0.67122
vn 0.73212 0.11600 0.67122
vn 0.73212 0.11600 0.67122
vn 0.71068 -0.55158 0.43669
vn 0.71068 -0.55158 0.43669
vn 0.71068 -0.55158 0.43669
vn 0.64311 -0.34941 -0.68141
vn 0.64311 -0.34941 -0.68141
vn 0.64311 -0.34941 -0.68141
vn 0.64311 -0.34941 -0.68141
vn 0.64311 -0.34941 -0.68141
vn 0.33361 -0.82004 -0.46502
vn 0.33361 -0.82004 -0.46502
vn 0.33361 -0.82004 -0.46502
vn 0.33361 -0.82004 -0.46502
vn -0.70672 -0.57392 -0.41371
vn -0.70672 -0.57392 -0.41371
vn -0.70672 -0.57392 -0.41371
vn -0.70672 -0.57392 -0.41371
vn -0.70672 -0.57392 -0.41371
vn -0.99036 0.13789 -0.01300
vn -0.99036 0.13789 -0.01300
vn -0.99036 0.13789 -0.01300
vn -0.99036 0.13789 -0.01300
vn -0.99036 0.13789 -0.01300
vn 0.62511 0.30090 0.72021
vn 0.62511 0.30090 0.72021
vn 0.62511 0.30090 0.72021
vn 0.62511 0.30090 0.72021
vn 0.62511 0.30090 0.72021
vn -0.24380 0.47829 0.84368
vn -0.24380 0.47829 0.84368
vn -0.24380 0.47829 0.84368
vn 0.12310 0.73908 0.66228
vn 0.12310 0.73908 0.66228
vn 0.12310 0.73908 0.66228
vn -0.50751 0.11740 -0.85361
vn -0.50751 0.11740 -0.85361
vn -0.50751 0.11740 -0.85361
vn -0.00510 0.18570 0.98259
vn -0.00510 0.18570 0.98259
vn -0.00510 0.18570 0.98259
vn -0.00510 0.18570 0.98259
vn 0.05760 -0.94261 -0.32890
vn 0.05760 -0.94261 -0.32890
vn 0.05760 -0.94261 -0.32890
vn -0.28730 -0.32860 -0.89971
vn -0.28730 -0.32860 -0.89971
vn -0.28730 -0.32860 -0.89971
vn -0.49751 -0.86742 -0.00800
vn -0.49751 -0.86742 -0.00800
vn -0.49751 -0.86742 -0.00800
vn -0.49751 -0.86742 -0.00800
vn -0.49751 -0.86742 -0.00800
vn 0.38869 -0.91347 0.12040
vn 0.38869 -0.91347 0.12040
vn 0.38869 -0.91347 0.12040
vn -0.97968 -0.03150 -0.19810
vn -0.97968 -0.03150 -0.19810
vn -0.97968 -0.03150 -0.19810
vn -0.97968 -0.03150 -0.19810
vn -0.97968 -0.03150 -0.19810
vn 0.92681 0.31760 -0.20040
vn 0.92681 0.31760 -0.20040
vn 0.92681 0.31760 -0.20040
vn 0.92681 0.31760 -0.20040
vn 0.27049 0.59788 -0.75457
vn 0.27049 0.59788 -0.75457
vn 0.27049 0.59788 -0.75457
vn 0.27049 0.59788 -0.75457
vn -0.75630 -0.59180 0.27890
vn -0.75630 -0.59180 0.27890
vn -0.75630 -0.59180 0.27890
vn -0.75630 -0.59180 0.27890
vn -0.00560 -0.95367 -0.30079
vn -0.00560 -0.95367 -0.30079
vn -0.00560 -0.95367 -0.30079
vn -0.00560 -0.95367 -0.30079
vn 0.82568 -0.20650 -0.52499
vn 0.82568 -0.20650 -0.52499
vn 0.82568 -0.20650 -0.52499
vn 0.80892 -0.24551 0.53421
vn 0.80892 -0.24551 0.53421
vn 0.80892 -0.24551 0.53421
vn 0.80892 -0.24551 0.53421
vn 0.80892 -0.24551 0.53421
vn 0.59870 -0.06890 0.79800
vn 0.59870 -0.06890 0.79800
vn 0.59870 -0.06890 0.79800
vn 0.42200 0.55390 0.71771
vn 0.42200 0.55390 0.71771
vn 0.42200 0.55390 0.71771
vn -0.50731 -0.76621 0.39441
vn -0.50731 -0.76621 0.39441
vn -0.50731 -0.76621 0.39441
vn -0.50731 -0.76621 0.39441
vn -0.20661 -0.30541 0.92954
vn -0.20661 -0.30541 0.92954
vn -0.20661 -0.30541 0.92954
vn -0.20661 -0.30541 0.92954
vn 0.60628 -0.56268 -0.56198
vn 0.60628 -0.56268 -0.56198
vn 0.60628 -0.56268 -0.56198
vn -0.77931 0.50821 0.36661
vn -0.77931 0.50821 0.36661
vn -0.77931 0.50821 0.36661
vn -0.77931 0.50821 0.36661
vn -0.77931 0.50821 0.36661
vn -0.77931 0.50821 0.36661
vn 0.82847 -0.00780 -0.55998
vn 0.82847 -0.00780 -0.55998
vn 0.80732 -0.39951 0.43431
vn 0.80732 -0.39951 0.43431
vn 0.80732 -0.39951 0.43431
vn 0.80732 -0.39951 0.43431
vn -0.94090 0.20900 -0.26650
vn -0.94090 0.20900 -0.26650
vn -0.94090 0.20900 -0.26650
vn -0.94090 0.20900 -0.26650
vn 0.90547 -0.11690 -0.40799
vn -0.62081 -0.47991 -0.61991
vn -0.62081 -0.47991 -0.61991
vn -0.62081 -0.47991 -0.61991
vn -0.62081 -0.47991 -0.61991
vn -0.62081 -0.47991 -0.61991
vn -0.62081 -0.47991 -0.61991
vn -0.62081 -0.47991 -0.61991
vn 0.68117 -0.12559 0.72127
vn 0.68117 -0.12559 0.72127
vn 0.68117 -0.12559 0.72127
vn 0.68117 -0.12559 0.72127
vn -0.74240 -0.53490 0.40340
vn -0.74240 -0.53490 0.40340
vn -0.74240 -0.53490 0.40340
vn -0.71759 -0.67069 0.18770
vn -0.71759 -0.67069 0.18770
vn -0.71759 -0.67069 0.18770
vn -0.71759 -0.67069 0.18770
vn -0.71759 -0.67069 0.18770
vn 0.80117 -0.20429 -0.56248
vn 0.80117 -0.20429 -0.56248
vn 0.80117 -0.20429 -0.56248
vn 0.80117 -0.20429 -0.56248
vn 0.80117 -0.20429 -0.56248
vn -0.71456 0.41798 -0.56097
vn -0.71456 0.41798 -0.56097
vn -0.71456 0.41798 -0.56097
vn -0.71456 0.41798 -0.56097
vn 0.88997 -0.21209 -0.40369
vn 0.88997 -0.21209 -0.40369
vn 0.88997 -0.21209 -0.40369
vn 0.88997 -0.21209 -0.40369
vn 0.93028 -0.22209 -0.29199
vn 0.93028 -0.22209 -0.29199
vn 0.93028 -0.22209 -0.29199
vn -0.28980 -0.61060 -0.73701
vn -0.28980 -0.61060 -0.73701
vn -0.28980 -0.61060 -0.73701
vn 0.81990 -0.56680 -0.08060
vn 0.81990 -0.56680 -0.08060
vn 0.81990 -0.56680 -0.08060
vn 0.38890 0.01210 -0.92120
vn 0.38890 0.01210 -0.92120
vn 0.38890 0.01210 -0.92120
vn 0.67802 0.59542 0.43101
vn 0.67802 0.59542 0.43101
vn 0.67802 0.59542 0.43101
vn 0.88162 -0.13610 0.45191
vn 0.88162 -0.13610 0.45191
vn 0.88162 -0.13610 0.45191
vn 0.88162 -0.13610 0.45191
vn 0.88162 -0.13610 0.45191
vn -0.43509 -0.85128 -0.29329
vn -0.43509 -0.85128 -0.29329
vn -0.43509 -0.85128 -0.29329
vn 0.47371 -0.22780 0.85071
vn 0.47371 -0.22780 0.85071
vn 0.47371 -0.22780 0.85071
vn 0.47371 -0.22780 0.85071
vn 0.84404 -0.37342 0.38492
vn 0.84404 -0.37342 0.38492
vn 0.84404 -0.37342 0.38492
vn -0.72521 -0.67341 -0.14350
vn 0.92552 0.33101 -0.18400
vn 0.92552 0.33101 -0.18400
vn 0.92552 0.33101 -0.18400
vn 0.92552 0.33101 -0.18400
vn -0.88938 0.38729 0.24290
vn -0.88938 0.38729 0.24290
vn 0.90580 0.38070 0.18600
vn 0.90580 0.38070 0.18600
vn 0.90580 0.38070 0.18600
vn 0.90580 0.38070 0.18600
vn 0.39429 0.63419 -0.66509
vn 0.39429 0.63419 -0.66509
vn 0.39429 0.63419 -0.66509
vn 0.28110 0.49091 -0.82461
vn 0.28110 0.49091 -0.82461
vn 0.28110 0.49091 -0.82461
vn 0.31740 -0.73139 0.60359
vn 0.31740 -0.73139 0.60359
vn -0.64579 -0.74149 -0.18210
vn -0.64579 -0.74149 -0.18210
vn -0.64579 -0.74149 -0.18210
vn -0.64579 -0.74149 -0.18210
vn 0.02630 -0.16201 -0.98644
vn 0.02630 -0.16201 -0.98644
vn 0.02630 -0.16201 -0.98644
vn -0.05100 0.42692 -0.90285
vn -0.05100 0.42692 -0.90285
vn -0.05100 0.42692 -0.90285
vn -0.05100 0.42692 -0.90285
vn 0.24439 0.45468 0.85647
vn 0.24439 0.45468 0.85647
vn 0.24439 0.45468 0.85647
vn 0.24439 0.45468 0.85647
vn 0.36330 0.53550 0.76240
vn 0.36330 0.53550 0.76240
vn -0.06140 0.47112 0.87993
vn -0.06140 0.47112 0.87993
vn -0.06140 0.47112 0.87993
vn 0.48731 0.72102 0.49261
vn -0.46920 -0.68770 0.55400
vn -0.46920 -0.68770 0.55400
vn -0.46920 -0.68770 0.55400
vn -0.46920 -0.68770 0.55400
vn -0.46920 -0.68770 0.55400
vn 0.32719 -0.92768 -0.17990
vn 0.32719 -0.92768 -0.17990
vn 0.32719 -0.92768 -0.17990
vn -0.43859 -0.89688 0.05700
vn -0.43859 -0.89688 0.05700
vn -0.43859 -0.89688 0.05700
vn -0.43859 -0.89688 0.05700
vn -0.43859 -0.89688 0.05700
vn -0.43859 -0.89688 0.05700
vn -0.29639 -0.64279 -0.70638
vn -0.29639 -0.64279 -0.70638
vn -0.29639 -0.64279 -0.70638
vn -0.29639 -0.64279 -0.70638
vn 0.14060 -0.67510 -0.72420
vn 0.14060 -0.67510 -0.72420
vn 0.14060 -0.67510 -0.72420
vn 0.14060 -0.67510 -0.72420
vn 0.58019 -0.16980 -0.79659
vn 0.58019 -0.16980 -0.79659
vn 0.58019 -0.16980 -0.79659
vn 0.58019 -0.16980 -0.79659
vn -0.38070 -0.69949 -0.60480
vn -0.38070 -0.69949 -0.60480
vn -0.38070 -0.69949 -0.60480
vn -0.38070 -0.69949 -0.60480
vn -0.38070 -0.69949 -0.60480
vn -0.38070 -0.69949 -0.60480
vn 0.94319 0.26320 -0.20280
vn 0.94319 0.26320 -0.20280
vn 0.94319 0.26320 -0.20280
vn -0.76678 -0.63618 0.08560
vn -0.76678 -0.63618 0.08560
vn -0.76678 -0.63618 0.08560
vn -0.76678 -0.63618 0.08560
vn -0.39369 0.32759 -0.85889
vn -0.39369 0.32759 -0.85889
vn -0.39369 0.32759 -0.85889
vn 0.67241 -0.73871 -0.04650
vn 0.67241 -0.73871 -0.04650
vn 0.67241 -0.73871 -0.04650
vn 0.67241 -0.73871 -0.04650
vn 0.67241 -0.73871 -0.04650
vn 0.58580 -0.62670 0.51390
vn 0.58580 -0.62670 0.51390
vn 0.58580 -0.62670 0.51390
vn -0.30490 -0.91780 -0.25430
vn -0.30490 -0.91780 -0.25430
vn 0.81733 -0.49832 0.28921
vn 0.81733 -0.49832 0.28921
vn 0.81733 -0.49832 0.28921
vn 0.81733 -0.49832 0.28921
vn -0.37870 -0.92519 0.02480
vn -0.37870 -0.92519 0.02480
vn -0.37870 -0.92519 0.02480
vn -0.95791 -0.24950 -0.14200
vn -0.95791 -0.24950 -0.14200
vn -0.95791 -0.24950 -0.14200
vn -0.95791 -0.24950 -0.14200
vn -0.95791 -0.24950 -0.14200
vn 0.59293 0.72764 0.34492
vn -0.91337 0.38669 -0.12740
vn -0.91337 0.38669 -0.12740
vn -0.91337 0.38669 -0.12740
vn -0.91337 0.38669 -0.12740
vn -0.91337 0.38669 -0.12740
vn -0.09800 -0.96656 -0.23699
vn -0.09800 -0.96656 -0.23699
vn -0.09800 -0.96656 -0.23699
vn -0.70970 -0.57890 0.40150
vn -0.70970 -0.57890 0.40150
vn -0.70970 -0.57890 0.40150
vn -0.70970 -0.57890 0.40150
vn -0.70970 -0.57890 0.40150
vn 0.37299 0.85749 -0.35439
vn 0.37299 0.85749 -0.35439
vn 0.37299 0.85749 -0.35439
vn 0.37299 0.85749 -0.35439
vn -0.63649 0.20410 0.74379
vn -0.63649 0.20410 0.74379
vn -0.60553 -0.63933 -0.47392
vn -0.60553 -0.63933 -0.47392
vn 0.84627 0.41959 0.32829
vn 0.84627 0.41959 0.32829
vn 0.84627 0.41959 0.32829
vn 0.84627 0.41959 0.32829
vn -0.82289 -0.55959 0.09850
vn -0.82289 -0.55959 0.09850
vn -0.82289 -0.55959 0.09850
vn 0.90531 0.38520 0.17900
vn 0.90531 0.38520 0.17900
vn 0.90531 0.38520 0.17900
vn 0.90531 0.38520 0.17900
vn -0.75190 -0.29460 0.58980
vn -0.75190 -0.29460 0.58980
vn -0.91781 -0.37540 -0.12920
vn -0.91781 -0.37540 -0.12920
vn -0.91781 -0.37540 -0.12920
vn -0.27011 -0.27501 0.92272
vn -0.27011 -0.27501 0.92272
vn -0.27011 -0.27501 0.92272
vn 0.69091 -0.68801 -0.22200
vn 0.69091 -0.68801 -0.22200
vn 0.69091 -0.68801 -0.22200
vn 0.69091 -0.68801 -0.22200
vn -0.86216 0.50527 -0.03720
vn -0.86216 0.50527 -0.03720
vn -0.86216 0.50527 -0.03720
vn -0.86216 0.50527 -0.03720
vn -0.32488 -0.81236 0.48428
vn -0.32488 -0.81236 0.48428
vn -0.32488 -0.81236 0.48428
vn -0.32488 -0.81236 0.48428
vn -0.32488 -0.81236 0.48428
vn 0.94422 0.07980 -0.31951
vn 0.94422 0.07980 -0.31951
vn 0.94422 0.07980 -0.31951
vn 0.94422 0.07980 -0.31951
vn -0.27909 0.39959 0.87318
vn -0.27909 0.39959 0.87318
vn -0.27909 0.39959 0.87318
vn -0.88802 -0.29380 0.35371
vn -0.88802 -0.29380 0.35371
vn -0.88802 -0.29380 0.35371
vn -0.88802 -0.29380 0.35371
vn -0.88802 -0.29380 0.35371
vn 0.45041 0.59271 0.66771
vn 0.69367 -0.24049 0.67897
vn 0.69367 -0.24049 0.67897
vn 0.69367 -0.24049 0.67897
vn 0.69367 -0.24049 0.67897
vn 0.69367 -0.24049 0.67897
vn -0.86884 -0.48072 -0.11841
vn -0.45929 0.35009 -0.81639
vn -0.45929 0.35009 -0.81639
vn -0.45929 0.35009 -0.81639
vn -0.45929 0.35009 -0.81639
vn 0.60911 0.49741 0.61771
vn 0.60911 0.49741 0.61771
vn 0.60911 0.49741 0.61771
vn 0.60911 0.49741 0.61771
vn -0.09550 -0.31031 -0.94583
vn -0.09550 -0.31031 -0.94583
vn -0.09550 -0.31031 -0.94583
vn 0.54000 0.71340 0.44660
vn 0.54000 0.71340 0.44660
vn 0.54000 0.71340 0.44660
vn 0.54000 0.71340 0.44660
vn 0.54000 0.71340 0.44660
vn 0.54000 0.71340 0.44660
vn 0.62240 0.78060 0.05740
vn 0.62240 0.78060 0.05740
vn -0.30101 -0.11440 0.94673
vn -0.30101 -0.11440 0.94673
vn -0.30101 -0.11440 0.94673
vn 0.83239 0.33220 -0.44359
vn 0.83239 0.33220 -0.44359
vn 0.83239 0.33220 -0.44359
vn 0.83239 0.33220 -0.44359
vn 0.83239 0.33220 -0.44359
vn 0.21870 0.64000 -0.73660
vn 0.21870 0.64000 -0.73660
vn -0.97772 0.03420 0.20710
vn -0.97772 0.03420 0.20710
vn -0.73241 0.45040 -0.51060
vn -0.73241 0.45040 -0.51060
vn -0.73241 0.45040 -0.51060
vn -0.60961 0.76511 -0.20730
vn -0.60961 0.76511 -0.20730
vn -0.60961 0.76511 -0.20730
vn -0.60961 0.76511 -0.20730
vn 0.93733 0.11840 0.32771
vn 0.93733 0.11840 0.32771
vn 0.93733 0.11840 0.32771
vn 0.93733 0.11840 0.32771
vn 0.93733 0.11840 0.32771
vn 0.51829 0.01470 0.85508
vn 0.51829 0.01470 0.85508
vn 0.51829 0.01470 0.85508
vn -0.56707 -0.81446 0.12279
vn -0.56707 -0.81446 0.12279
vn -0.56707 -0.81446 0.12279
vn -0.56707 -0.81446 0.12279
vn -0.56707 -0.81446 0.12279
vn -0.28519 -0.67488 0.68058
vn -0.28519 -0.67488 0.68058
vn -0.52139 -0.78909 0.32479
vn -0.52139 -0.78909 0.32479
vn -0.52139 -0.78909 0.32479
vn -0.52139 -0.78909 0.32479
vn -0.52139 -0.78909 0.32479
vn 0.40778 0.75766 -0.50957
vn 0.06450 -0.80919 -0.58399
vn 0.06450 -0.80919 -0.58399
vn 0.06450 -0.80919 -0.58399
vn 0.77852 0.62581 0.04760
vn 0.77852 0.62581 0.04760
vn 0.77852 0.62581 0.04760
vn 0.19480 0.76658 -0.61189
vn 0.19480 0.76658 -0.61189
vn 0.98981 -0.11980 -0.07700
vn 0.98981 -0.11980 -0.07700
vn 0.98019 -0.03300 -0.19530
vn 0.98019 -0.03300 -0.19530
vn 0.97545 -0.01650 -0.21961
vn -0.31329 -0.93178 -0.18340
vn -0.31329 -0.93178 -0.18340
vn -0.31329 -0.93178 -0.18340
vn -0.31329 -0.93178 -0.18340
vn 0.30242 0.50123 -0.81075
vn 0.30242 0.50123 -0.81075
vn 0.30242 0.50123 -0.81075
vn 0.12639 -0.70716 -0.69566
vn 0.12639 -0.70716 -0.69566
vn 0.12639 -0.70716 -0.69566
vn 0.12639 -0.70716 -0.69566
vn -0.14940 -0.97838 -0.14300
vn -0.14940 -0.97838 -0.14300
vn -0.14940 -0.97838 -0.14300
vn -0.14940 -0.97838 -0.14300
vn -0.14940 -0.97838 -0.14300
vn -0.14940 -0.97838 -0.14300
vn -0.04680 0.01200 -0.99883
vn -0.04680 0.01200 -0.99883
vn -0.04680 0.01200 -0.99883
vn -0.04680 0.01200 -0.99883
vn -0.30640 -0.88431 0.35230
vn -0.30640 -0.88431 0.35230
vn -0.30640 -0.88431 0.35230
vn -0.01540 0.86432 -0.50271
vn -0.01540 0.86432 -0.50271
vn -0.01540 0.86432 -0.50271
vn -0.01540 0.86432 -0.50271
vn -0.39968 -0.75407 -0.52118
vn -0.39968 -0.75407 -0.52118
vn -0.39968 -0.75407 -0.52118
vn -0.39968 -0.75407 -0.52118
vn -0.39968 -0.75407 -0.52118
vn -0.41698 -0.80927 -0.41378
vn -0.41698 -0.80927 -0.41378
vn -0.41698 -0.80927 -0.41378
vn -0.52141 -0.84971 -0.07830
vn -0.52141 -0.84971 -0.07830
vn -0.52141 -0.84971 -0.07830
vn -0.52141 -0.84971 -0.07830
vn -0.52141 -0.84971 -0.07830
vn -0.52141 -0.84971 -0.07830
vn -0.62601 -0.49881 0.59941
vn -0.62601 -0.49881 0.59941
vn -0.62601 -0.49881 0.59941
vn 0.66696 -0.70796 0.23229
vn 0.66696 -0.70796 0.23229
vn 0.66696 -0.70796 0.23229
vn 0.66696 -0.70796 0.23229
vn -0.99417 -0.04120 0.09960
vn -0.17201 -0.46892 0.86633
vn -0.17201 -0.46892 0.86633
vn 0.48050 0.77350 -0.41330
vn 0.57636 0.50247 0.64446
vn 0.57636 0.50247 0.64446
vn 0.57636 0.50247 0.64446
vn -0.53681 -0.73242 0.41881
vn -0.53681 -0.73242 0.41881
vn -0.53681 -0.73242 0.41881
vn -0.30241 0.31921 0.89814
vn -0.30241 0.31921 0.89814
vn -0.30241 0.31921 0.89814
vn -0.30241 0.31921 0.89814
vn -0.59839 0.43890 -0.67029
vn -0.59839 0.43890 -0.67029
vn -0.59839 0.43890 -0.67029
vn 0.87547 0.28989 0.38668
vn 0.87547 0.28989 0.38668
vn 0.87547 0.28989 0.38668
vn -0.28111 -0.34932 -0.89384
vn -0.28111 -0.34932 -0.89384
vn -0.28111 -0.34932 -0.89384
vn -0.89382 0.14030 -0.42591
vn -0.89382 0.14030 -0.42591
vn -0.89382 0.14030 -0.42591
vn -0.89382 0.14030 -0.42591
vn -0.89382 0.14030 -0.42591
vn -0.89382 0.14030 -0.42591
vn 0.28039 0.82998 -0.48219
vn 0.46250 -0.25320 -0.84970
vn 0.46250 -0.25320 -0.84970
vn 0.46250 -0.25320 -0.84970
vn 0.46250 -0.25320 -0.84970
vn 0.86871 0.49011 0.07170
vn 0.86871 0.49011 0.07170
vn 0.86871 0.49011 0.07170
vn 0.36741 0.81132 -0.45471
vn 0.36741 0.81132 -0.45471
vn 0.36741 0.81132 -0.45471
vn 0.36991 -0.67572 0.63762
vn 0.36991 -0.67572 0.63762
vn 0.36991 -0.67572 0.63762
vn -0.47762 -0.82673 0.29731
vn -0.47762 -0.82673 0.29731
vn -0.47762 -0.82673 0.29731
vn -0.76669 -0.62029 0.16560
vn -0.76669 -0.62029 0.16560
vn -0.76669 -0.62029 0.16560
vn 0.44670 0.89221 0.06650
vn 0.44670 0.89221 0.06650
vn 0.44670 0.89221 0.06650
vn 0.44670 0.89221 0.06650
vn 0.62582 0.75423 -0.19871
vn 0.62582 0.75423 -0.19871
vn -0.95460 -0.25450 0.15480
vn -0.95460 -0.25450 0.15480
vn -0.14650 0.95880 0.24340
vn -0.14650 0.95880 0.24340
vn -0.14650 0.95880 0.24340
vn -0.16150 -0.84822 0.50441
vn -0.16150 -0.84822 0.50441
vn -0.16150 -0.84822 0.50441
vn -0.54327 0.05660 -0.83765
vn -0.54327 0.05660 -0.83765
vn -0.54327 0.05660 -0.83765
vn -0.76233 -0.64103 -0.08910
vn -0.76233 -0.64103 -0.08910
vn 0.48952 0.71242 0.50282
vn 0.64433 0.76434 0.02500
vn 0.64433 0.76434 0.02500
vn 0.64433 0.76434 0.02500
vn 0.37399 0.52579 -0.76399
vn 0.37399 0.52579 -0.76399
vn 0.37399 0.52579 -0.76399
vn 0.09180 0.67499 0.73209
vn 0.09180 0.67499 0.73209
vn 0.09180 0.67499 0.73209
vn 0.86803 0.27511 0.41332
vn 0.86803 0.27511 0.41332
vn 0.86803 0.27511 0.41332
vn 0.05700 -0.94502 0.32201
vn 0.05700 -0.94502 0.32201
vn 0.05700 -0.94502 0.32201
vn -0.74458 -0.43899 0.50289
vn -0.74458 -0.43899 0.50289
vn -0.74458 -0.43899 0.50289
vn -0.74458 -0.43899 0.50289
vn 0.69839 -0.13750 0.70239
vn 0.69839 -0.13750 0.70239
vn 0.69839 -0.13750 0.70239
vn 0.69839 -0.13750 0.70239
vn 0.63009 0.72998 0.26479
vn 0.63009 0.72998 0.26479
vn -0.52549 -0.84268 -0.11730
vn -0.52549 -0.84268 -0.11730
vn -0.52549 -0.84268 -0.11730
vn -0.52549 -0.84268 -0.11730
vn -0.28909 -0.75397 0.58988
vn -0.28909 -0.75397 0.58988
vn -0.28909 -0.75397 0.58988
vn -0.28909 -0.75397 0.58988
vn -0.79768 -0.53709 0.27429
vn -0.79768 -0.53709 0.27429
vn -0.79768 -0.53709 0.27429
vn -0.79768 -0.53709 0.27429
vn -0.57037 -0.21789 0.79196
vn -0.57037 -0.21789 0.79196
vn -0.57037 -0.21789 0.79196
vn -0.45330 0.79280 -0.40740
vn -0.45330 0.79280 -0.40740
vn -0.45330 0.79280 -0.40740
vn -0.45330 0.79280 -0.40740
vn -0.87429 0.06950 0.48040
vn -0.87429 0.06950 0.48040
vn -0.87429 0.06950 0.48040
vn -0.87429 0.06950 0.48040
vn -0.84356 -0.52048 0.13229
vn -0.84356 -0.52048 0.13229
vn -0.84356 -0.52048 0.13229
vn -0.84356 -0.52048 0.13229
vn -0.84356 -0.52048 0.13229
vn -0.75361 -0.64501 0.12660
vn -0.75361 -0.64501 0.12660
vn -0.75361 -0.64501 0.12660
vn -0.17620 0.97622 0.12630
vn -0.17620 0.97622 0.12630
vn -0.17620 0.97622 0.12630
vn -0.17620 0.97622 0.12630
vn 0.26690 0.88751 0.37561
vn 0.26690 0.88751 0.37561
vn 0.26690 0.88751 0.37561
vn -0.96432 -0.12700 -0.23230
vn -0.96432 -0.12700 -0.23230
vn -0.96432 -0.12700 -0.23230
vn -0.99418 -0.05350 -0.09350
vn -0.99418 -0.05350 -0.09350
vn -0.99418 -0.05350 -0.09350
vn -0.99418 -0.05350 -0.09350
vn -0.99418 -0.05350 -0.09350
vn 0.27550 0.85469 -0.44000
vn 0.27550 0.85469 -0.44000
vn 0.27550 0.85469 -0.44000
vn 0.27550 0.85469 -0.44000
vn -0.55761 -0.79951 0.22330
vn -0.55761 -0.79951 0.22330
vn -0.55761 -0.79951 0.22330
vn -0.46391 -0.85722 -0.22351
vn -0.46391 -0.85722 -0.22351
vn 0.50991 0.68381 -0.52191
vn 0.50991 0.68381 -0.52191
vn 0.50991 0.68381 -0.52191
vn 0.50991 0.68381 -0.52191
vn 0.40410 0.89179 -0.20350
vn 0.40410 0.89179 -0.20350
vn 0.40410 0.89179 -0.20350
vn -0.00160 -0.07590 0.99711
vn -0.00160 -0.07590 0.99711
vn -0.00160 -0.07590 0.99711
vn -0.00160 -0.07590 0.99711
vn -0.51830 -0.84699 0.11820
vn -0.51830 -0.84699 0.11820
vn -0.51830 -0.84699 0.11820
vn -0.17629 -0.89707 0.40519
vn -0.17629 -0.89707 0.40519
vn -0.17629 -0.89707 0.40519
vn -0.17629 -0.89707 0.40519
vn -0.17629 -0.89707 0.40519
vn -0.87793 0.12960 0.46092
vn 0.36430 0.89569 0.25500
vn 0.36430 0.89569 0.25500
vn 0.36430 0.89569 0.25500
vn 0.36430 0.89569 0.25500
vn -0.11660 -0.72151 -0.68251
vn -0.11660 -0.72151 -0.68251
vn -0.11660 -0.72151 -0.68251
vn -0.11660 -0.72151 -0.68251
vn 0.81651 0.13210 0.56201
vn 0.81651 0.13210 0.56201
vn 0.81651 0.13210 0.56201
vn 0.81651 0.13210 0.56201
vn -0.00460 0.61927 -0.78516
vn -0.00460 0.61927 -0.78516
vn -0.00460 0.61927 -0.78516
vn 0.21270 -0.37351 0.90291
vn 0.21270 -0.37351 0.90291
vn 0.21270 -0.37351 0.90291
vn -0.53191 0.40931 -0.74131
vn -0.53191 0.40931 -0.74131
vn -0.53191 0.40931 -0.74131
vn -0.53191 0.40931 -0.74131
vn -0.53191 0.40931 -0.74131
vn -0.53191 0.40931 -0.74131
vn 0.07360 0.35150 -0.93329
vn 0.07360 0.35150 -0.93329
vn 0.07360 0.35150 -0.93329
vn 0.67786 0.73225 -0.06570
vn 0.67786 0.73225 -0.06570
vn 0.67786 0.73225 -0.06570
vn 0.67786 0.73225 -0.06570
vn 0.67786 0.73225 -0.06570
vn -0.27580 0.90479 0.32450
vn -0.27580 0.90479 0.32450
vn -0.27580 0.90479 0.32450
vn -0.27580 0.90479 0.32450
vn 0.83828 -0.18309 -0.51359
vn 0.92120 0.00130 -0.38910
vn 0.92120 0.00130 -0.38910
vn 0.92120 0.00130 -0.38910
vn 0.90293 -0.39461 0.17031
vn 0.90293 -0.39461 0.17031
vn -0.20140 -0.85468 0.47849
vn -0.20140 -0.85468 0.47849
vn 0.56702 0.69062 -0.44892
vn 0.56702 0.69062 -0.44892
vn -0.99275 0.11509 -0.03470
vn -0.99275 0.11509 -0.03470
vn -0.10110 -0.79001 0.60471
vn -0.10110 -0.79001 0.60471
vn -0.10110 -0.79001 0.60471
vn 0.98816 -0.14869 -0.03780
vn 0.98816 -0.14869 -0.03780
vn 0.29661 0.80133 0.51952
vn 0.29661 0.80133 0.51952
vn 0.29661 0.80133 0.51952
vn 0.29661 0.80133 0.51952
vn 0.06440 -0.79331 -0.60541
vn 0.06440 -0.79331 -0.60541
vn 0.06440 -0.79331 -0.60541
vn -0.75110 -0.40470 -0.52160
vn -0.75110 -0.40470 -0.52160
vn -0.75110 -0.40470 -0.52160
vn -0.75110 -0.40470 -0.52160
vn 0.31889 0.89388 -0.31509
vn -0.90248 -0.32919 -0.27779
vn -0.90248 -0.32919 -0.27779
vn -0.51541 -0.85111 0.09980
vn -0.51541 -0.85111 0.09980
vn -0.51541 -0.85111 0.09980
vn -0.01450 -0.95767 0.28749
vn -0.01450 -0.95767 0.28749
vn -0.46550 -0.09530 0.87990
vn -0.46550 -0.09530 0.87990
vn -0.46550 -0.09530 0.87990
vn -0.46550 -0.09530 0.87990
vn 0.50041 0.86562 0.01730
vn 0.50041 0.86562 0.01730
vn 0.50041 0.86562 0.01730
vn 0.50041 0.86562 0.01730
vn 0.50041 0.86562 0.01730
vn -0.53769 -0.82738 0.16230
vn -0.53769 -0.82738 0.16230
vn -0.53769 -0.82738 0.16230
vn -0.53769 -0.82738 0.16230
vn 0.14701 0.22221 0.96385
vn 0.14701 0.22221 0.96385
vn 0.14701 0.22221 0.96385
vn -0.77768 -0.03110 0.62789
vn -0.77768 -0.03110 0.62789
vn -0.77768 -0.03110 0.62789
vn -0.77768 -0.03110 0.62789
vn -0.77768 -0.03110 0.62789
vn 0.84582 -0.18460 0.50051
vn 0.84582 -0.18460 0.50051
vn 0.84582 -0.18460 0.50051
vn -0.21450 -0.96402 -0.15700
vn -0.21450 -0.96402 -0.15700
vn -0.21450 -0.96402 -0.15700
vn -0.21450 -0.96402 -0.15700
vn -0.24980 0.77281 -0.58341
vn -0.24980 0.77281 -0.58341
vn -0.24980 0.77281 -0.58341
vn 0.10560 0.53440 0.83861
vn 0.10560 0.53440 0.83861
vn 0.10560 0.53440 0.83861
vn 0.10560 0.53440 0.83861
vn 0.10560 0.53440 0.83861
vn -0.38321 0.77752 0.49861
vn -0.38321 0.77752 0.49861
vn -0.38321 0.77752 0.49861
vn -0.98301 0.16920 0.07120
vn -0.98301 0.16920 0.07120
vn -0.98301 0.16920 0.07120
vn -0.98301 0.16920 0.07120
vn -0.69249 0.38849 0.60789
vn -0.69249 0.38849 0.60789
vn -0.28599 0.13430 -0.94877
vn -0.28599 0.13430 -0.94877
vn -0.28599 0.13430 -0.94877
vn -0.28599 0.13430 -0.94877
vn -0.28599 0.13430 -0.94877
vn 0.08681 -0.66504 0.74175
vn 0.08681 -0.66504 0.74175
vn -0.96275 -0.18681 0.19551
vn -0.96275 -0.18681 0.19551
vn -0.96275 -0.18681 0.19551
vn -0.36849 0.04820 0.92838
vn -0.36849 0.04820 0.92838
vn -0.36849 0.04820 0.92838
vn -0.36849 0.04820 0.92838
vn -0.97621 0.21070 0.05110
vn -0.97621 0.21070 0.05110
vn 0.23371 -0.08670 -0.96843
vn 0.23371 -0.08670 -0.96843
vn 0.23371 -0.08670 -0.96843
vn 0.23371 -0.08670 -0.96843
vn 0.93596 -0.16829 -0.30929
vn 0.93596 -0.16829 -0.30929
vn 0.02580 0.98509 0.17010
vn 0.02580 0.98509 0.17010
vn 0.02580 0.98509 0.17010
vn -0.71642 0.67352 0.18200
vn -0.71642 0.67352 0.18200
vn -0.71642 0.67352 0.18200
vn -0.71642 0.67352 0.18200
vn -0.97802 0.08390 -0.19090
vn -0.97802 0.08390 -0.19090
vn -0.97802 0.08390 -0.19090
vn -0.97802 0.08390 -0.19090
vn -0.99891 0.02140 0.04160
vn -0.99891 0.02140 0.04160
vn -0.99891 0.02140 0.04160
vn -0.99891 0.02140 0.04160
vn -0.91411 0.03210 0.40420
vn 0.95734 -0.26821 0.10750
vn 0.95734 -0.26821 0.10750
vn -0.77219 0.23260 0.59129
vn -0.77219 0.23260 0.59129
vn -0.77219 0.23260 0.59129
vn -0.77219 0.23260 0.59129
vn -0.77219 0.23260 0.59129
vn 0.74550 -0.27350 -0.60780
vn 0.74550 -0.27350 -0.60780
vn -0.91256 0.38588 -0.13539
vn -0.91256 0.38588 -0.13539
vn -0.91256 0.38588 -0.13539
vn -0.91256 0.38588 -0.13539
vn 0.89813 -0.23731 0.37021
vn 0.89813 -0.23731 0.37021
vn 0.97848 0.05240 -0.19960
vn 0.32080 -0.28450 0.90341
vn 0.32080 -0.28450 0.90341
vn 0.32080 -0.28450 0.90341
vn 0.32080 -0.28450 0.90341
vn 0.95011 0.08430 -0.30030
vn -0.32428 0.11409 -0.93905
vn -0.32428 0.11409 -0.93905
vn -0.32428 0.11409 -0.93905
vn -0.32428 0.11409 -0.93905
vn -0.95642 -0.23161 0.17780
vn -0.95642 -0.23161 0.17780
vn -0.20680 0.03620 0.97771
vn -0.20680 0.03620 0.97771
vn -0.90239 0.19400 -0.38479
vn -0.90239 0.19400 -0.38479
vn -0.90239 0.19400 -0.38479
vn 0.86650 0.37340 0.33130
vn 0.86650 0.37340 0.33130
vn 0.86650 0.37340 0.33130
vn 0.86650 0.37340 0.33130
vn 0.94614 0.31051 0.09170
vn 0.94614 0.31051 0.09170
vn 0.94614 0.31051 0.09170
vn 0.94614 0.31051 0.09170
vn 0.02210 0.28169 0.95925
vn 0.02210 0.28169 0.95925
vn 0.02210 0.28169 0.95925
vn -0.55291 0.25041 0.79472
vn -0.55291 0.25041 0.79472
vn -0.55291 0.25041 0.79472
vn -0.55291 0.25041 0.79472
vn -0.55291 0.25041 0.79472
vn -0.18269 0.58298 -0.79168
vn -0.18269 0.58298 -0.79168
vn -0.18269 0.58298 -0.79168
vn -0.97686 0.13410 0.16659
vn -0.97686 0.13410 0.16659
vn -0.97686 0.13410 0.16659
vn -0.97686 0.13410 0.16659
vn -0.97686 0.13410 0.16659
vn 0.79958 0.22009 -0.55878
vn 0.79958 0.22009 -0.55878
vn 0.79958 0.22009 -0.55878
vn 0.84709 0.52789 -0.06140
vn 0.84709 0.52789 -0.06140
vn 0.84709 0.52789 -0.06140
vn -0.87163 -0.02310 0.48962
vn -0.87163 -0.02310 0.48962
vn -0.07040 0.88402 -0.46211
vn -0.07040 0.88402 -0.46211
vn -0.07040 0.88402 -0.46211
vn -0.07040 0.88402 -0.46211
vn -0.10350 0.68029 0.72559
vn -0.10350 0.68029 0.72559
vn -0.10350 0.68029 0.72559
vn -0.04520 0.93829 -0.34289
vn -0.04520 0.93829 -0.34289
vn -0.04520 0.93829 -0.34289
usemtl lingcao_chiyan_young_mat
s off
f 1/1/1 9/9/9 4/4/4
f 1/1/1 12/12/12 9/9/9
f 13/13/13 3/3/3 16/16/16
f 13/13/13 16/16/16 17/17/17
f 2/2/2 5/5/5 19/19/19
f 2/2/2 19/19/19 15/15/15
f 14/14/14 18/18/18 22/22/22
f 11/11/11 21/21/21 8/8/8
f 8/8/8 21/21/21 24/24/24
f 6/6/6 27/27/27 20/20/20
f 7/7/7 30/30/30 28/28/28
f 7/7/7 10/10/10 30/30/30
f 10/10/10 25/25/25 30/30/30
f 16/16/16 32/32/32 17/17/17
f 15/15/15 19/19/19 35/35/35
f 18/18/18 33/33/33 22/22/22
f 20/20/20 27/27/27 40/40/40
f 27/27/27 29/29/29 46/46/46
f 16/16/16 37/37/37 42/42/42
f 16/16/16 42/42/42 32/32/32
f 19/19/19 38/38/38 35/35/35
f 33/33/33 44/44/44 22/22/22
f 40/40/40 27/27/27 46/46/46
f 23/23/23 45/45/45 26/26/26
f 33/33/33 49/49/49 44/44/44
f 46/46/46 29/29/29 54/54/54
f 26/26/26 45/45/45 59/59/59
f 26/26/26 59/59/59 65/65/65
f 26/26/26 65/65/65 31/31/31
f 29/29/29 63/63/63 54/54/54
f 41/41/41 34/34/34 66/66/66
f 41/41/41 66/66/66 71/71/71
f 42/42/42 77/77/77 32/32/32
f 33/33/33 76/76/76 49/49/49
f 36/36/36 39/39/39 81/81/81
f 34/34/34 78/78/78 66/66/66
f 40/40/40 46/46/46 82/82/82
f 46/46/46 54/54/54 82/82/82
f 45/45/45 88/88/88 59/59/59
f 43/43/43 47/47/47 85/85/85
f 64/64/64 168/168/168 55/55/55
f 79/79/79 52/52/52 90/90/90
f 61/61/61 57/57/57 93/93/93
f 92/92/92 102/102/102 107/107/107
f 91/91/91 105/105/105 80/80/80
f 58/58/58 120/120/120 98/98/98
f 80/80/80 104/104/104 70/70/70
f 89/89/89 50/50/50 99/99/99
f 56/56/56 84/84/84 116/116/116
f 70/70/70 104/104/104 122/122/122
f 84/84/84 126/126/126 116/116/116
f 72/72/72 69/69/69 131/131/131
f 68/68/68 121/121/121 137/137/137
f 74/74/74 133/133/133 146/146/146
f 67/67/67 136/136/136 128/128/128
f 144/144/144 151/151/151 156/156/156
f 142/142/142 152/152/152 109/109/109
f 151/151/151 161/161/161 156/156/156
f 112/112/112 154/154/154 198/198/198
f 62/62/62 95/95/95 164/164/164
f 111/111/111 190/190/190 103/103/103
f 60/60/60 162/162/162 166/166/166
f 96/96/96 174/174/174 165/165/165
f 51/51/51 177/177/177 101/101/101
f 167/167/167 182/182/182 53/53/53
f 169/169/169 185/185/185 127/127/127
f 169/169/169 183/183/183 185/185/185
f 97/97/97 150/150/150 175/175/175
f 148/148/148 140/140/140 192/192/192
f 150/150/150 196/196/196 175/175/175
f 127/127/127 185/185/185 157/157/157
f 191/191/191 113/113/113 199/199/199
f 129/129/129 138/138/138 204/204/204
f 48/48/48 207/207/207 87/87/87
f 48/48/48 75/75/75 207/207/207
f 135/135/135 205/205/205 170/170/170
f 94/94/94 117/117/117 219/219/219
f 73/73/73 145/145/145 258/258/258
f 160/160/160 213/213/213 153/153/153
f 94/94/94 219/219/219 149/149/149
f 134/134/134 257/257/257 147/147/147
f 143/143/143 110/110/110 216/216/216
f 158/158/158 149/149/149 219/219/219
f 173/173/173 191/191/191 184/184/184
f 102/102/102 222/222/222 107/107/107
f 191/191/191 199/199/199 184/184/184
f 175/175/175 196/196/196 225/225/225
f 158/158/158 219/219/219 228/228/228
f 158/158/158 228/228/228 130/130/130
f 106/106/106 222/222/222 233/233/233
f 104/104/104 232/232/232 122/122/122
f 100/100/100 176/176/176 108/108/108
f 121/121/121 231/231/231 137/137/137
f 187/187/187 184/184/184 237/237/237
f 159/159/159 186/186/186 239/239/239
f 159/159/159 239/239/239 211/211/211
f 204/204/204 138/138/138 248/248/248
f 86/86/86 209/209/209 250/250/250
f 83/83/83 249/249/249 125/125/125
f 165/165/165 174/174/174 256/256/256
f 75/75/75 259/259/259 207/207/207
f 237/237/237 184/184/184 262/262/262
f 216/216/216 110/110/110 180/180/180
f 163/163/163 255/255/255 265/265/265
f 103/103/103 190/190/190 223/223/223
f 175/175/175 225/225/225 274/274/274
f 155/155/155 254/254/254 200/200/200
f 257/257/257 134/134/134 284/284/284
f 189/189/189 281/281/281 242/242/242
f 153/153/153 213/213/213 253/253/253
f 167/167/167 271/271/271 182/182/182
f 184/184/184 199/199/199 262/262/262
f 194/194/194 141/141/141 289/289/289
f 132/132/132 229/229/229 285/285/285
f 195/195/195 291/291/291 224/224/224
f 193/193/193 288/288/288 292/292/292
f 139/139/139 234/234/234 245/245/245
f 213/213/213 296/296/296 253/253/253
f 224/224/224 291/291/291 298/298/298
f 226/226/226 330/330/330 277/277/277
f 188/188/188 238/238/238 280/280/280
f 174/174/174 303/303/303 256/256/256
f 175/175/175 304/304/304 301/301/301
f 212/212/212 239/239/239 317/317/317
f 212/212/212 317/317/317 295/295/295
f 172/172/172 326/326/326 190/190/190
f 175/175/175 274/274/274 304/304/304
f 171/171/171 456/456/456 325/325/325
f 190/190/190 326/326/326 223/223/223
f 313/313/313 310/310/310 334/334/334
f 314/314/314 335/335/335 338/338/338
f 308/308/308 312/312/312 341/341/341
f 205/205/205 455/455/455 170/170/170
f 179/179/179 269/269/269 345/345/345
f 215/215/215 348/348/348 141/141/141
f 162/162/162 264/264/264 166/166/166
f 307/307/307 339/339/339 350/350/350
f 314/314/314 338/338/338 323/323/323
f 236/236/236 261/261/261 356/356/356
f 252/252/252 318/318/318 359/359/359
f 252/252/252 359/359/359 197/197/197
f 167/167/167 267/267/267 271/271/271
f 314/314/314 323/323/323 343/343/343
f 141/141/141 348/348/348 289/289/289
f 230/230/230 369/369/369 243/243/243
f 240/240/240 375/375/375 319/319/319
f 251/251/251 294/294/294 315/315/315
f 255/255/255 302/302/302 377/377/377
f 309/309/309 489/489/489 333/333/333
f 311/311/311 353/353/353 492/492/492
f 332/332/332 488/488/488 337/337/337
f 257/257/257 284/284/284 385/385/385
f 224/224/224 298/298/298 328/328/328
f 138/138/138 244/244/244 390/390/390
f 138/138/138 390/390/390 248/248/248
f 220/220/220 401/401/401 368/368/368
f 218/218/218 115/115/115 397/397/397
f 304/304/304 274/274/274 402/402/402
f 337/337/337 488/488/488 407/407/407
f 202/202/202 246/246/246 392/392/392
f 228/228/228 219/219/219 410/410/410
f 219/219/219 367/367/367 410/410/410
f 278/278/278 235/235/235 362/362/362
f 316/316/316 373/373/373 413/413/413
f 318/318/318 414/414/414 358/358/358
f 200/200/200 360/360/360 421/421/421
f 200/200/200 421/421/421 418/418/418
f 178/178/178 344/344/344 423/423/423
f 181/181/181 424/424/424 217/217/217
f 270/270/270 435/435/435 346/346/346
f 201/201/201 429/429/429 263/263/263
f 235/235/235 354/354/354 362/362/362
f 268/268/268 432/432/432 272/272/272
f 272/272/272 432/432/432 436/436/436
f 342/342/342 435/435/435 352/352/352
f 262/262/262 472/472/472 357/357/357
f 263/263/263 429/429/429 473/473/473
f 283/283/283 227/227/227 437/437/437
f 214/214/214 422/422/422 347/347/347
f 352/352/352 435/435/435 431/431/431
f 282/282/282 366/366/366 446/446/446
f 255/255/255 377/377/377 265/265/265
f 276/276/276 383/383/383 404/404/404
f 338/338/338 450/450/450 323/323/323
f 205/205/205 451/451/451 455/455/455
f 221/221/221 441/441/441 232/232/232
f 279/279/279 445/445/445 241/241/241
f 302/302/302 305/305/305 377/377/377
f 241/241/241 445/445/445 375/375/375
f 203/203/203 395/395/395 463/463/463
f 358/358/358 414/414/414 466/466/466
f 331/331/331 300/300/300 462/462/462
f 340/340/340 322/322/322 434/434/434
f 299/299/299 293/293/293 475/475/475
f 232/232/232 441/441/441 370/370/370
f 329/329/329 460/460/460 275/275/275
f 344/344/344 433/433/433 479/479/479
f 344/344/344 479/479/479 423/423/423
f 320/320/320 479/479/479 433/433/433
f 369/369/369 480/480/480 243/243/243
f 292/292/292 288/288/288 477/477/477
f 291/291/291 476/476/476 610/610/610
f 291/291/291 610/610/610 474/474/474
f 351/351/351 430/430/430 440/440/440
f 321/321/321 448/448/448 479/479/479
f 351/351/351 440/440/440 489/489/489
f 336/336/336 406/406/406 447/447/447
f 485/485/485 408/408/408 490/490/490
f 206/206/206 465/465/465 452/452/452
f 275/275/275 460/460/460 495/495/495
f 265/265/265 377/377/377 499/499/499
f 247/247/247 389/389/389 394/394/394
f 266/266/266 500/500/500 430/430/430
f 355/355/355 471/471/471 363/363/363
f 487/487/487 491/491/491 510/510/510
f 487/487/487 510/510/510 505/505/505
f 199/199/199 417/417/417 428/428/428
f 260/260/260 387/387/387 210/210/210
f 250/250/250 208/208/208 647/647/647
f 360/360/360 468/468/468 421/421/421
f 377/377/377 559/559/559 499/499/499
f 486/486/486 513/513/513 409/409/409
f 486/486/486 503/503/503 513/513/513
f 124/124/124 519/519/519 114/114/114
f 415/415/415 376/376/376 469/469/469
f 531/531/531 532/532/532 523/523/523
f 531/531/531 586/586/586 532/532/532
f 273/273/273 494/494/494 381/381/381
f 523/523/523 528/528/528 538/538/538
f 118/118/118 520/520/520 539/539/539
f 423/423/423 479/479/479 349/349/349
f 479/479/479 448/448/448 544/544/544
f 493/493/493 518/518/518 511/511/511
f 223/223/223 326/326/326 443/443/443
f 445/445/445 549/549/549 375/375/375
f 394/394/394 389/389/389 553/553/553
f 430/430/430 500/500/500 440/440/440
f 305/305/305 558/558/558 377/377/377
f 489/489/489 440/440/440 516/516/516
f 409/409/409 513/513/513 450/450/450
f 522/522/522 537/537/537 530/530/530
f 244/244/244 458/458/458 562/562/562
f 381/381/381 494/494/494 565/565/565
f 533/533/533 566/566/566 524/524/524
f 479/479/479 544/544/544 349/349/349
f 526/526/526 575/575/575 529/529/529
f 525/525/525 568/568/568 576/576/576
f 286/286/286 438/438/438 577/577/577
f 400/400/400 119/119/119 581/581/581
f 459/459/459 297/297/297 582/582/582
f 306/306/306 405/405/405 561/561/561
f 244/244/244 562/562/562 390/390/390
f 286/286/286 577/577/577 589/589/589
f 287/287/287 592/592/592 388/388/388
f 527/527/527 593/593/593 536/536/536
f 530/530/530 550/550/550 585/585/585
f 243/243/243 480/480/480 457/457/457
f 393/393/393 555/555/555 571/571/571
f 396/396/396 572/572/572 464/464/464
f 374/374/374 546/546/546 467/467/467
f 534/534/534 587/587/587 598/598/598
f 425/425/425 361/361/361 470/470/470
f 119/119/119 541/541/541 581/581/581
f 364/364/364 426/426/426 602/602/602
f 460/460/460 584/584/584 607/607/607
f 529/529/529 613/613/613 596/596/596
f 550/550/550 530/530/530 616/616/616
f 535/535/535 601/601/601 569/569/569
f 464/464/464 572/572/572 618/618/618
f 428/428/428 417/417/417 624/624/624
f 421/421/421 468/468/468 547/547/547
f 516/516/516 440/440/440 729/729/729
f 449/449/449 512/512/512 634/634/634
f 449/449/449 634/634/634 544/544/544
f 420/420/420 643/643/643 416/416/416
f 502/502/502 508/508/508 694/694/694
f 530/530/530 537/537/537 616/616/616
f 444/444/444 626/626/626 371/371/371
f 208/208/208 637/637/637 647/647/647
f 445/445/445 654/654/654 650/650/650
f 507/507/507 517/517/517 703/703/703
f 445/445/445 365/365/365 654/654/654
f 445/445/445 650/650/650 548/548/548
f 583/583/583 298/298/298 474/474/474
f 348/348/348 630/630/630 289/289/289
f 349/349/349 544/544/544 631/631/631
f 384/384/384 501/501/501 403/403/403
f 529/529/529 575/575/575 659/659/659
f 529/529/529 659/659/659 613/613/613
f 465/465/465 619/619/619 452/452/452
f 501/501/501 560/560/560 403/403/403
f 440/440/440 500/500/500 729/729/729
f 427/427/427 622/622/622 603/603/603
f 461/461/461 609/609/609 497/497/497
f 289/289/289 630/630/630 743/743/743
f 478/478/478 290/290/290 744/744/744
f 550/550/550 616/616/616 665/665/665
f 588/588/588 552/552/552 600/600/600
f 553/553/553 389/389/389 668/668/668
f 615/615/615 674/674/674 597/597/597
f 458/458/458 661/661/661 562/562/562
f 249/249/249 762/762/762 125/125/125
f 365/365/365 604/604/604 654/654/654
f 123/123/123 761/761/761 519/519/519
f 416/416/416 642/642/642 623/623/623
f 545/545/545 649/649/649 419/419/419
f 552/552/552 627/627/627 600/600/600
f 452/452/452 644/644/644 675/675/675
f 399/399/399 579/579/579 677/677/677
f 537/537/537 594/594/594 616/616/616
f 573/573/573 680/680/680 656/656/656
f 442/442/442 327/327/327 625/625/625
f 324/324/324 454/454/454 682/682/682
f 227/227/227 686/686/686 437/437/437
f 227/227/227 684/684/684 686/686/686
f 229/229/229 412/412/412 685/685/685
f 367/367/367 398/398/398 688/688/688
f 583/583/583 474/474/474 606/606/606
f 379/379/379 564/564/564 689/689/689
f 514/514/514 504/504/504 695/695/695
f 514/514/514 695/695/695 635/635/635
f 696/696/696 706/706/706 700/700/700
f 371/371/371 626/626/626 711/711/711
f 452/452/452 675/675/675 714/714/714
f 451/451/451 713/713/713 455/455/455
f 453/453/453 620/620/620 645/645/645
f 496/496/496 608/608/608 719/719/719
f 380/380/380 723/723/723 726/726/726
f 378/378/378 725/725/725 498/498/498
f 390/390/390 562/562/562 733/733/733
f 419/419/419 649/649/649 640/640/640
f 515/515/515 728/728/728 702/702/702
f 626/626/626 551/551/551 711/711/711
f 678/678/678 580/580/580 738/738/738
f 494/494/494 718/718/718 565/565/565
f 544/544/544 634/634/634 631/631/631
f 701/701/701 740/740/740 698/698/698
f 372/372/372 712/712/712 484/484/484
f 327/327/327 741/741/741 625/625/625
f 327/327/327 683/683/683 741/741/741
f 570/570/570 554/554/554 617/617/617
f 476/476/476 742/742/742 610/610/610
f 701/701/701 746/746/746 740/740/740
f 567/567/567 599/599/599 741/741/741
f 567/567/567 741/741/741 574/574/574
f 625/625/625 741/741/741 599/599/599
f 439/439/439 736/736/736 578/578/578
f 474/474/474 750/750/750 606/606/606
f 704/704/704 730/730/730 747/747/747
f 509/509/509 705/705/705 709/709/709
f 506/506/506 707/707/707 693/693/693
f 603/603/603 622/622/622 653/653/653
f 562/562/562 796/796/796 733/733/733
f 210/210/210 757/757/757 638/638/638
f 580/580/580 542/542/542 738/738/738
f 457/457/457 480/480/480 660/660/660
f 551/551/551 667/667/667 711/711/711
f 605/605/605 748/748/748 717/717/717
f 210/210/210 387/387/387 757/757/757
f 437/437/437 686/686/686 734/734/734
f 647/647/647 765/765/765 250/250/250
f 678/678/678 738/738/738 760/760/760
f 474/474/474 610/610/610 750/750/750
f 699/699/699 753/753/753 767/767/767
f 699/699/699 767/767/767 708/708/708
f 620/620/620 556/556/556 645/645/645
f 398/398/398 676/676/676 769/769/769
f 398/398/398 769/769/769 688/688/688
f 595/595/595 673/673/673 805/805/805
f 594/594/594 804/804/804 616/616/616
f 612/612/612 658/658/658 773/773/773
f 635/635/635 695/695/695 790/790/790
f 708/708/708 776/776/776 695/695/695
f 779/779/779 781/781/781 671/671/671
f 652/652/652 621/621/621 641/641/641
f 648/648/648 651/651/651 639/639/639
f 635/635/635 790/790/790 633/633/633
f 739/739/739 745/745/745 784/784/784
f 739/739/739 784/784/784 697/697/697
f 679/679/679 791/791/791 655/655/655
f 589/589/589 577/577/577 793/793/793
f 695/695/695 776/776/776 789/789/789
f 670/670/670 611/611/611 778/778/778
f 660/660/660 480/480/480 795/795/795
f 391/391/391 800/800/800 669/669/669
f 389/389/389 731/731/731 798/798/798
f 386/386/386 590/590/590 757/757/757
f 697/697/697 784/784/784 752/752/752
f 782/782/782 804/804/804 672/672/672
f 708/708/708 767/767/767 777/777/777
f 682/682/682 454/454/454 887/887/887
f 556/556/556 801/801/801 645/645/645
f 778/778/778 611/611/611 816/816/816
f 574/574/574 741/741/741 681/681/681
f 720/720/720 751/751/751 823/823/823
f 382/382/382 691/691/691 834/834/834
f 380/380/380 832/832/832 722/722/722
f 780/780/780 828/828/828 783/783/783
f 563/563/563 662/662/662 797/797/797
f 676/676/676 758/758/758 769/769/769
f 628/628/628 830/830/830 742/742/742
f 629/629/629 787/787/787 807/807/807
f 745/745/745 727/727/727 833/833/833
f 745/745/745 833/833/833 784/784/784
f 733/733/733 796/796/796 483/483/483
f 455/455/455 713/713/713 888/888/888
f 577/577/577 735/735/735 793/793/793
f 543/543/543 521/521/521 591/591/591
f 610/610/610 742/742/742 806/806/806
f 610/610/610 806/806/806 813/813/813
f 742/742/742 830/830/830 806/806/806
f 681/681/681 741/741/741 792/792/792
f 710/710/710 664/664/664 482/482/482
f 553/553/553 668/668/668 840/840/840
f 557/557/557 843/843/843 803/803/803
f 737/737/737 821/821/821 794/794/794
f 741/741/741 683/683/683 792/792/792
f 733/733/733 483/483/483 903/903/903
f 821/821/821 846/846/846 794/794/794
f 749/749/749 813/813/813 822/822/822
f 727/727/727 724/724/724 833/833/833
f 775/775/775 808/808/808 788/788/788
f 778/778/778 816/816/816 826/826/826
f 749/749/749 610/610/610 813/813/813
f 632/632/632 809/809/809 831/831/831
f 783/783/783 828/828/828 838/838/838
f 614/614/614 774/774/774 818/818/818
f 616/616/616 804/804/804 665/665/665
f 657/657/657 792/792/792 772/772/772
f 645/645/645 801/801/801 849/849/849
f 644/644/644 848/848/848 675/675/675
f 686/686/686 922/922/922 734/734/734
f 734/734/734 922/922/922 819/819/819
f 765/765/765 647/647/647 865/865/865
f 669/669/669 858/858/858 841/841/841
f 669/669/669 800/800/800 858/858/858
f 638/638/638 757/757/757 866/866/866
f 785/785/785 835/835/835 861/861/861
f 824/824/824 815/815/815 853/853/853
f 565/565/565 718/718/718 692/692/692
f 636/636/636 863/863/863 646/646/646
f 757/757/757 590/590/590 868/868/868
f 786/786/786 862/862/862 754/754/754
f 782/782/782 837/837/837 804/804/804
f 777/777/777 880/880/880 809/809/809
f 777/777/777 767/767/767 880/880/880
f 481/481/481 663/663/663 902/902/902
f 738/738/738 871/871/871 760/760/760
f 721/721/721 825/825/825 876/876/876
f 718/718/718 875/875/875 692/692/692
f 754/754/754 862/862/862 881/881/881
f 665/665/665 804/804/804 882/882/882
f 666/666/666 884/884/884 904/904/904
f 844/844/844 820/820/820 923/923/923
f 591/591/591 521/521/521 869/869/869
f 837/837/837 885/885/885 804/804/804
f 759/759/759 870/870/870 770/770/770
f 833/833/833 690/690/690 860/860/860
f 809/809/809 880/880/880 893/893/893
f 683/683/683 889/889/889 792/792/792
f 738/738/738 542/542/542 906/906/906
f 806/806/806 908/908/908 813/813/813
f 825/825/825 854/854/854 876/876/876
f 809/809/809 893/893/893 831/831/831
f 860/860/860 912/912/912 878/878/878
f 860/860/860 690/690/690 912/912/912
f 753/753/753 880/880/880 767/767/767
f 837/837/837 899/899/899 885/885/885
f 714/714/714 675/675/675 920/920/920
f 715/715/715 921/921/921 810/810/810
f 913/913/913 932/932/932 879/879/879
f 836/836/836 826/826/826 915/915/915
f 836/836/836 915/915/915 894/894/894
f 716/716/716 812/812/812 890/890/890
f 818/818/818 774/774/774 938/938/938
f 675/675/675 848/848/848 920/920/920
f 755/755/755 763/763/763 864/864/864
f 756/756/756 867/867/867 764/764/764
f 852/852/852 814/814/814 942/942/942
f 806/806/806 830/830/830 907/907/907
f 521/521/521 766/766/766 869/869/869
f 367/367/367 688/688/688 943/943/943
f 911/911/911 925/925/925 931/931/931
f 802/802/802 842/842/842 850/850/850
f 738/738/738 906/906/906 871/871/871
f 769/769/769 943/943/943 688/688/688
f 880/880/880 933/933/933 893/893/893
f 839/839/839 896/896/896 900/900/900
f 792/792/792 889/889/889 772/772/772
f 685/685/685 411/411/411 946/946/946
f 410/410/410 367/367/367 944/944/944
f 813/813/813 908/908/908 939/939/939
f 690/690/690 873/873/873 912/912/912
f 914/914/914 877/877/877 930/930/930
f 817/817/817 937/937/937 829/829/829
f 842/842/842 859/859/859 850/850/850
f 772/772/772 889/889/889 934/934/934
f 367/367/367 943/943/943 944/944/944
f 923/923/923 687/687/687 948/948/948
f 830/830/830 891/891/891 907/907/907
f 732/732/732 901/901/901 950/950/950
f 933/933/933 929/929/929 893/893/893
f 827/827/827 935/935/935 916/916/916
f 889/889/889 951/951/951 934/934/934
f 731/731/731 949/949/949 798/798/798
f 793/793/793 845/845/845 954/954/954
f 855/855/855 919/919/919 847/847/847
f 686/686/686 684/684/684 958/958/958
f 851/851/851 940/940/940 874/874/874
f 804/804/804 885/885/885 883/883/883
f 923/923/923 948/948/948 955/955/955
f 918/918/918 963/963/963 897/897/897
f 771/771/771 872/872/872 966/966/966
f 845/845/845 924/924/924 954/954/954
f 768/768/768 964/964/964 943/943/943
f 856/856/856 798/798/798 967/967/967
f 684/684/684 945/945/945 958/958/958
f 890/890/890 812/812/812 971/971/971
f 890/890/890 971/971/971 952/952/952
f 917/917/917 936/936/936 961/961/961
f 874/874/874 940/940/940 926/926/926
f 910/910/910 892/892/892 928/928/928
f 909/909/909 927/927/927 941/941/941
f 872/872/872 973/973/973 965/965/965
f 798/798/798 949/949/949 977/977/977
f 898/898/898 895/895/895 979/979/979
f 898/898/898 979/979/979 974/974/974
f 901/901/901 1003/1003/1003 950/950/950
f 857/857/857 970/970/970 921/921/921
f 900/900/900 975/975/975 886/886/886
f 951/951/951 984/984/984 934/934/934
f 799/799/799 990/990/990 968/968/968
f 798/798/798 977/977/977 988/988/988
f 957/957/957 994/994/994 998/998/998
f 924/924/924 956/956/956 996/996/996
f 924/924/924 996/996/996 954/954/954
f 948/948/948 1002/1002/1002 955/955/955
f 686/686/686 958/958/958 947/947/947
f 975/975/975 1004/1004/1004 886/886/886
f 886/886/886 1004/1004/1004 884/884/884
f 955/955/955 1002/1002/1002 993/993/993
f 884/884/884 1005/1005/1005 905/905/905
f 921/921/921 970/970/970 1008/1008/1008
f 921/921/921 1008/1008/1008 811/811/811
f 871/871/871 906/906/906 972/972/972
f 897/897/897 1016/1016/1016 981/981/981
f 897/897/897 963/963/963 1016/1016/1016
f 976/976/976 980/980/980 1013/1013/1013
f 589/589/589 1022/1022/1022 540/540/540
f 542/542/542 1023/1023/1023 906/906/906
f 950/950/950 1003/1003/1003 978/978/978
f 589/589/589 793/793/793 1022/1022/1022
f 965/965/965 973/973/973 1028/1028/1028
f 812/812/812 1009/1009/1009 971/971/971
f 976/976/976 1013/1013/1013 1006/1006/1006
f 1029/1029/1029 1003/1003/1003 1010/1010/1010
f 934/934/934 984/984/984 960/960/960
f 1003/1003/1003 1029/1029/1029 978/978/978
f 968/968/968 990/990/990 1018/1018/1018
f 1030/1030/1030 1011/1011/1011 1036/1036/1036
f 1029/1029/1029 1032/1032/1032 978/978/978
f 982/982/982 1017/1017/1017 1014/1014/1014
f 1029/1029/1029 1034/1034/1034 1032/1032/1032
f 969/969/969 1019/1019/1019 1007/1007/1007
f 964/964/964 1024/1024/1024 943/943/943
f 1015/1015/1015 962/962/962 986/986/986
f 1032/1032/1032 990/990/990 978/978/978
f 952/952/952 971/971/971 985/985/985
f 972/972/972 906/906/906 1038/1038/1038
f 943/943/943 1024/1024/1024 1040/1040/1040
f 1014/1014/1014 1017/1017/1017 987/987/987
f 793/793/793 954/954/954 1022/1022/1022
f 944/944/944 943/943/943 1044/1044/1044
f 1031/1031/1031 1049/1049/1049 989/989/989
f 983/983/983 1047/1047/1047 1012/1012/1012
f 943/943/943 1040/1040/1040 1044/1044/1044
f 1012/1012/1012 1047/1047/1047 1037/1037/1037
f 991/991/991 1051/1051/1051 1020/1020/1020
f 947/947/947 958/958/958 1001/1001/1001
f 985/985/985 971/971/971 1048/1048/1048
f 1021/1021/1021 1052/1052/1052 1009/1009/1009
f 1033/1033/1033 1035/1035/1035 1046/1046/1046
f 1033/1033/1033 1046/1046/1046 1050/1050/1050
f 972/972/972 1038/1038/1038 1025/1025/1025
f 971/971/971 1009/1009/1009 1048/1048/1048
f 1009/1009/1009 1052/1052/1052 1048/1048/1048
f 997/997/997 1055/1055/1055 954/954/954
f 954/954/954 1060/1060/1060 1022/1022/1022
f 906/906/906 1023/1023/1023 1061/1061/1061
f 906/906/906 1061/1061/1061 1038/1038/1038
f 1001/1001/1001 958/958/958 1079/1079/1079
f 945/945/945 1063/1063/1063 958/958/958
f 944/944/944 1044/1044/1044 1062/1062/1062
f 953/953/953 1054/1054/1054 1059/1059/1059
f 1000/1000/1000 1078/1078/1078 1065/1065/1065
f 1000/1000/1000 1065/1065/1065 992/992/992
f 1043/1043/1043 1070/1070/1070 1045/1045/1045
f 1039/1039/1039 1073/1073/1073 1026/1026/1026
f 999/999/999 1068/1068/1068 1056/1056/1056
f 1027/1027/1027 1074/1074/1074 1042/1042/1042
f 995/995/995 992/992/992 1065/1065/1065
f 1038/1038/1038 1061/1061/1061 1071/1071/1071
f 1081/1081/1081 959/959/959 1076/1076/1076
f 1053/1053/1053 1064/1064/1064 1057/1057/1057
f 958/958/958 1063/1063/1063 1077/1077/1077
f 1043/1043/1043 1086/1086/1086 1070/1070/1070
f 1069/1069/1069 1082/1082/1082 1044/1044/1044
f 1072/1072/1072 1085/1085/1085 1041/1041/1041
f 1044/1044/1044 1082/1082/1082 1062/1062/1062
f 1022/1022/1022 1060/1060/1060 1087/1087/1087
f 1023/1023/1023 1088/1088/1088 1061/1061/1061
f 958/958/958 1077/1077/1077 1075/1075/1075
f 1081/1081/1081 1076/1076/1076 1090/1090/1090
f 1080/1080/1080 1089/1089/1089 1067/1067/1067
f 1071/1071/1071 1061/1061/1061 1092/1092/1092
f 1071/1071/1071 1092/1092/1092 1084/1084/1084
f 1075/1075/1075 1077/1077/1077 1094/1094/1094
f 1061/1061/1061 1088/1088/1088 1092/1092/1092
f 1077/1077/1077 1063/1063/1063 1098/1098/1098
f 1077/1077/1077 1098/1098/1098 1094/1094/1094
f 1089/1089/1089 1103/1103/1103 1067/1067/1067
f 1090/1090/1090 1076/1076/1076 1104/1104/1104
f 1076/1076/1076 1096/1096/1096 1104/1104/1104
f 1067/1067/1067 1103/1103/1103 1107/1107/1107
f 1066/1066/1066 1106/1106/1106 1058/1058/1058
f 1069/1069/1069 1083/1083/1083 1110/1110/1110
f 1069/1069/1069 1110/1110/1110 1082/1082/1082
f 1060/1060/1060 1107/1107/1107 1087/1087/1087
f 1062/1062/1062 1082/1082/1082 1098/1098/1098
f 1082/1082/1082 1110/1110/1110 1118/1118/1118
f 1088/1088/1088 1115/1115/1115 1092/1092/1092
f 1092/1092/1092 1112/1112/1112 1084/1084/1084
f 1082/1082/1082 1121/1121/1121 1098/1098/1098
f 1087/1087/1087 1107/1107/1107 1124/1124/1124
f 1087/1087/1087 1124/1124/1124 1113/1113/1113
f 1082/1082/1082 1118/1118/1118 1121/1121/1121
f 1097/1097/1097 1101/1101/1101 1109/1109/1109
f 1102/1102/1102 1095/1095/1095 1105/1105/1105
f 1118/1118/1118 1126/1126/1126 1121/1121/1121
f 1091/1091/1091 1119/1119/1119 1111/1111/1111
f 1093/1093/1093 1129/1129/1129 1120/1120/1120
f 1107/1107/1107 1130/1130/1130 1124/1124/1124
f 1092/1092/1092 1114/1114/1114 1127/1127/1127
f 1108/1108/1108 1099/1099/1099 1131/1131/1131
f 1100/1100/1100 1122/1122/1122 1131/1131/1131
f 1128/1128/1128 1135/1135/1135 1123/1123/1123
f 1125/1125/1125 1132/1132/1132 1117/1117/1117
f 1114/1114/1114 1133/1133/1133 1127/1127/1127
f 1122/1122/1122 1134/1134/1134 1131/1131/1131
f 1131/1131/1131 1134/1134/1134 1116/1116/1116
