# 由 henjicc/yipiantian 的 lingcao_chiyan_mature 转换而来（见 manifest.json）
mtllib lingcao_chiyan_mature.mtl
o lingcao_chiyan_mature
v 0.01404 0.00063 -0.00887
v 0.01404 0.00063 -0.00887
v 0.01404 0.00063 -0.00887
v 0.01404 0.00063 -0.00887
v -0.01299 0.00589 0.01306
v -0.01299 0.00589 0.01306
v -0.01299 0.00589 0.01306
v -0.01457 0.00386 -0.01364
v -0.01457 0.00386 -0.01364
v -0.01457 0.00386 -0.01364
v -0.01457 0.00386 -0.01364
v -0.00005 0.00417 -0.02232
v -0.00005 0.00417 -0.02232
v -0.00005 0.00417 -0.02232
v 0.00111 0.00460 0.01488
v 0.00111 0.00460 0.01488
v 0.00111 0.00460 0.01488
v -0.02118 0.00729 0.00261
v -0.02118 0.00729 0.00261
v -0.02118 0.00729 0.00261
v 0.02001 0.00706 0.00959
v 0.02001 0.00706 0.00959
v -0.03875 0.03846 -0.01357
v -0.04572 0.06263 -0.02526
v -0.04572 0.06263 -0.02526
v 0.04511 0.05890 -0.02368
v 0.04511 0.05890 -0.02368
v 0.04511 0.05890 -0.02368
v -0.01707 0.06186 -0.04779
v -0.01707 0.06186 -0.04779
v -0.01707 0.06186 -0.04779
v 0.01788 0.06135 -0.04714
v 0.01788 0.06135 -0.04714
v 0.01788 0.06135 -0.04714
v -0.04825 0.06228 0.02134
v -0.04825 0.06228 0.02134
v -0.04825 0.06228 0.02134
v -0.04825 0.06228 0.02134
v 0.04042 0.04975 0.02630
v 0.04042 0.04975 0.02630
v 0.01664 0.04830 0.04413
v 0.01664 0.04830 0.04413
v 0.01664 0.04830 0.04413
v -0.01973 0.04576 0.04241
v -0.01973 0.04576 0.04241
v -0.01973 0.04576 0.04241
v -0.01973 0.04576 0.04241
v -0.05186 0.06171 0.00197
v 0.05214 0.06399 0.01127
v 0.05214 0.06399 0.01127
v 0.05214 0.06399 0.01127
v 0.05214 0.06399 0.01127
v -0.03446 0.07830 0.04541
v 0.03488 0.07940 0.04527
v 0.03488 0.07940 0.04527
v -0.00389 0.07500 0.05654
v -0.00389 0.07500 0.05654
v -0.04064 0.09902 -0.03366
v -0.04064 0.09902 -0.03366
v -0.04064 0.09902 -0.03366
v 0.01820 0.09946 -0.04926
v 0.01820 0.09946 -0.04926
v 0.04149 0.09855 -0.03230
v 0.04149 0.09855 -0.03230
v 0.00717 0.10710 0.05685
v 0.00717 0.10710 0.05685
v -0.02138 0.10564 -0.04658
v -0.02138 0.10564 -0.04658
v 0.05321 0.10979 -0.00631
v 0.05321 0.10979 -0.00631
v 0.05321 0.10979 -0.00631
v -0.05405 0.10775 -0.00602
v -0.05405 0.10775 -0.00602
v -0.05405 0.10775 -0.00602
v -0.04643 0.11474 0.03085
v -0.04643 0.11474 0.03085
v -0.04643 0.11474 0.03085
v 0.04543 0.11622 0.03204
v 0.04543 0.11622 0.03204
v -0.01938 0.11946 0.05235
v -0.01938 0.11946 0.05235
v -0.01938 0.11946 0.05235
v -0.01938 0.11946 0.05235
v 0.01788 0.12931 0.05012
v 0.01788 0.12931 0.05012
v -0.01894 0.13459 -0.03473
v -0.01894 0.13459 -0.03473
v -0.01894 0.13459 -0.03473
v -0.01894 0.13459 -0.03473
v -0.01894 0.13459 -0.03473
v -0.01894 0.13459 -0.03473
v 0.00072 0.13044 -0.04192
v 0.00072 0.13044 -0.04192
v 0.00072 0.13044 -0.04192
v 0.02735 0.13657 -0.02529
v 0.02735 0.13657 -0.02529
v 0.02735 0.13657 -0.02529
v 0.02735 0.13657 -0.02529
v 0.02735 0.13657 -0.02529
v -0.03537 0.13537 -0.02025
v -0.03537 0.13537 -0.02025
v -0.03537 0.13537 -0.02025
v -0.03537 0.13537 -0.02025
v 0.04180 0.13628 -0.00485
v 0.04180 0.13628 -0.00485
v 0.04180 0.13628 -0.00485
v -0.04504 0.13287 0.01058
v -0.04504 0.13287 0.01058
v 0.03503 0.14091 0.02496
v 0.03503 0.14091 0.02496
v 0.03503 0.14091 0.02496
v 0.03503 0.14091 0.02496
v -0.02922 0.13731 0.03660
v -0.02922 0.13731 0.03660
v -0.00581 0.14510 0.04067
v -0.00581 0.14510 0.04067
v -0.03123 0.14376 0.00743
v -0.03123 0.14376 0.00743
v -0.03123 0.14376 0.00743
v -0.03123 0.14376 0.00743
v -0.03123 0.14376 0.00743
v -0.03123 0.14376 0.00743
v 0.03721 0.13941 -0.00620
v 0.03721 0.13941 -0.00620
v 0.03721 0.13941 -0.00620
v 0.03721 0.13941 -0.00620
v -0.00297 0.13352 -0.03506
v -0.00297 0.13352 -0.03506
v -0.00297 0.13352 -0.03506
v -0.00297 0.13352 -0.03506
v -0.00297 0.13352 -0.03506
v 0.00973 0.14054 -0.03265
v 0.00973 0.14054 -0.03265
v 0.00973 0.14054 -0.03265
v 0.00973 0.14054 -0.03265
v 0.00973 0.14054 -0.03265
v -0.02375 0.14614 0.02377
v -0.02375 0.14614 0.02377
v -0.02375 0.14614 0.02377
v -0.02375 0.14614 0.02377
v 0.02142 0.14545 0.02486
v 0.02142 0.14545 0.02486
v 0.02142 0.14545 0.02486
v 0.02142 0.14545 0.02486
v 0.02142 0.14545 0.02486
v 0.02142 0.14545 0.02486
v -0.03125 0.14026 -0.00727
v -0.03125 0.14026 -0.00727
v 0.15359 0.13689 -0.15397
v 0.15359 0.13689 -0.15397
v 0.14280 0.14669 -0.16566
v 0.14280 0.14669 -0.16566
v 0.14280 0.14669 -0.16566
v 0.14280 0.14669 -0.16566
v 0.14280 0.14669 -0.16566
v -0.01247 0.16411 -0.05160
v -0.01247 0.16411 -0.05160
v -0.01247 0.16411 -0.05160
v 0.15953 0.14289 -0.13291
v 0.15953 0.14289 -0.13291
v 0.15953 0.14289 -0.13291
v 0.15953 0.14289 -0.13291
v -0.02501 0.16361 -0.04431
v -0.02501 0.16361 -0.04431
v -0.02501 0.16361 -0.04431
v -0.00001 0.17015 -0.04864
v -0.00001 0.17015 -0.04864
v -0.00001 0.17015 -0.04864
v 0.15605 0.16147 -0.16109
v 0.15605 0.16147 -0.16109
v 0.15605 0.16147 -0.16109
v 0.16030 0.15635 -0.14278
v 0.16030 0.15635 -0.14278
v 0.16030 0.15635 -0.14278
v 0.16030 0.15635 -0.14278
v 0.02944 0.15550 0.00804
v 0.02944 0.15550 0.00804
v 0.02944 0.15550 0.00804
v 0.02944 0.15550 0.00804
v 0.02343 0.17830 -0.03220
v 0.02343 0.17830 -0.03220
v 0.02343 0.17830 -0.03220
v 0.02343 0.17830 -0.03220
v 0.15162 0.16386 -0.14383
v 0.15162 0.16386 -0.14383
v 0.15162 0.16386 -0.14383
v 0.15162 0.16386 -0.14383
v -0.02870 0.15966 -0.02367
v -0.02870 0.15966 -0.02367
v -0.02870 0.15966 -0.02367
v -0.02870 0.15966 -0.02367
v -0.02870 0.15966 -0.02367
v -0.03019 0.16174 0.01146
v -0.03019 0.16174 0.01146
v -0.03019 0.16174 0.01146
v -0.03019 0.16174 0.01146
v 0.03829 0.17309 -0.02400
v 0.03829 0.17309 -0.02400
v 0.03829 0.17309 -0.02400
v 0.03829 0.17309 -0.02400
v -0.00362 0.14598 0.03181
v -0.00362 0.14598 0.03181
v -0.00362 0.14598 0.03181
v -0.00362 0.14598 0.03181
v -0.00362 0.14598 0.03181
v -0.00362 0.14598 0.03181
v -0.00125 0.16633 0.03504
v -0.00125 0.16633 0.03504
v -0.00125 0.16633 0.03504
v -0.00125 0.16633 0.03504
v -0.00125 0.16633 0.03504
v 0.00397 0.14742 -0.02395
v 0.00397 0.14742 -0.02395
v 0.00397 0.14742 -0.02395
v 0.00397 0.14742 -0.02395
v 0.00397 0.14742 -0.02395
v 0.00397 0.14742 -0.02395
v 0.13844 0.15938 -0.16891
v 0.13844 0.15938 -0.16891
v 0.13844 0.15938 -0.16891
v 0.01008 0.15362 -0.01511
v 0.01008 0.15362 -0.01511
v 0.01008 0.15362 -0.01511
v 0.01008 0.15362 -0.01511
v -0.01115 0.15655 -0.02046
v -0.01115 0.15655 -0.02046
v -0.01115 0.15655 -0.02046
v -0.01115 0.15655 -0.02046
v -0.01115 0.15655 -0.02046
v -0.01115 0.15655 -0.02046
v -0.01115 0.15655 -0.02046
v -0.01115 0.15655 -0.02046
v -0.01101 0.18450 -0.02133
v -0.01101 0.18450 -0.02133
v 0.00175 0.15567 0.01050
v 0.00175 0.15567 0.01050
v 0.00175 0.15567 0.01050
v 0.00175 0.15567 0.01050
v 0.00067 0.15892 0.02150
v 0.00067 0.15892 0.02150
v 0.00067 0.15892 0.02150
v 0.00067 0.15892 0.02150
v 0.00067 0.15892 0.02150
v -0.05079 0.18759 -0.00727
v -0.05079 0.18759 -0.00727
v -0.05079 0.18759 -0.00727
v -0.05079 0.18759 -0.00727
v 0.16282 0.15831 -0.11675
v 0.16282 0.15831 -0.11675
v 0.16282 0.15831 -0.11675
v -0.01267 0.19684 -0.06550
v -0.01267 0.19684 -0.06550
v -0.01267 0.19684 -0.06550
v 0.16824 0.16511 -0.12750
v 0.16824 0.16511 -0.12750
v 0.16824 0.16511 -0.12750
v 0.16824 0.16511 -0.12750
v 0.01561 0.15171 0.00183
v 0.01561 0.15171 0.00183
v 0.01561 0.15171 0.00183
v 0.01561 0.15171 0.00183
v 0.01561 0.15171 0.00183
v 0.01561 0.15171 0.00183
v 0.01561 0.15171 0.00183
v 0.00721 0.17755 -0.01012
v 0.00721 0.17755 -0.01012
v 0.00721 0.17755 -0.01012
v 0.02464 0.18110 0.04027
v 0.02464 0.18110 0.04027
v 0.02464 0.18110 0.04027
v 0.02464 0.18110 0.04027
v 0.02464 0.18110 0.04027
v -0.00672 0.17745 0.04366
v -0.00672 0.17745 0.04366
v -0.00672 0.17745 0.04366
v -0.02038 0.18038 0.05091
v -0.02038 0.18038 0.05091
v -0.02038 0.18038 0.05091
v -0.02038 0.18038 0.05091
v -0.03302 0.18978 0.04285
v -0.03302 0.18978 0.04285
v -0.03302 0.18978 0.04285
v 0.04325 0.20735 -0.03189
v 0.04325 0.20735 -0.03189
v 0.03011 0.19420 0.02207
v 0.03011 0.19420 0.02207
v 0.03011 0.19420 0.02207
v 0.03011 0.19420 0.02207
v -0.01873 0.17974 -0.01756
v -0.01873 0.17974 -0.01756
v 0.02843 0.19523 -0.02752
v 0.02843 0.19523 -0.02752
v 0.02843 0.19523 -0.02752
v -0.02783 0.18055 -0.04050
v -0.02783 0.18055 -0.04050
v -0.02783 0.18055 -0.04050
v -0.02783 0.18055 -0.04050
v 0.13128 0.15691 -0.16989
v 0.13128 0.15691 -0.16989
v 0.11896 0.16646 -0.17636
v 0.11896 0.16646 -0.17636
v 0.11896 0.16646 -0.17636
v 0.11896 0.16646 -0.17636
v 0.00247 0.18292 0.00411
v 0.00247 0.18292 0.00411
v 0.00247 0.18292 0.00411
v 0.16010 0.15812 -0.10914
v 0.16010 0.15812 -0.10914
v 0.16010 0.15812 -0.10914
v 0.15999 0.16827 -0.09595
v 0.15999 0.16827 -0.09595
v 0.15999 0.16827 -0.09595
v 0.15999 0.16827 -0.09595
v 0.04032 0.19057 -0.00946
v 0.04032 0.19057 -0.00946
v 0.04032 0.19057 -0.00946
v 0.13796 0.17579 -0.15465
v 0.13796 0.17579 -0.15465
v -0.02993 0.17938 -0.02104
v -0.02993 0.17938 -0.02104
v -0.02993 0.17938 -0.02104
v 0.02107 0.20791 0.03505
v 0.02107 0.20791 0.03505
v 0.02107 0.20791 0.03505
v -0.05125 0.19922 -0.01322
v -0.05125 0.19922 -0.01322
v -0.05125 0.19922 -0.01322
v -0.05125 0.19922 -0.01322
v 0.12541 0.18031 -0.17276
v 0.12541 0.18031 -0.17276
v 0.12541 0.18031 -0.17276
v -0.01635 0.16511 -0.00013
v -0.01635 0.16511 -0.00013
v -0.01635 0.16511 -0.00013
v -0.01635 0.16511 -0.00013
v -0.01635 0.16511 -0.00013
v -0.01635 0.16511 -0.00013
v -0.01635 0.16511 -0.00013
v 0.15043 0.18355 -0.11639
v 0.15043 0.18355 -0.11639
v 0.15043 0.18355 -0.11639
v 0.02476 0.19377 0.02452
v 0.02476 0.19377 0.02452
v 0.02476 0.19377 0.02452
v -0.01944 0.17927 -0.00508
v -0.01944 0.17927 -0.00508
v -0.01295 0.17683 0.03249
v -0.01295 0.17683 0.03249
v -0.01295 0.17683 0.03249
v -0.01295 0.17683 0.03249
v -0.01295 0.17683 0.03249
v -0.05329 0.19019 -0.00043
v -0.05329 0.19019 -0.00043
v -0.05329 0.19019 -0.00043
v -0.05329 0.19019 -0.00043
v -0.05329 0.19019 -0.00043
v -0.03416 0.18940 -0.00951
v -0.03416 0.18940 -0.00951
v -0.03416 0.18940 -0.00951
v -0.03416 0.18940 -0.00951
v 0.01388 0.19439 0.04354
v 0.01388 0.19439 0.04354
v 0.03292 0.19106 0.02732
v 0.03292 0.19106 0.02732
v 0.03292 0.19106 0.02732
v 0.03292 0.19106 0.02732
v -0.02675 0.19585 -0.07818
v -0.02675 0.19585 -0.07818
v -0.02675 0.19585 -0.07818
v -0.02675 0.19585 -0.07818
v -0.00582 0.20360 -0.08713
v -0.00582 0.20360 -0.08713
v -0.00582 0.20360 -0.08713
v -0.00582 0.20360 -0.08713
v -0.00476 0.17380 0.00867
v -0.00476 0.17380 0.00867
v -0.00476 0.17380 0.00867
v -0.00476 0.17380 0.00867
v -0.00476 0.17380 0.00867
v -0.00476 0.17380 0.00867
v -0.00476 0.17380 0.00867
v -0.04585 0.19158 0.00445
v -0.04585 0.19158 0.00445
v -0.04585 0.19158 0.00445
v -0.04585 0.19158 0.00445
v 0.13743 0.20302 -0.12757
v 0.13743 0.20302 -0.12757
v 0.13743 0.20302 -0.12757
v 0.13743 0.20302 -0.12757
v -0.02767 0.18726 0.01605
v -0.02767 0.18726 0.01605
v -0.02767 0.18726 0.01605
v -0.03904 0.19728 0.00315
v -0.03904 0.19728 0.00315
v -0.03904 0.19728 0.00315
v 0.14375 0.18941 -0.14986
v 0.14375 0.18941 -0.14986
v 0.14375 0.18941 -0.14986
v 0.14375 0.18941 -0.14986
v 0.13292 0.19636 -0.12717
v 0.13292 0.19636 -0.12717
v 0.13292 0.19636 -0.12717
v 0.10617 0.18197 -0.16774
v 0.10617 0.18197 -0.16774
v 0.10617 0.18197 -0.16774
v 0.10617 0.18197 -0.16774
v 0.10617 0.18197 -0.16774
v 0.10617 0.18197 -0.16774
v 0.14441 0.18688 -0.09443
v 0.14441 0.18688 -0.09443
v 0.14441 0.18688 -0.09443
v 0.14441 0.18688 -0.09443
v 0.15637 0.19235 -0.11430
v 0.15637 0.19235 -0.11430
v -0.01018 0.18898 0.06838
v -0.01018 0.18898 0.06838
v -0.01018 0.18898 0.06838
v 0.03562 0.20354 -0.04846
v 0.03562 0.20354 -0.04846
v 0.03562 0.20354 -0.04846
v 0.03562 0.20354 -0.04846
v 0.03562 0.20354 -0.04846
v 0.03562 0.20354 -0.04846
v 0.05042 0.20166 -0.04290
v 0.05042 0.20166 -0.04290
v 0.05042 0.20166 -0.04290
v 0.05042 0.20166 -0.04290
v 0.05042 0.20166 -0.04290
v 0.15485 0.17478 0.14649
v 0.15485 0.17478 0.14649
v 0.15485 0.17478 0.14649
v 0.15485 0.17478 0.14649
v 0.15485 0.17478 0.14649
v -0.04674 0.21432 -0.02748
v -0.04674 0.21432 -0.02748
v -0.04674 0.21432 -0.02748
v -0.04674 0.21432 -0.02748
v -0.04674 0.21432 -0.02748
v -0.03082 0.20444 -0.07026
v -0.03082 0.20444 -0.07026
v -0.03082 0.20444 -0.07026
v -0.03082 0.20444 -0.07026
v -0.03082 0.20444 -0.07026
v -0.03082 0.20444 -0.07026
v -0.03695 0.20032 -0.05325
v -0.03695 0.20032 -0.05325
v -0.03695 0.20032 -0.05325
v -0.02382 0.21436 -0.07351
v -0.02382 0.21436 -0.07351
v -0.02382 0.21436 -0.07351
v 0.15820 0.18051 0.14835
v 0.15820 0.18051 0.14835
v 0.15820 0.18051 0.14835
v 0.15820 0.18051 0.14835
v 0.15820 0.18051 0.14835
v 0.16533 0.18533 0.12767
v 0.16533 0.18533 0.12767
v 0.16533 0.18533 0.12767
v -0.05950 0.19676 0.00733
v -0.05950 0.19676 0.00733
v -0.05950 0.19676 0.00733
v -0.05950 0.19676 0.00733
v 0.03569 0.20507 0.05043
v -0.04939 0.22932 -0.01252
v -0.04939 0.22932 -0.01252
v -0.04939 0.22932 -0.01252
v -0.04939 0.22932 -0.01252
v -0.04939 0.22932 -0.01252
v -0.04939 0.22932 -0.01252
v -0.02729 0.20154 0.05061
v -0.02729 0.20154 0.05061
v -0.02729 0.20154 0.05061
v -0.02729 0.20154 0.05061
v -0.02481 0.21724 -0.00489
v -0.02481 0.21724 -0.00489
v -0.02481 0.21724 -0.00489
v -0.02481 0.21724 -0.00489
v -0.03398 0.22765 -0.01948
v -0.03398 0.22765 -0.01948
v -0.03398 0.22765 -0.01948
v 0.11761 0.19430 -0.16159
v 0.11761 0.19430 -0.16159
v 0.11761 0.19430 -0.16159
v 0.11761 0.19430 -0.16159
v 0.11761 0.19430 -0.16159
v 0.14310 0.19086 0.17438
v 0.14310 0.19086 0.17438
v 0.14310 0.19086 0.17438
v 0.14310 0.19086 0.17438
v 0.14310 0.19086 0.17438
v 0.16370 0.19971 0.14051
v 0.16370 0.19971 0.14051
v 0.15889 0.18863 0.11795
v 0.15889 0.18863 0.11795
v 0.15889 0.18863 0.11795
v 0.15889 0.18863 0.11795
v 0.09868 0.18105 -0.16629
v 0.09868 0.18105 -0.16629
v 0.09868 0.18105 -0.16629
v 0.09277 0.18821 -0.16680
v 0.09277 0.18821 -0.16680
v 0.09277 0.18821 -0.16680
v 0.09277 0.18821 -0.16680
v 0.09277 0.18821 -0.16680
v 0.15502 0.19994 0.13629
v 0.12891 0.20291 -0.11845
v 0.12891 0.20291 -0.11845
v 0.12891 0.20291 -0.11845
v 0.14995 0.20611 0.16650
v 0.14995 0.20611 0.16650
v -0.04042 0.19720 -0.05585
v -0.04042 0.19720 -0.05585
v -0.04042 0.19720 -0.05585
v -0.04042 0.19720 -0.05585
v 0.15005 0.18361 -0.07680
v 0.15005 0.18361 -0.07680
v 0.15005 0.18361 -0.07680
v 0.15070 0.19109 -0.09473
v 0.15070 0.19109 -0.09473
v 0.15070 0.19109 -0.09473
v 0.13006 0.20665 0.17348
v 0.13006 0.20665 0.17348
v 0.13006 0.20665 0.17348
v 0.13006 0.20665 0.17348
v 0.13006 0.20665 0.17348
v 0.03059 0.22213 0.05579
v 0.03059 0.22213 0.05579
v 0.13366 0.20771 -0.05688
v 0.13366 0.20771 -0.05688
v 0.13366 0.20771 -0.05688
v 0.13366 0.20771 -0.05688
v 0.13366 0.20771 -0.05688
v -0.03560 0.21716 0.04267
v -0.03560 0.21716 0.04267
v -0.03560 0.21716 0.04267
v -0.01816 0.19632 0.07788
v -0.01816 0.19632 0.07788
v -0.01816 0.19632 0.07788
v -0.03333 0.20327 0.07388
v -0.03333 0.20327 0.07388
v -0.03333 0.20327 0.07388
v -0.03333 0.20327 0.07388
v -0.03333 0.20327 0.07388
v -0.01724 0.21002 -0.08605
v -0.01724 0.21002 -0.08605
v 0.14606 0.20941 -0.07557
v 0.14606 0.20941 -0.07557
v 0.14606 0.20941 -0.07557
v 0.08864 0.19292 -0.15311
v 0.08864 0.19292 -0.15311
v 0.08864 0.19292 -0.15311
v 0.08864 0.19292 -0.15311
v 0.15776 0.20236 0.10237
v 0.15776 0.20236 0.10237
v 0.15776 0.20236 0.10237
v 0.15776 0.20236 0.10237
v 0.15776 0.20236 0.10237
v 0.08409 0.19184 -0.16175
v 0.08409 0.19184 -0.16175
v 0.08409 0.19184 -0.16175
v 0.08409 0.19184 -0.16175
v 0.05619 0.19547 -0.15697
v 0.05619 0.19547 -0.15697
v 0.05619 0.19547 -0.15697
v 0.05619 0.19547 -0.15697
v 0.12942 0.21204 -0.08454
v 0.12942 0.21204 -0.08454
v 0.15068 0.21652 0.14329
v 0.15068 0.21652 0.14329
v 0.15068 0.21652 0.14329
v 0.15068 0.21652 0.14329
v -0.02413 0.22458 0.05420
v -0.02413 0.22458 0.05420
v -0.02413 0.22458 0.05420
v -0.02413 0.22458 0.05420
v -0.02937 0.22430 0.04685
v -0.02937 0.22430 0.04685
v -0.02937 0.22430 0.04685
v -0.02937 0.22430 0.04685
v 0.09695 0.20698 -0.14783
v 0.09695 0.20698 -0.14783
v 0.09695 0.20698 -0.14783
v -0.04458 0.21882 0.03523
v -0.04458 0.21882 0.03523
v -0.04458 0.21882 0.03523
v -0.04458 0.21882 0.03523
v -0.04458 0.21882 0.03523
v -0.05758 0.21366 -0.00863
v -0.05758 0.21366 -0.00863
v -0.05758 0.21366 -0.00863
v -0.04258 0.21992 -0.02347
v -0.04258 0.21992 -0.02347
v -0.04258 0.21992 -0.02347
v -0.04258 0.21992 -0.02347
v -0.04258 0.21992 -0.02347
v -0.04258 0.21992 -0.02347
v 0.06155 0.21463 -0.04644
v 0.06155 0.21463 -0.04644
v 0.06155 0.21463 -0.04644
v 0.06155 0.21463 -0.04644
v 0.16176 0.21546 0.11596
v 0.16176 0.21546 0.11596
v 0.07810 0.20545 -0.13943
v 0.07810 0.20545 -0.13943
v 0.07810 0.20545 -0.13943
v 0.15128 0.21466 0.12325
v 0.15128 0.21466 0.12325
v 0.05120 0.22410 0.05720
v 0.05120 0.22410 0.05720
v 0.03142 0.22638 0.06810
v 0.03142 0.22638 0.06810
v 0.03142 0.22638 0.06810
v 0.13727 0.21072 -0.09963
v 0.13727 0.21072 -0.09963
v 0.09766 0.21925 -0.12340
v 0.09766 0.21925 -0.12340
v 0.09766 0.21925 -0.12340
v 0.07143 0.21303 -0.14925
v 0.07143 0.21303 -0.14925
v 0.07143 0.21303 -0.14925
v 0.13797 0.21668 0.15635
v 0.13797 0.21668 0.15635
v 0.13797 0.21668 0.15635
v 0.14823 0.20713 0.09943
v 0.14823 0.20713 0.09943
v 0.14823 0.20713 0.09943
v 0.14823 0.20713 0.09943
v 0.14823 0.20713 0.09943
v 0.14823 0.20713 0.09943
v -0.09553 0.20932 0.02233
v -0.09553 0.20932 0.02233
v -0.09553 0.20932 0.02233
v -0.09553 0.20932 0.02233
v -0.09553 0.20932 0.02233
v 0.05804 0.20676 -0.12607
v 0.05804 0.20676 -0.12607
v 0.05804 0.20676 -0.12607
v 0.05804 0.20676 -0.12607
v 0.05804 0.20676 -0.12607
v 0.05307 0.21064 -0.13246
v 0.05307 0.21064 -0.13246
v 0.05307 0.21064 -0.13246
v 0.07175 0.22151 -0.02232
v 0.07175 0.22151 -0.02232
v 0.07175 0.22151 -0.02232
v 0.07175 0.22151 -0.02232
v 0.07175 0.22151 -0.02232
v 0.07175 0.22151 -0.02232
v 0.13116 0.20692 0.17651
v 0.13116 0.20692 0.17651
v 0.13116 0.20692 0.17651
v -0.02970 0.20753 0.07205
v -0.02970 0.20753 0.07205
v -0.02970 0.20753 0.07205
v -0.02970 0.20753 0.07205
v -0.08066 0.22805 0.00423
v -0.08066 0.22805 0.00423
v -0.08066 0.22805 0.00423
v -0.08066 0.22805 0.00423
v -0.08066 0.22805 0.00423
v 0.05091 0.22417 -0.05244
v 0.05091 0.22417 -0.05244
v 0.05091 0.22417 -0.05244
v -0.05909 0.22642 -0.06292
v -0.05909 0.22642 -0.06292
v -0.05909 0.22642 -0.06292
v -0.05909 0.22642 -0.06292
v -0.05947 0.21327 -0.04989
v -0.05947 0.21327 -0.04989
v -0.05947 0.21327 -0.04989
v -0.05947 0.21327 -0.04989
v -0.05947 0.21327 -0.04989
v -0.06041 0.21137 -0.05953
v -0.06041 0.21137 -0.05953
v -0.06041 0.21137 -0.05953
v -0.06041 0.21137 -0.05953
v 0.06748 0.22464 0.02994
v 0.06748 0.22464 0.02994
v -0.02930 0.23765 0.07391
v -0.02930 0.23765 0.07391
v -0.02930 0.23765 0.07391
v -0.02930 0.23765 0.07391
v -0.02930 0.23765 0.07391
v -0.02930 0.23765 0.07391
v -0.09350 0.24332 -0.00315
v -0.09350 0.24332 -0.00315
v -0.09350 0.24332 -0.00315
v -0.09350 0.24332 -0.00315
v -0.09350 0.24332 -0.00315
v -0.09350 0.24332 -0.00315
v 0.11631 0.22153 -0.06584
v 0.11631 0.22153 -0.06584
v 0.11631 0.22153 -0.06584
v 0.11631 0.22153 -0.06584
v 0.05838 0.24270 0.06712
v 0.05838 0.24270 0.06712
v 0.05838 0.24270 0.06712
v 0.05838 0.24270 0.06712
v 0.06153 0.22781 0.02977
v 0.06153 0.22781 0.02977
v -0.09709 0.22571 0.02133
v -0.09709 0.22571 0.02133
v -0.09709 0.22571 0.02133
v 0.10458 0.21987 -0.10172
v 0.10458 0.21987 -0.10172
v 0.10458 0.21987 -0.10172
v 0.10458 0.21987 -0.10172
v -0.08776 0.22423 0.00219
v -0.08776 0.22423 0.00219
v -0.08776 0.22423 0.00219
v 0.01080 0.22015 -0.11203
v 0.01080 0.22015 -0.11203
v 0.01080 0.22015 -0.11203
v -0.06472 0.22864 -0.03251
v -0.06472 0.22864 -0.03251
v -0.06472 0.22864 -0.03251
v 0.03412 0.21083 -0.06325
v 0.03412 0.21083 -0.06325
v 0.03412 0.21083 -0.06325
v 0.03412 0.21083 -0.06325
v -0.02674 0.23818 -0.10759
v -0.02674 0.23818 -0.10759
v -0.02674 0.23818 -0.10759
v -0.02674 0.23818 -0.10759
v -0.02674 0.23818 -0.10759
v 0.06674 0.22094 -0.07211
v 0.06674 0.22094 -0.07211
v 0.06674 0.22094 -0.07211
v 0.06674 0.22094 -0.07211
v -0.06453 0.22604 -0.06657
v -0.06453 0.22604 -0.06657
v -0.06453 0.22604 -0.06657
v -0.06453 0.22604 -0.06657
v -0.06453 0.22604 -0.06657
v -0.06453 0.22604 -0.06657
v -0.06453 0.22604 -0.06657
v 0.04188 0.20727 -0.12709
v 0.04188 0.20727 -0.12709
v 0.04188 0.20727 -0.12709
v 0.04188 0.20727 -0.12709
v 0.13892 0.21176 0.08383
v 0.13892 0.21176 0.08383
v 0.13892 0.21176 0.08383
v -0.04048 0.23026 0.10060
v -0.04048 0.23026 0.10060
v -0.04048 0.23026 0.10060
v -0.03665 0.24849 -0.11304
v -0.03665 0.24849 -0.11304
v -0.03665 0.24849 -0.11304
v -0.03665 0.24849 -0.11304
v 0.04969 0.21854 -0.10210
v 0.04969 0.21854 -0.10210
v 0.04969 0.21854 -0.10210
v 0.13563 0.23591 0.15401
v 0.13563 0.23591 0.15401
v 0.13563 0.23591 0.15401
v 0.13563 0.23591 0.15401
v -0.04891 0.22849 0.06811
v -0.04891 0.22849 0.06811
v -0.04891 0.22849 0.06811
v -0.04891 0.22849 0.06811
v -0.04891 0.22849 0.06811
v -0.04891 0.22849 0.06811
v -0.07570 0.23962 0.00355
v -0.07570 0.23962 0.00355
v -0.07570 0.23962 0.00355
v -0.07570 0.23962 0.00355
v -0.07570 0.23962 0.00355
v 0.10754 0.22693 -0.10509
v 0.10754 0.22693 -0.10509
v 0.10754 0.22693 -0.10509
v 0.10754 0.22693 -0.10509
v 0.11344 0.21443 0.18489
v 0.11344 0.21443 0.18489
v 0.11344 0.21443 0.18489
v 0.11344 0.21443 0.18489
v -0.06686 0.24551 -0.02828
v -0.06686 0.24551 -0.02828
v -0.06686 0.24551 -0.02828
v -0.06686 0.24551 -0.02828
v -0.06686 0.24551 -0.02828
v -0.06686 0.24551 -0.02828
v 0.00343 0.23940 -0.10915
v 0.00343 0.23940 -0.10915
v 0.00343 0.23940 -0.10915
v 0.00343 0.23940 -0.10915
v 0.02229 0.21280 -0.09230
v 0.02229 0.21280 -0.09230
v 0.02229 0.21280 -0.09230
v 0.02229 0.21280 -0.09230
v 0.12284 0.23066 0.17419
v 0.12284 0.23066 0.17419
v 0.12284 0.23066 0.17419
v 0.12284 0.23066 0.17419
v 0.12725 0.22265 0.08171
v 0.12725 0.22265 0.08171
v 0.12725 0.22265 0.08171
v 0.12725 0.22265 0.08171
v 0.12725 0.22265 0.08171
v 0.12725 0.22265 0.08171
v -0.11816 0.22352 0.01732
v -0.11816 0.22352 0.01732
v -0.11816 0.22352 0.01732
v -0.11816 0.22352 0.01732
v -0.11816 0.22352 0.01732
v -0.11816 0.22352 0.01732
v 0.12195 0.22234 -0.05722
v 0.12195 0.22234 -0.05722
v 0.12195 0.22234 -0.05722
v 0.12195 0.22234 -0.05722
v 0.12195 0.22234 -0.05722
v -0.05731 0.24581 -0.07249
v -0.05731 0.24581 -0.07249
v -0.05731 0.24581 -0.07249
v -0.05731 0.24581 -0.07249
v -0.05731 0.24581 -0.07249
v 0.05621 0.22041 -0.12065
v 0.05621 0.22041 -0.12065
v 0.05621 0.22041 -0.12065
v 0.06243 0.23800 0.08007
v 0.06243 0.23800 0.08007
v 0.06243 0.23800 0.08007
v 0.06243 0.23800 0.08007
v -0.05510 0.25249 -0.02655
v -0.05510 0.25249 -0.02655
v -0.05510 0.25249 -0.02655
v -0.05510 0.25249 -0.02655
v 0.06513 0.23005 -0.07040
v 0.06513 0.23005 -0.07040
v 0.06513 0.23005 -0.07040
v 0.06513 0.23005 -0.07040
v 0.06513 0.23005 -0.07040
v 0.06513 0.23005 -0.07040
v 0.02976 0.21442 -0.11411
v 0.02976 0.21442 -0.11411
v 0.07931 0.22351 -0.07761
v 0.07931 0.22351 -0.07761
v 0.07931 0.22351 -0.07761
v 0.07931 0.22351 -0.07761
v 0.02477 0.21715 -0.07816
v 0.02477 0.21715 -0.07816
v 0.12421 0.22901 -0.08373
v 0.12421 0.22901 -0.08373
v -0.02387 0.23806 -0.10132
v -0.02387 0.23806 -0.10132
v -0.02387 0.23806 -0.10132
v -0.02387 0.23806 -0.10132
v -0.04302 0.23451 0.06050
v -0.04302 0.23451 0.06050
v -0.04302 0.23451 0.06050
v -0.04302 0.23451 0.06050
v -0.04302 0.23451 0.06050
v 0.13245 0.23714 0.11522
v 0.13245 0.23714 0.11522
v 0.13245 0.23714 0.11522
v 0.13245 0.23714 0.11522
v 0.13245 0.23714 0.11522
v 0.08817 0.23546 0.18047
v 0.08817 0.23546 0.18047
v 0.08817 0.23546 0.18047
v 0.08817 0.23546 0.18047
v 0.08817 0.23546 0.18047
v 0.10644 0.22915 0.17265
v 0.10644 0.22915 0.17265
v -0.11745 0.22303 0.01235
v -0.11745 0.22303 0.01235
v -0.11745 0.22303 0.01235
v -0.11745 0.22303 0.01235
v -0.11745 0.22303 0.01235
v -0.04045 0.23181 -0.00371
v -0.04045 0.23181 -0.00371
v -0.04045 0.23181 -0.00371
v -0.04045 0.23181 -0.00371
v -0.03830 0.26430 -0.11079
v -0.03830 0.26430 -0.11079
v -0.03830 0.26430 -0.11079
v -0.03830 0.26430 -0.11079
v -0.03830 0.26430 -0.11079
v 0.12526 0.21806 0.07665
v 0.12526 0.21806 0.07665
v 0.12526 0.21806 0.07665
v 0.12526 0.21806 0.07665
v 0.11134 0.22062 0.06064
v 0.11134 0.22062 0.06064
v -0.03597 0.28555 -0.12063
v -0.03597 0.28555 -0.12063
v -0.03597 0.28555 -0.12063
v -0.03063 0.27233 -0.11661
v -0.03063 0.27233 -0.11661
v -0.03063 0.27233 -0.11661
v -0.03063 0.27233 -0.11661
v 0.13088 0.24165 0.13280
v 0.13088 0.24165 0.13280
v 0.13088 0.24165 0.13280
v 0.13088 0.24165 0.13280
v 0.14094 0.24036 0.12237
v 0.14094 0.24036 0.12237
v 0.14094 0.24036 0.12237
v 0.11949 0.22333 0.06056
v 0.11949 0.22333 0.06056
v 0.11949 0.22333 0.06056
v 0.11949 0.22333 0.06056
v 0.04436 0.22893 -0.10033
v 0.04436 0.22893 -0.10033
v 0.04436 0.22893 -0.10033
v 0.04436 0.22893 -0.10033
v 0.12470 0.23843 0.07900
v 0.12470 0.23843 0.07900
v 0.12470 0.23843 0.07900
v 0.12470 0.23843 0.07900
v 0.09757 0.23220 0.04849
v 0.09757 0.23220 0.04849
v 0.09757 0.23220 0.04849
v 0.09757 0.23220 0.04849
v -0.13584 0.22070 0.01655
v -0.13584 0.22070 0.01655
v -0.13584 0.22070 0.01655
v 0.01225 0.22497 -0.12327
v 0.01225 0.22497 -0.12327
v 0.01225 0.22497 -0.12327
v 0.01225 0.22497 -0.12327
v 0.01225 0.22497 -0.12327
v 0.02025 0.21919 -0.14072
v 0.02025 0.21919 -0.14072
v 0.01227 0.23035 -0.15971
v 0.01227 0.23035 -0.15971
v 0.01227 0.23035 -0.15971
v 0.01227 0.23035 -0.15971
v -0.15589 0.22450 0.00438
v -0.15589 0.22450 0.00438
v -0.15589 0.22450 0.00438
v -0.15589 0.22450 0.00438
v -0.15589 0.22450 0.00438
v -0.15589 0.22450 0.00438
v 0.09814 0.22675 -0.03713
v 0.09814 0.22675 -0.03713
v 0.09814 0.22675 -0.03713
v 0.09814 0.22675 -0.03713
v 0.09814 0.22675 -0.03713
v -0.04876 0.24152 0.07293
v -0.04876 0.24152 0.07293
v -0.04876 0.24152 0.07293
v -0.04876 0.24152 0.07293
v -0.04876 0.24152 0.07293
v 0.05691 0.24977 0.07379
v 0.05691 0.24977 0.07379
v 0.05691 0.24977 0.07379
v -0.05862 0.23797 0.03555
v -0.05862 0.23797 0.03555
v -0.05862 0.23797 0.03555
v -0.05862 0.23797 0.03555
v -0.15311 0.22448 0.00022
v -0.15311 0.22448 0.00022
v -0.15311 0.22448 0.00022
v -0.15311 0.22448 0.00022
v -0.15311 0.22448 0.00022
v -0.15311 0.22448 0.00022
v -0.16688 0.22342 -0.00658
v -0.16688 0.22342 -0.00658
v -0.16688 0.22342 -0.00658
v 0.08556 0.22870 -0.09121
v 0.08556 0.22870 -0.09121
v 0.08556 0.22870 -0.09121
v 0.08556 0.22870 -0.09121
v 0.11128 0.24111 0.08690
v 0.11128 0.24111 0.08690
v 0.11128 0.24111 0.08690
v -0.16574 0.22875 -0.02300
v -0.16574 0.22875 -0.02300
v -0.16574 0.22875 -0.02300
v -0.16574 0.22875 -0.02300
v 0.00317 0.23909 -0.12676
v 0.00317 0.23909 -0.12676
v 0.00317 0.23909 -0.12676
v 0.00317 0.23909 -0.12676
v -0.13373 0.23840 0.01426
v -0.13373 0.23840 0.01426
v -0.13373 0.23840 0.01426
v -0.13373 0.23840 0.01426
v -0.12845 0.23540 0.00375
v -0.12845 0.23540 0.00375
v -0.12845 0.23540 0.00375
v -0.12845 0.23540 0.00375
v -0.09456 0.25095 0.00216
v -0.09456 0.25095 0.00216
v -0.09456 0.25095 0.00216
v -0.09456 0.25095 0.00216
v -0.09456 0.25095 0.00216
v -0.04497 0.24391 0.08965
v -0.04497 0.24391 0.08965
v -0.04497 0.24391 0.08965
v 0.10058 0.23335 0.07149
v 0.10058 0.23335 0.07149
v -0.11475 0.23719 0.01166
v -0.11475 0.23719 0.01166
v -0.11475 0.23719 0.01166
v 0.01610 0.24004 -0.12424
v 0.01610 0.24004 -0.12424
v 0.01610 0.24004 -0.12424
v 0.11901 0.25341 0.08851
v 0.11901 0.25341 0.08851
v 0.11901 0.25341 0.08851
v -0.06840 0.24065 0.03936
v -0.06840 0.24065 0.03936
v -0.06840 0.24065 0.03936
v -0.06840 0.24065 0.03936
v -0.14618 0.24003 -0.01107
v -0.14618 0.24003 -0.01107
v -0.14618 0.24003 -0.01107
v 0.09770 0.23423 -0.04419
v 0.09770 0.23423 -0.04419
v 0.09770 0.23423 -0.04419
v 0.09770 0.23423 -0.04419
v 0.09133 0.23328 -0.09031
v 0.09133 0.23328 -0.09031
v 0.09133 0.23328 -0.09031
v 0.09133 0.23328 -0.09031
v 0.03250 0.23692 0.08477
v 0.03250 0.23692 0.08477
v 0.03250 0.23692 0.08477
v -0.08090 0.24527 -0.04624
v -0.08090 0.24527 -0.04624
v -0.06762 0.23788 -0.04556
v -0.06762 0.23788 -0.04556
v -0.06762 0.23788 -0.04556
v -0.00665 0.24867 -0.13600
v -0.00665 0.24867 -0.13600
v -0.00665 0.24867 -0.13600
v -0.00665 0.24867 -0.13600
v -0.00665 0.24867 -0.13600
v 0.08660 0.23931 0.04461
v 0.08660 0.23931 0.04461
v 0.08660 0.23931 0.04461
v -0.04601 0.24203 0.00110
v -0.04601 0.24203 0.00110
v -0.04601 0.24203 0.00110
v -0.04601 0.24203 0.00110
v -0.04601 0.24203 0.00110
v -0.04601 0.24203 0.00110
v -0.08706 0.24898 -0.08051
v -0.08706 0.24898 -0.08051
v -0.08706 0.24898 -0.08051
v 0.01695 0.24086 -0.14663
v 0.01695 0.24086 -0.14663
v 0.10461 0.24214 0.06664
v 0.10461 0.24214 0.06664
v 0.10461 0.24214 0.06664
v -0.05636 0.23783 -0.05357
v -0.05636 0.23783 -0.05357
v -0.05636 0.23783 -0.05357
v 0.08888 0.23381 0.17177
v 0.08888 0.23381 0.17177
v 0.08888 0.23381 0.17177
v 0.08888 0.23381 0.17177
v -0.05393 0.24105 0.10491
v -0.05393 0.24105 0.10491
v -0.05393 0.24105 0.10491
v -0.04781 0.29090 0.09796
v -0.04781 0.29090 0.09796
v -0.04781 0.29090 0.09796
v -0.04781 0.29090 0.09796
v -0.04781 0.29090 0.09796
v -0.08991 0.24778 -0.06922
v -0.08991 0.24778 -0.06922
v -0.08991 0.24778 -0.06922
v -0.08991 0.24778 -0.06922
v -0.06890 0.27006 -0.10102
v -0.06890 0.27006 -0.10102
v -0.06890 0.27006 -0.10102
v -0.06890 0.27006 -0.10102
v -0.04997 0.24938 -0.00937
v -0.04997 0.24938 -0.00937
v -0.04997 0.24938 -0.00937
v -0.06102 0.25643 -0.04520
v -0.06102 0.25643 -0.04520
v -0.06102 0.25643 -0.04520
v -0.06102 0.25643 -0.04520
v -0.06102 0.25643 -0.04520
v -0.04311 0.25165 -0.01440
v -0.04311 0.25165 -0.01440
v -0.04311 0.25165 -0.01440
v -0.06756 0.25037 -0.05493
v -0.06756 0.25037 -0.05493
v -0.06756 0.25037 -0.05493
v -0.06756 0.25037 -0.05493
v 0.07093 0.23539 0.17052
v 0.07093 0.23539 0.17052
v 0.07093 0.23539 0.17052
v 0.07093 0.23539 0.17052
v -0.05994 0.24885 0.08749
v -0.05994 0.24885 0.08749
v -0.05994 0.24885 0.08749
v -0.05994 0.24885 0.08749
v -0.06944 0.24921 0.05208
v -0.06944 0.24921 0.05208
v -0.06944 0.24921 0.05208
v -0.06944 0.24921 0.05208
v -0.06944 0.24921 0.05208
v -0.14477 0.24556 -0.00237
v -0.14477 0.24556 -0.00237
v -0.14477 0.24556 -0.00237
v 0.06755 0.23823 0.15418
v 0.06755 0.23823 0.15418
v 0.06755 0.23823 0.15418
v 0.06755 0.23823 0.15418
v 0.09586 0.25451 0.13766
v 0.09586 0.25451 0.13766
v 0.09586 0.25451 0.13766
v 0.09586 0.25451 0.13766
v 0.11085 0.24300 0.16970
v 0.11085 0.24300 0.16970
v 0.11085 0.24300 0.16970
v -0.11483 0.25128 -0.00706
v -0.11483 0.25128 -0.00706
v -0.11483 0.25128 -0.00706
v -0.11483 0.25128 -0.00706
v -0.11483 0.25128 -0.00706
v -0.08778 0.25119 -0.03748
v -0.08778 0.25119 -0.03748
v -0.08778 0.25119 -0.03748
v 0.11218 0.24641 0.10793
v 0.11218 0.24641 0.10793
v 0.11218 0.24641 0.10793
v 0.06534 0.25174 0.08875
v 0.06534 0.25174 0.08875
v 0.06534 0.25174 0.08875
v 0.06534 0.25174 0.08875
v 0.06534 0.25174 0.08875
v 0.00773 0.24313 -0.15789
v 0.00773 0.24313 -0.15789
v 0.00773 0.24313 -0.15789
v 0.00773 0.24313 -0.15789
v 0.05093 0.23548 0.16044
v 0.05093 0.23548 0.16044
v 0.05093 0.23548 0.16044
v 0.03709 0.23848 0.15420
v 0.03709 0.23848 0.15420
v 0.03709 0.23848 0.15420
v -0.15028 0.25262 -0.03487
v -0.15028 0.25262 -0.03487
v -0.15028 0.25262 -0.03487
v -0.15028 0.25262 -0.03487
v -0.15260 0.24269 -0.03059
v -0.15260 0.24269 -0.03059
v -0.15260 0.24269 -0.03059
v -0.15260 0.24269 -0.03059
v 0.06678 0.24472 0.15736
v 0.06678 0.24472 0.15736
v 0.06678 0.24472 0.15736
v 0.03375 0.24344 0.11807
v 0.03375 0.24344 0.11807
v 0.03375 0.24344 0.11807
v 0.02116 0.24313 0.10383
v 0.02116 0.24313 0.10383
v -0.02259 0.24371 0.08504
v -0.02259 0.24371 0.08504
v -0.02259 0.24371 0.08504
v 0.08475 0.24950 0.16085
v -0.06214 0.26551 -0.01474
v -0.06214 0.26551 -0.01474
v -0.06214 0.26551 -0.01474
v -0.06214 0.26551 -0.01474
v -0.06214 0.26551 -0.01474
v 0.05798 0.24670 0.12790
v 0.05798 0.24670 0.12790
v 0.05798 0.24670 0.12790
v 0.07733 0.24580 0.09745
v 0.07733 0.24580 0.09745
v 0.07733 0.24580 0.09745
v 0.07733 0.24580 0.09745
v 0.07733 0.24580 0.09745
v -0.06318 0.25059 0.04763
v -0.06318 0.25059 0.04763
v -0.06318 0.25059 0.04763
v -0.06318 0.25059 0.04763
v -0.06318 0.25059 0.04763
v -0.06921 0.25659 -0.04567
v -0.06921 0.25659 -0.04567
v -0.06921 0.25659 -0.04567
v -0.06921 0.25659 -0.04567
v -0.06921 0.25659 -0.04567
v -0.06921 0.25659 -0.04567
v 0.02808 0.24754 0.12952
v 0.02808 0.24754 0.12952
v 0.02808 0.24754 0.12952
v -0.00458 0.24134 0.10612
v -0.00458 0.24134 0.10612
v -0.00458 0.24134 0.10612
v 0.00179 0.25608 -0.13231
v 0.00179 0.25608 -0.13231
v 0.00179 0.25608 -0.13231
v 0.00179 0.25608 -0.13231
v 0.00179 0.25608 -0.13231
v -0.06614 0.27426 0.06700
v -0.06614 0.27426 0.06700
v -0.04248 0.25219 0.01682
v -0.04248 0.25219 0.01682
v -0.04248 0.25219 0.01682
v -0.04248 0.25219 0.01682
v -0.14253 0.25493 -0.01828
v -0.14253 0.25493 -0.01828
v -0.14253 0.25493 -0.01828
v 0.04584 0.25532 0.11710
v 0.04584 0.25532 0.11710
v 0.04584 0.25532 0.11710
v -0.06073 0.26801 0.01099
v -0.06073 0.26801 0.01099
v -0.14065 0.24825 -0.04104
v -0.14065 0.24825 -0.04104
v -0.14065 0.24825 -0.04104
v -0.04312 0.26473 -0.11664
v -0.04312 0.26473 -0.11664
v -0.04312 0.26473 -0.11664
v -0.04312 0.26473 -0.11664
v 0.00296 0.24916 -0.18062
v 0.00296 0.24916 -0.18062
v 0.00296 0.24916 -0.18062
v 0.00296 0.24916 -0.18062
v 0.00296 0.24916 -0.18062
v 0.00296 0.24916 -0.18062
v 0.00296 0.24916 -0.18062
v 0.10011 0.25795 0.11266
v 0.10011 0.25795 0.11266
v 0.10011 0.25795 0.11266
v 0.10011 0.25795 0.11266
v 0.10011 0.25795 0.11266
v 0.10011 0.25795 0.11266
v 0.05761 0.25622 0.13217
v 0.05761 0.25622 0.13217
v 0.09827 0.25412 0.12076
v 0.09827 0.25412 0.12076
v 0.09827 0.25412 0.12076
v -0.00628 0.25132 0.12078
v -0.00628 0.25132 0.12078
v -0.00628 0.25132 0.12078
v -0.01199 0.25124 0.11727
v -0.01199 0.25124 0.11727
v -0.01199 0.25124 0.11727
v -0.01199 0.25124 0.11727
v -0.01199 0.25124 0.11727
v -0.04859 0.26626 0.09448
v -0.04859 0.26626 0.09448
v -0.04859 0.26626 0.09448
v -0.04859 0.26626 0.09448
v -0.04859 0.26626 0.09448
v -0.05486 0.29305 -0.02173
v -0.05486 0.29305 -0.02173
v -0.05486 0.29305 -0.02173
v -0.05486 0.29305 -0.02173
v -0.05486 0.29305 -0.02173
v -0.00696 0.26730 -0.17343
v -0.00696 0.26730 -0.17343
v -0.11144 0.25599 -0.00105
v -0.11144 0.25599 -0.00105
v -0.11144 0.25599 -0.00105
v -0.05224 0.25947 0.02991
v -0.05224 0.25947 0.02991
v -0.05224 0.25947 0.02991
v -0.05224 0.25947 0.02991
v -0.09167 0.26093 -0.02995
v -0.09167 0.26093 -0.02995
v -0.12499 0.25498 -0.03771
v -0.12499 0.25498 -0.03771
v -0.12499 0.25498 -0.03771
v -0.12499 0.25498 -0.03771
v -0.12499 0.25498 -0.03771
v -0.00935 0.27458 -0.14867
v -0.00935 0.27458 -0.14867
v -0.00935 0.27458 -0.14867
v -0.00935 0.27458 -0.14867
v -0.00935 0.27458 -0.14867
v -0.00935 0.27458 -0.14867
v 0.00618 0.27038 -0.16722
v 0.00618 0.27038 -0.16722
v -0.00854 0.24819 0.14956
v -0.00854 0.24819 0.14956
v -0.00854 0.24819 0.14956
v -0.00854 0.24819 0.14956
v -0.04023 0.29917 -0.13569
v -0.04023 0.29917 -0.13569
v -0.04023 0.29917 -0.13569
v 0.07531 0.25184 0.12205
v 0.07531 0.25184 0.12205
v 0.07531 0.25184 0.12205
v 0.07531 0.25184 0.12205
v -0.01330 0.27538 0.12249
v -0.01330 0.27538 0.12249
v -0.01330 0.27538 0.12249
v -0.01330 0.27538 0.12249
v -0.04147 0.28287 0.10532
v -0.04147 0.28287 0.10532
v -0.04147 0.28287 0.10532
v -0.04147 0.28287 0.10532
v -0.10125 0.25389 -0.04601
v -0.10125 0.25389 -0.04601
v -0.10125 0.25389 -0.04601
v -0.01307 0.25476 0.16415
v -0.01307 0.25476 0.16415
v -0.01307 0.25476 0.16415
v -0.01307 0.25476 0.16415
v -0.05110 0.26826 0.00988
v -0.05110 0.26826 0.00988
v -0.08882 0.26021 -0.08464
v -0.08882 0.26021 -0.08464
v -0.08882 0.26021 -0.08464
v -0.08882 0.26021 -0.08464
v -0.08882 0.26021 -0.08464
v -0.01473 0.25708 0.15855
v -0.01473 0.25708 0.15855
v -0.06476 0.27601 0.05359
v -0.06476 0.27601 0.05359
v -0.02241 0.27240 0.12998
v -0.02241 0.27240 0.12998
v -0.02241 0.27240 0.12998
v -0.01022 0.27327 0.15477
v -0.06935 0.27213 -0.08832
v -0.06935 0.27213 -0.08832
v -0.06935 0.27213 -0.08832
v -0.06032 0.28070 -0.10072
v -0.06032 0.28070 -0.10072
v -0.06032 0.28070 -0.10072
v -0.06032 0.28070 -0.10072
v -0.06032 0.28070 -0.10072
v -0.06032 0.28070 -0.10072
v -0.00363 0.28464 -0.14563
v -0.00363 0.28464 -0.14563
v -0.00363 0.28464 -0.14563
v -0.00363 0.28464 -0.14563
v -0.00363 0.28464 -0.14563
v -0.02038 0.26650 0.17728
v -0.02038 0.26650 0.17728
v -0.02038 0.26650 0.17728
v -0.09158 0.27142 0.05286
v -0.09158 0.27142 0.05286
v -0.09158 0.27142 0.05286
v -0.09158 0.27142 0.05286
v -0.09158 0.27142 0.05286
v -0.08975 0.27320 0.04820
v -0.08975 0.27320 0.04820
v -0.08975 0.27320 0.04820
v -0.08975 0.27320 0.04820
v -0.08975 0.27320 0.04820
v -0.05714 0.27334 0.03479
v -0.05714 0.27334 0.03479
v -0.05714 0.27334 0.03479
v -0.05714 0.27334 0.03479
v -0.11571 0.25804 -0.04628
v -0.11571 0.25804 -0.04628
v -0.11571 0.25804 -0.04628
v -0.11594 0.26388 -0.03024
v -0.11594 0.26388 -0.03024
v -0.11594 0.26388 -0.03024
v -0.01857 0.27784 -0.18556
v -0.01857 0.27784 -0.18556
v -0.01857 0.27784 -0.18556
v -0.01857 0.27784 -0.18556
v -0.01857 0.27784 -0.18556
v -0.01857 0.27784 -0.18556
v -0.01065 0.26698 -0.19181
v -0.01065 0.26698 -0.19181
v -0.01065 0.26698 -0.19181
v -0.06710 0.26447 -0.06579
v -0.06710 0.26447 -0.06579
v -0.06710 0.26447 -0.06579
v -0.06710 0.26447 -0.06579
v -0.06710 0.26447 -0.06579
v -0.04063 0.29039 -0.13940
v -0.04063 0.29039 -0.13940
v -0.04063 0.29039 -0.13940
v -0.04063 0.29039 -0.13940
v -0.06862 0.27929 -0.05236
v -0.06862 0.27929 -0.05236
v -0.06862 0.27929 -0.05236
v -0.00786 0.28067 -0.18391
v -0.00786 0.28067 -0.18391
v -0.00786 0.28067 -0.18391
v -0.00786 0.28067 -0.18391
v -0.00786 0.28067 -0.18391
v -0.00786 0.28067 -0.18391
v -0.00786 0.28067 -0.18391
v -0.07906 0.28145 -0.07544
v -0.07906 0.28145 -0.07544
v -0.07906 0.28145 -0.07544
v -0.07906 0.28145 -0.07544
v -0.07906 0.28145 -0.07544
v -0.03432 0.28377 0.16891
v -0.03432 0.28377 0.16891
v -0.03432 0.28377 0.16891
v -0.03432 0.28377 0.16891
v -0.10702 0.27767 -0.09204
v -0.10702 0.27767 -0.09204
v -0.10702 0.27767 -0.09204
v -0.06905 0.28781 -0.11512
v -0.06905 0.28781 -0.11512
v -0.06905 0.28781 -0.11512
v -0.07165 0.32265 -0.02249
v -0.07165 0.32265 -0.02249
v -0.07165 0.32265 -0.02249
v -0.07165 0.32265 -0.02249
v -0.05073 0.31340 0.11968
v -0.05073 0.31340 0.11968
v -0.05073 0.31340 0.11968
v -0.05073 0.31340 0.11968
v -0.06818 0.28616 0.03541
v -0.06818 0.28616 0.03541
v -0.06818 0.28616 0.03541
v -0.03314 0.29002 0.17376
v -0.03314 0.29002 0.17376
v -0.03314 0.29002 0.17376
v -0.05938 0.29954 -0.00141
v -0.05938 0.29954 -0.00141
v -0.06233 0.30466 -0.02898
v -0.06233 0.30466 -0.02898
v -0.09070 0.28581 -0.12228
v -0.09070 0.28581 -0.12228
v -0.09070 0.28581 -0.12228
v -0.09070 0.28581 -0.12228
v -0.09070 0.28581 -0.12228
v -0.02972 0.29703 0.14980
v -0.02972 0.29703 0.14980
v -0.06368 0.29036 0.08325
v -0.06368 0.29036 0.08325
v -0.06368 0.29036 0.08325
v -0.06368 0.29036 0.08325
v -0.03865 0.28684 0.14409
v -0.03865 0.28684 0.14409
v -0.03865 0.28684 0.14409
v -0.03865 0.28684 0.14409
v -0.07110 0.30981 0.07820
v -0.07110 0.30981 0.07820
v -0.07110 0.30981 0.07820
v -0.05686 0.29240 0.10768
v -0.05686 0.29240 0.10768
v -0.05686 0.29240 0.10768
v -0.05686 0.29240 0.10768
v -0.05686 0.29240 0.10768
v -0.06929 0.30186 0.03088
v -0.06929 0.30186 0.03088
v -0.06929 0.30186 0.03088
v -0.10532 0.29039 -0.11671
v -0.10532 0.29039 -0.11671
v -0.10532 0.29039 -0.11671
v -0.10532 0.29039 -0.11671
v -0.10532 0.29039 -0.11671
v -0.09992 0.28668 0.05468
v -0.09992 0.28668 0.05468
v -0.09992 0.28668 0.05468
v -0.09992 0.28668 0.05468
v -0.09142 0.29300 -0.10208
v -0.09142 0.29300 -0.10208
v -0.04943 0.30206 0.00101
v -0.03165 0.29902 -0.17936
v -0.03165 0.29902 -0.17936
v -0.03165 0.29902 -0.17936
v -0.06463 0.29829 0.03403
v -0.06463 0.29829 0.03403
v -0.06463 0.29829 0.03403
v -0.10970 0.28897 -0.10490
v -0.10970 0.28897 -0.10490
v -0.04215 0.30004 -0.15404
v -0.04215 0.30004 -0.15404
v -0.04215 0.30004 -0.15404
v -0.08863 0.29994 0.06556
v -0.08863 0.29994 0.06556
v -0.08863 0.29994 0.06556
v -0.08863 0.29994 0.06556
v -0.03477 0.28494 -0.19743
v -0.03477 0.28494 -0.19743
v -0.03477 0.28494 -0.19743
v -0.03009 0.28707 -0.20193
v -0.03009 0.28707 -0.20193
v -0.03009 0.28707 -0.20193
v -0.03009 0.28707 -0.20193
v -0.07701 0.30252 -0.05988
v -0.07701 0.30252 -0.05988
v -0.07701 0.30252 -0.05988
v -0.07701 0.30252 -0.05988
v -0.07701 0.30252 -0.05988
v -0.07701 0.30252 -0.05988
v -0.07701 0.30252 -0.05988
v -0.06263 0.29313 -0.06264
v -0.06263 0.29313 -0.06264
v -0.06263 0.29313 -0.06264
v -0.04358 0.30885 -0.15311
v -0.04358 0.30885 -0.15311
v -0.04358 0.30885 -0.15311
v -0.09643 0.29510 0.06943
v -0.09643 0.29510 0.06943
v -0.09643 0.29510 0.06943
v -0.09643 0.29510 0.06943
v -0.09643 0.29510 0.06943
v -0.02642 0.30543 -0.18952
v -0.02642 0.30543 -0.18952
v -0.02642 0.30543 -0.18952
v -0.06122 0.31907 0.14601
v -0.06122 0.31907 0.14601
v -0.06122 0.31907 0.14601
v -0.06763 0.32686 0.13750
v -0.06763 0.32686 0.13750
v -0.06763 0.32686 0.13750
v -0.06763 0.32686 0.13750
v -0.07929 0.29664 -0.07268
v -0.07929 0.29664 -0.07268
v -0.07929 0.29664 -0.07268
v -0.02458 0.30819 -0.16647
v -0.02458 0.30819 -0.16647
v -0.04418 0.29074 -0.21099
v -0.04418 0.29074 -0.21099
v -0.04418 0.29074 -0.21099
v -0.04821 0.31219 0.16181
v -0.04821 0.31219 0.16181
v -0.04821 0.31219 0.16181
v -0.08968 0.30884 0.08454
v -0.08968 0.30884 0.08454
v -0.08945 0.29186 -0.11772
v -0.08945 0.29186 -0.11772
v -0.08945 0.29186 -0.11772
v -0.08945 0.29186 -0.11772
v -0.08945 0.29186 -0.11772
v -0.08945 0.29186 -0.11772
v -0.05927 0.29987 -0.20901
v -0.05927 0.29987 -0.20901
v -0.05927 0.29987 -0.20901
v -0.05927 0.29987 -0.20901
v -0.03925 0.29852 0.18668
v -0.03925 0.29852 0.18668
v -0.06342 0.30646 -0.04884
v -0.06342 0.30646 -0.04884
v -0.07874 0.31072 -0.13704
v -0.07874 0.31072 -0.13704
v -0.10538 0.30033 -0.13519
v -0.10538 0.30033 -0.13519
v -0.10538 0.30033 -0.13519
v -0.10538 0.30033 -0.13519
v -0.03942 0.31514 0.18339
v -0.03942 0.31514 0.18339
v -0.06198 0.33268 0.13052
v -0.06198 0.33268 0.13052
v -0.06198 0.33268 0.13052
v -0.06198 0.33268 0.13052
v -0.06113 0.32054 -0.01959
v -0.06113 0.32054 -0.01959
v -0.06096 0.33691 -0.02530
v -0.06096 0.33691 -0.02530
v -0.06096 0.33691 -0.02530
v -0.10604 0.30850 -0.13804
v -0.10604 0.30850 -0.13804
v -0.10604 0.30850 -0.13804
v -0.10604 0.30850 -0.13804
v -0.10518 0.32007 0.10369
v -0.10518 0.32007 0.10369
v -0.10518 0.32007 0.10369
v -0.10518 0.32007 0.10369
v -0.05508 0.32364 0.01542
v -0.05508 0.32364 0.01542
v -0.07178 0.30330 -0.06493
v -0.07178 0.30330 -0.06493
v -0.07178 0.30330 -0.06493
v -0.07178 0.30330 -0.06493
v -0.07178 0.30330 -0.06493
v -0.07178 0.30330 -0.06493
v -0.10680 0.30500 0.06451
v -0.10680 0.30500 0.06451
v -0.10680 0.30500 0.06451
v -0.10680 0.30500 0.06451
v -0.10680 0.30500 0.06451
v -0.11096 0.30918 -0.15323
v -0.11096 0.30918 -0.15323
v -0.11096 0.30918 -0.15323
v -0.05021 0.30539 0.20005
v -0.05021 0.30539 0.20005
v -0.05021 0.30539 0.20005
v -0.06545 0.31114 -0.18250
v -0.06545 0.31114 -0.18250
v -0.06545 0.31114 -0.18250
v -0.04242 0.32662 0.16896
v -0.04242 0.32662 0.16896
v -0.06790 0.30708 0.04460
v -0.06790 0.30708 0.04460
v -0.06790 0.30708 0.04460
v -0.08135 0.31206 -0.07937
v -0.08135 0.31206 -0.07937
v -0.08135 0.31206 -0.07937
v -0.08135 0.31206 -0.07937
v -0.08135 0.31206 -0.07937
v -0.07644 0.30727 -0.21149
v -0.07644 0.30727 -0.21149
v -0.07644 0.30727 -0.21149
v -0.10385 0.30990 -0.16794
v -0.10385 0.30990 -0.16794
v -0.10385 0.30990 -0.16794
v -0.10385 0.30990 -0.16794
v -0.09184 0.30837 -0.17178
v -0.09184 0.30837 -0.17178
v -0.09184 0.30837 -0.17178
v -0.09184 0.30837 -0.17178
v -0.09184 0.30837 -0.17178
v -0.09184 0.30837 -0.17178
v -0.09055 0.30941 -0.20477
v -0.09055 0.30941 -0.20477
v -0.09055 0.30941 -0.20477
v -0.09055 0.30941 -0.20477
v -0.06015 0.31574 -0.17475
v -0.06015 0.31574 -0.17475
v -0.06015 0.31574 -0.17475
v -0.06015 0.31574 -0.17475
v -0.07408 0.31866 -0.19693
v -0.07408 0.31866 -0.19693
v -0.07408 0.31866 -0.19693
v -0.06828 0.32972 0.18500
v -0.06828 0.32972 0.18500
v -0.06828 0.32972 0.18500
v -0.06204 0.33147 0.15208
v -0.11979 0.31939 0.08894
v -0.11979 0.31939 0.08894
v -0.11979 0.31939 0.08894
v -0.07002 0.32922 0.02175
v -0.07002 0.32922 0.02175
v -0.08586 0.33107 0.12649
v -0.08586 0.33107 0.12649
v -0.08035 0.33179 -0.06727
v -0.08035 0.33179 -0.06727
v -0.08035 0.33179 -0.06727
v -0.08035 0.33179 -0.06727
v -0.08661 0.32094 0.09609
v -0.08661 0.32094 0.09609
v -0.08661 0.32094 0.09609
v -0.08661 0.32094 0.09609
v -0.09843 0.31238 -0.18918
v -0.09843 0.31238 -0.18918
v -0.09843 0.31238 -0.18918
v -0.09843 0.31238 -0.18918
v -0.09609 0.32610 0.08608
v -0.09609 0.32610 0.08608
v -0.09609 0.32610 0.08608
v -0.09609 0.32610 0.08608
v -0.06366 0.33324 -0.00155
v -0.06366 0.33324 -0.00155
v -0.06366 0.33324 -0.00155
v -0.06570 0.31644 0.20113
v -0.06570 0.31644 0.20113
v -0.06570 0.31644 0.20113
v -0.06570 0.31644 0.20113
v -0.07413 0.33562 -0.07604
v -0.07413 0.33562 -0.07604
v -0.07413 0.33562 -0.07604
v -0.07413 0.33562 -0.07604
v -0.08841 0.31693 -0.16623
v -0.08841 0.31693 -0.16623
v -0.08841 0.31693 -0.16623
v -0.08841 0.31693 -0.16623
v -0.08841 0.31693 -0.16623
v -0.08841 0.31693 -0.16623
v -0.06551 0.33964 0.18826
v -0.06551 0.33964 0.18826
v -0.06551 0.33964 0.18826
v -0.06551 0.33964 0.18826
v -0.12014 0.32487 0.09023
v -0.12014 0.32487 0.09023
v -0.12014 0.32487 0.09023
v -0.12014 0.32487 0.09023
v -0.08655 0.32785 0.05269
v -0.08655 0.32785 0.05269
v -0.08655 0.32785 0.05269
v -0.08655 0.32785 0.05269
v -0.09715 0.33335 -0.09130
v -0.09715 0.33335 -0.09130
v -0.09715 0.33335 -0.09130
v -0.09830 0.32076 0.20686
v -0.09830 0.32076 0.20686
v -0.09830 0.32076 0.20686
v -0.07107 0.34178 0.03591
v -0.07107 0.34178 0.03591
v -0.07107 0.34178 0.03591
v -0.07107 0.34178 0.03591
v -0.10827 0.32424 0.10011
v -0.10827 0.32424 0.10011
v -0.10827 0.32424 0.10011
v -0.10827 0.32424 0.10011
v -0.10827 0.32424 0.10011
v -0.10307 0.33489 0.19957
v -0.10307 0.33489 0.19957
v -0.11804 0.33041 0.19566
v -0.11804 0.33041 0.19566
v -0.11804 0.33041 0.19566
v -0.07274 0.34682 -0.02386
v -0.07274 0.34682 -0.02386
v -0.07274 0.34682 -0.02386
v -0.07274 0.34682 -0.02386
v -0.08359 0.34238 0.01202
v -0.08359 0.34238 0.01202
v -0.10226 0.34542 0.12144
v -0.10226 0.34542 0.12144
v -0.10226 0.34542 0.12144
v -0.12075 0.33531 0.16954
v -0.12075 0.33531 0.16954
v -0.12075 0.33531 0.16954
v -0.12075 0.33531 0.16954
v -0.09865 0.34925 0.03893
v -0.09865 0.34925 0.03893
v -0.09865 0.34925 0.03893
v -0.09865 0.34925 0.03893
v -0.09865 0.34925 0.03893
v -0.07249 0.34496 -0.05341
v -0.07249 0.34496 -0.05341
v -0.07249 0.34496 -0.05341
v -0.09423 0.34437 0.04981
v -0.09423 0.34437 0.04981
v -0.09423 0.34437 0.04981
v -0.09423 0.34437 0.04981
v -0.07907 0.34586 0.15354
v -0.07907 0.34586 0.15354
v -0.07907 0.34586 0.15354
v -0.07907 0.34586 0.15354
v -0.07907 0.34586 0.15354
v -0.07907 0.34586 0.15354
v -0.08650 0.33919 0.16207
v -0.08650 0.33919 0.16207
v -0.08650 0.33919 0.16207
v -0.08213 0.37450 0.00103
v -0.12743 0.33856 0.12312
v -0.12743 0.33856 0.12312
v -0.12743 0.33856 0.12312
v -0.12743 0.33856 0.12312
v -0.11561 0.33900 0.15726
v -0.11561 0.33900 0.15726
v -0.11561 0.33900 0.15726
v -0.11561 0.33900 0.15726
v -0.11561 0.33900 0.15726
v -0.11561 0.33900 0.15726
v -0.10827 0.34471 0.17216
v -0.10827 0.34471 0.17216
v -0.10827 0.34471 0.17216
v -0.10827 0.34471 0.17216
v -0.09783 0.33899 0.14513
v -0.09783 0.33899 0.14513
v -0.09783 0.33899 0.14513
v -0.09059 0.35108 -0.08326
v -0.09059 0.35108 -0.08326
v -0.09302 0.35441 0.03614
v -0.09302 0.35441 0.03614
v -0.09302 0.35441 0.03614
v -0.09302 0.35441 0.03614
v -0.09302 0.35441 0.03614
v -0.09302 0.35441 0.03614
v -0.12620 0.34255 0.14539
v -0.12620 0.34255 0.14539
v -0.12620 0.34255 0.14539
v -0.11322 0.34999 0.13899
v -0.11322 0.34999 0.13899
v -0.11322 0.34999 0.13899
v -0.08638 0.37422 -0.03806
v -0.08638 0.37422 -0.03806
v -0.08638 0.37422 -0.03806
v -0.08638 0.37422 -0.03806
v -0.10897 0.35700 -0.08215
v -0.10897 0.35700 -0.08215
v -0.10897 0.35700 -0.08215
v -0.10897 0.35700 -0.08215
v -0.06996 0.36571 -0.01900
v -0.06996 0.36571 -0.01900
v -0.06996 0.36571 -0.01900
v -0.06996 0.36571 -0.01900
v -0.06996 0.36571 -0.01900
v -0.10130 0.36215 -0.06569
v -0.10130 0.36215 -0.06569
v -0.10130 0.36215 -0.06569
v -0.10130 0.36215 -0.06569
v -0.10130 0.36215 -0.06569
v -0.09951 0.36474 -0.07222
v -0.09951 0.36474 -0.07222
v -0.09951 0.36474 -0.07222
v -0.09951 0.36474 -0.07222
v -0.08531 0.38336 -0.04879
v -0.08531 0.38336 -0.04879
v -0.08531 0.38336 -0.04879
v -0.08531 0.38336 -0.04879
v -0.10954 0.36363 0.04095
v -0.10954 0.36363 0.04095
v -0.10954 0.36363 0.04095
v -0.10954 0.36363 0.04095
v -0.10954 0.36363 0.04095
v -0.09826 0.37590 0.00991
v -0.09826 0.37590 0.00991
v -0.09826 0.37590 0.00991
v -0.08728 0.37608 -0.01746
v -0.08728 0.37608 -0.01746
v -0.08728 0.37608 -0.01746
v -0.08728 0.37608 -0.01746
v -0.12267 0.37851 0.02885
v -0.12267 0.37851 0.02885
v -0.12267 0.37851 0.02885
v -0.10218 0.39021 0.01572
v -0.10218 0.39021 0.01572
v -0.10218 0.39021 0.01572
v -0.10218 0.39021 0.01572
v -0.10218 0.39021 0.01572
v -0.10218 0.39021 0.01572
v -0.13171 0.39757 -0.06302
v -0.13171 0.39757 -0.06302
v -0.13171 0.39757 -0.06302
v -0.13171 0.39757 -0.06302
v -0.13171 0.39757 -0.06302
v -0.13171 0.39757 -0.06302
v -0.11284 0.37957 -0.07488
v -0.11284 0.37957 -0.07488
v -0.11284 0.37957 -0.07488
v -0.08790 0.38849 -0.02694
v -0.08790 0.38849 -0.02694
v -0.08790 0.38849 -0.02694
v -0.08790 0.38849 -0.02694
v -0.12117 0.38542 0.00969
v -0.12117 0.38542 0.00969
v -0.12117 0.38542 0.00969
v -0.11277 0.39478 -0.03408
v -0.11277 0.39478 -0.03408
v -0.11277 0.39478 -0.03408
v -0.14276 0.39338 0.00149
v -0.14276 0.39338 0.00149
v -0.14276 0.39338 0.00149
v -0.13694 0.39413 0.01183
v -0.13694 0.39413 0.01183
v -0.11618 0.40464 -0.02669
v -0.11618 0.40464 -0.02669
v -0.11618 0.40464 -0.02669
v -0.11915 0.40512 -0.05340
v -0.11915 0.40512 -0.05340
v -0.11915 0.40512 -0.05340
v -0.13806 0.39593 -0.01680
v -0.13806 0.39593 -0.01680
v -0.13806 0.39593 -0.01680
v -0.14697 0.40254 -0.02840
v -0.14697 0.40254 -0.02840
v -0.14697 0.40254 -0.02840
v -0.14697 0.40254 -0.02840
v -0.14546 0.40735 -0.04362
v -0.14546 0.40735 -0.04362
v -0.14546 0.40735 -0.04362
v -0.14546 0.40735 -0.04362
vt 0.22849 0.85389
vt 0.28559 0.83470
vt 0.60919 0.29461
vt 0.92830 0.96263
vt 0.33141 0.56139
vt 0.57774 0.31185
vt 0.93887 0.93874
vt 0.20099 0.84716
vt 0.29232 0.63227
vt 0.51102 0.46228
vt 0.94949 0.96726
vt 0.22749 0.83442
vt 0.52148 0.45352
vt 0.62939 0.29461
vt 0.31974 0.58249
vt 0.59485 0.88078
vt 0.89513 0.51045
vt 0.29799 0.61318
vt 0.30832 0.54309
vt 0.95236 0.94703
vt 0.29829 0.81795
vt 0.59376 0.29791
vt 0.34082 0.62633
vt 0.37202 0.63956
vt 0.51497 0.39558
vt 0.62547 0.36687
vt 0.69783 0.74163
vt 0.80096 0.07468
vt 0.22577 0.78619
vt 0.54658 0.39659
vt 0.74555 0.08776
vt 0.24049 0.77993
vt 0.65674 0.34199
vt 0.77635 0.09848
vt 0.25727 0.53666
vt 0.29681 0.54139
vt 0.37119 0.58535
vt 0.57091 0.28777
vt 0.30852 0.76176
vt 0.62881 0.75394
vt 0.33914 0.78121
vt 0.66571 0.75025
vt 0.89513 0.49269
vt 0.27806 0.57750
vt 0.56764 0.30648
vt 0.68443 0.73860
vt 0.90272 0.50135
vt 0.37274 0.60574
vt 0.27962 0.76814
vt 0.59361 0.36966
vt 0.60912 0.72784
vt 0.72866 0.75054
vt 0.23723 0.56715
vt 0.63713 0.71865
vt 0.76780 0.71607
vt 0.24767 0.60160
vt 0.67534 0.72125
vt 0.40973 0.65280
vt 0.52909 0.34326
vt 0.79608 0.48669
vt 0.58288 0.35852
vt 0.75637 0.05711
vt 0.64919 0.40234
vt 0.78675 0.04417
vt 0.21079 0.61350
vt 0.66483 0.67698
vt 0.55917 0.34651
vt 0.71867 0.06043
vt 0.62656 0.41070
vt 0.70928 0.69945
vt 0.79502 0.01757
vt 0.42608 0.61834
vt 0.79176 0.46404
vt 0.83025 0.12341
vt 0.19752 0.54910
vt 0.42485 0.58340
vt 0.82474 0.07878
vt 0.61681 0.67443
vt 0.75690 0.69130
vt 0.19067 0.59146
vt 0.68144 0.65875
vt 0.83606 0.04731
vt 0.86150 0.78934
vt 0.64368 0.65511
vt 0.85263 0.82677
vt 0.08905 0.00293
vt 0.28006 0.26476
vt 0.56827 0.31497
vt 0.71430 0.04170
vt 0.83077 0.47653
vt 0.93503 0.99044
vt 0.08905 0.01477
vt 0.72447 0.02886
vt 0.79643 0.58461
vt 0.63968 0.63239
vt 0.75104 0.37346
vt 0.75734 0.00854
vt 0.81979 0.55938
vt 0.97494 0.35594
vt 0.19203 0.44316
vt 0.54579 0.31344
vt 0.82188 0.46757
vt 0.85845 0.12625
vt 0.71077 0.66883
vt 0.78057 0.00338
vt 0.83189 0.53134
vt 0.18282 0.42492
vt 0.85241 0.09657
vt 0.61426 0.65298
vt 0.74962 0.66265
vt 0.81128 0.50416
vt 0.82301 0.84917
vt 0.83714 0.77516
vt 0.85458 0.05967
vt 0.65550 0.12652
vt 0.83199 0.80339
vt 0.19203 0.42075
vt 0.21306 0.51586
vt 0.23331 0.28387
vt 0.82965 0.41632
vt 0.83695 0.43499
vt 0.86538 0.09620
vt 0.65902 0.63158
vt 0.71975 0.66248
vt 0.77282 0.56309
vt 0.82244 0.53045
vt 0.09191 0.01339
vt 0.11639 0.25844
vt 0.75665 0.38407
vt 0.79571 0.57840
vt 0.94704 0.99136
vt 0.12539 0.25552
vt 0.49337 0.13913
vt 0.74886 0.38407
vt 0.80915 0.14039
vt 0.96005 0.36109
vt 0.20749 0.52202
vt 0.41146 0.90570
vt 0.81863 0.78129
vt 0.86615 0.07021
vt 0.02134 0.39266
vt 0.62043 0.89654
vt 0.64955 0.14936
vt 0.79324 0.57282
vt 0.79433 0.50132
vt 0.82023 0.82940
vt 0.25021 0.27422
vt 0.83251 0.45242
vt 0.19007 0.02078
vt 0.72139 0.14822
vt 0.19525 0.01850
vt 0.31561 0.89288
vt 0.60820 0.89190
vt 0.60864 0.38789
vt 0.71003 0.16413
vt 0.11296 0.21592
vt 0.23310 0.34317
vt 0.94613 0.97534
vt 0.19345 0.00343
vt 0.61194 0.39621
vt 0.71439 0.11722
vt 0.71512 0.52583
vt 0.23183 0.35781
vt 0.27564 0.22580
vt 0.93503 0.97342
vt 0.12464 0.21707
vt 0.25676 0.05100
vt 0.49946 0.10612
vt 0.33280 0.89275
vt 0.70113 0.15306
vt 0.86220 0.67281
vt 0.70491 0.13820
vt 0.70642 0.13352
vt 0.87620 0.67165
vt 0.96073 0.30962
vt 0.00545 0.39774
vt 0.28678 0.41230
vt 0.60187 0.27302
vt 0.79295 0.56176
vt 0.45540 0.53538
vt 0.56136 0.20696
vt 0.80740 0.09456
vt 0.96115 0.32125
vt 0.29202 0.75057
vt 0.58011 0.88493
vt 0.59023 0.40727
vt 0.87154 0.78783
vt 0.24530 0.24615
vt 0.25784 0.24130
vt 0.29197 0.03629
vt 0.32322 0.52374
vt 0.90567 0.90604
vt 0.20109 0.49820
vt 0.22996 0.99464
vt 0.68054 0.52814
vt 0.82407 0.40117
vt 0.45184 0.52494
vt 0.65645 0.58490
vt 0.77242 0.51880
vt 0.97024 0.32254
vt 0.19228 0.31632
vt 0.39200 0.90503
vt 0.63848 0.90442
vt 0.65049 0.12811
vt 0.82364 0.80037
vt 0.92406 0.25565
vt 0.14710 0.99013
vt 0.20667 0.32115
vt 0.32439 0.50289
vt 0.89123 0.07175
vt 0.91459 0.25391
vt 0.18217 0.30348
vt 0.26264 0.01284
vt 0.32408 0.27108
vt 0.49896 0.13743
vt 0.53924 0.17146
vt 0.80163 0.13475
vt 0.32347 0.87967
vt 0.59737 0.86546
vt 0.71139 0.21906
vt 0.14783 0.29735
vt 0.19292 0.29747
vt 0.27216 0.10279
vt 0.55575 0.17217
vt 0.04038 0.84796
vt 0.08302 0.30352
vt 0.17856 0.28713
vt 0.30942 0.02724
vt 0.33523 0.26041
vt 0.37298 0.26753
vt 0.73607 0.28177
vt 0.91399 0.92065
vt 0.04854 0.80255
vt 0.18595 0.25259
vt 0.01936 0.30742
vt 0.05064 0.30898
vt 0.18982 0.39463
vt 0.23968 0.01962
vt 0.05452 0.30366
vt 0.13700 0.99628
vt 0.19607 0.18667
vt 0.24573 0.02179
vt 0.33264 0.51156
vt 0.21311 0.22300
vt 0.27191 0.53066
vt 0.84035 0.38646
vt 0.92561 0.56205
vt 0.61440 0.42090
vt 0.71551 0.51459
vt 0.82346 0.75648
vt 0.25132 0.05478
vt 0.31677 0.08886
vt 0.32281 0.18749
vt 0.53589 0.48493
vt 0.70045 0.10855
vt 0.70474 0.52226
vt 0.97635 0.30252
vt 0.00847 0.30600
vt 0.16200 0.30217
vt 0.17562 0.47270
vt 0.18684 0.37891
vt 0.29872 0.41076
vt 0.57061 0.16503
vt 0.61713 0.28219
vt 0.15173 0.26868
vt 0.20371 0.26799
vt 0.93694 0.25737
vt 0.02117 0.36638
vt 0.25225 0.31183
vt 0.55128 0.12260
vt 0.55260 0.14709
vt 0.63145 0.85965
vt 0.41324 0.94868
vt 0.88452 0.05774
vt 0.91496 0.23986
vt 0.39677 0.86426
vt 0.42088 0.94638
vt 0.92406 0.23778
vt 0.95069 0.56672
vt 0.14890 0.50458
vt 0.40969 0.84522
vt 0.96838 0.56498
vt 0.10679 0.44522
vt 0.60992 0.19597
vt 0.12726 0.38298
vt 0.23748 0.45046
vt 0.26225 0.43763
vt 0.78825 0.71395
vt 0.04156 0.82028
vt 0.07881 0.27249
vt 0.12992 0.44666
vt 0.26434 0.07038
vt 0.57994 0.22179
vt 0.05920 0.13561
vt 0.26091 0.21121
vt 0.29141 0.07001
vt 0.91497 0.31677
vt 0.60084 0.85774
vt 0.70663 0.21994
vt 0.08311 0.99464
vt 0.31755 0.85875
vt 0.59655 0.83653
vt 0.70899 0.20753
vt 0.00858 0.27805
vt 0.16276 0.25716
vt 0.94376 0.23411
vt 0.62183 0.43018
vt 0.82709 0.75157
vt 0.97347 0.93198
vt 0.71933 0.49016
vt 0.82395 0.74116
vt 0.96078 0.87417
vt 0.97416 0.92147
vt 0.59319 0.22489
vt 0.79152 0.52027
vt 0.86826 0.92488
vt 0.31470 0.74289
vt 0.57825 0.85946
vt 0.30478 0.51533
vt 0.74177 0.26127
vt 0.91458 0.88713
vt 0.11478 0.40635
vt 0.20623 0.15123
vt 0.22982 0.08230
vt 0.16368 0.44151
vt 0.23344 0.22994
vt 0.26476 0.51825
vt 0.83479 0.29656
vt 0.08371 0.98369
vt 0.33275 0.85326
vt 0.54922 0.25662
vt 0.00213 0.67839
vt 0.06873 0.29458
vt 0.23963 0.99047
vt 0.34838 0.02019
vt 0.44066 0.42791
vt 0.66890 0.53152
vt 0.74861 0.28217
vt 0.59432 0.44509
vt 0.67023 0.14484
vt 0.86362 0.77252
vt 0.12123 0.39294
vt 0.14048 0.39553
vt 0.21977 0.18280
vt 0.06454 0.27320
vt 0.34704 0.04013
vt 0.05313 0.22322
vt 0.13831 0.98478
vt 0.20365 0.16637
vt 0.52950 0.31677
vt 0.87644 0.06668
vt 0.22262 0.94789
vt 0.36198 0.92570
vt 0.43987 0.98773
vt 0.82983 0.36963
vt 0.92103 0.54043
vt 0.03149 0.12526
vt 0.41834 0.43386
vt 0.75403 0.24980
vt 0.90470 0.95923
vt 0.25686 0.32245
vt 0.36605 0.50690
vt 0.01007 0.36254
vt 0.25856 0.43343
vt 0.53355 0.13262
vt 0.79393 0.71548
vt 0.17067 0.35131
vt 0.28009 0.16499
vt 0.81245 0.44788
vt 0.88507 0.97527
vt 0.11742 0.18949
vt 0.17298 0.32381
vt 0.25728 0.11287
vt 0.36772 0.95223
vt 0.00518 0.53817
vt 0.01062 0.66716
vt 0.01806 0.26946
vt 0.02208 0.35084
vt 0.03959 0.27147
vt 0.36100 0.02544
vt 0.77549 0.47621
vt 0.12823 0.17855
vt 0.66829 0.50360
vt 0.82371 0.37003
vt 0.85128 0.54756
vt 0.53340 0.51851
vt 0.53636 0.52201
vt 0.87690 0.63950
vt 0.96036 0.27753
vt 0.01091 0.64228
vt 0.17602 0.48764
vt 0.22996 0.97866
vt 0.12135 0.16294
vt 0.40678 0.42797
vt 0.65583 0.49537
vt 0.35452 0.87440
vt 0.55678 0.51841
vt 0.55969 0.26261
vt 0.86633 0.62939
vt 0.29376 0.70981
vt 0.69264 0.15593
vt 0.87154 0.76750
vt 0.07508 0.99179
vt 0.21337 0.21009
vt 0.34251 0.71595
vt 0.49618 0.98178
vt 0.58711 0.82676
vt 0.98398 0.03463
vt 0.18994 0.54270
vt 0.60429 0.46667
vt 0.96234 0.85376
vt 0.97822 0.92047
vt 0.52193 0.49235
vt 0.68864 0.48660
vt 0.41568 0.91548
vt 0.89011 0.02207
vt 0.94035 0.54748
vt 0.26698 0.03708
vt 0.41671 0.54821
vt 0.44242 0.92847
vt 0.57108 0.25425
vt 0.64196 0.55796
vt 0.95361 0.32006
vt 0.41631 0.53375
vt 0.58198 0.92538
vt 0.65125 0.54368
vt 0.77242 0.49430
vt 0.86002 0.92570
vt 0.14000 0.87434
vt 0.43407 0.89541
vt 0.60901 0.94465
vt 0.91374 0.36955
vt 0.91502 0.38079
vt 0.17530 0.42729
vt 0.26901 0.50418
vt 0.42275 0.80965
vt 0.67440 0.98971
vt 0.74330 0.20631
vt 0.29706 0.13522
vt 0.29922 0.08958
vt 0.38335 0.21728
vt 0.61546 0.95361
vt 0.91381 0.26891
vt 0.93144 0.45136
vt 0.01751 0.68502
vt 0.05664 0.11171
vt 0.92728 0.28061
vt 0.30586 0.12362
vt 0.32906 0.16255
vt 0.37476 0.22404
vt 0.42900 0.92144
vt 0.79768 0.90765
vt 0.84829 0.23475
vt 0.91949 0.37961
vt 0.93731 0.20030
vt 0.77205 0.89461
vt 0.78129 0.90044
vt 0.91727 0.36004
vt 0.22058 0.94083
vt 0.66822 0.47465
vt 0.83181 0.33884
vt 0.85841 0.55477
vt 0.53764 0.11116
vt 0.06584 0.19291
vt 0.10012 0.69013
vt 0.30104 0.02092
vt 0.33857 0.11408
vt 0.47807 0.18875
vt 0.76667 0.42356
vt 0.51934 0.29775
vt 0.80560 0.26862
vt 0.86385 0.03134
vt 0.94763 0.87231
vt 0.01861 0.22703
vt 0.15958 0.21113
vt 0.35448 0.08525
vt 0.94214 0.20921
vt 0.15220 0.19999
vt 0.18235 0.19057
vt 0.93693 0.20970
vt 0.07506 0.97843
vt 0.55969 0.23640
vt 0.57859 0.53764
vt 0.83047 0.03291
vt 0.99464 0.04267
vt 0.23411 0.50702
vt 0.42925 0.89611
vt 0.60421 0.91057
vt 0.64661 0.82618
vt 0.87118 0.22826
vt 0.79569 0.88390
vt 0.93124 0.17818
vt 0.15320 0.83105
vt 0.75080 0.81682
vt 0.76754 0.88819
vt 0.91536 0.34609
vt 0.20711 0.20414
vt 0.34813 0.71086
vt 0.50314 0.97867
vt 0.21071 0.19304
vt 0.35222 0.70158
vt 0.81178 0.01832
vt 0.98201 0.60784
vt 0.99029 0.02725
vt 0.12830 0.84999
vt 0.28589 0.68923
vt 0.58360 0.47870
vt 0.68695 0.12631
vt 0.63049 0.82399
vt 0.87641 0.20415
vt 0.00714 0.34344
vt 0.06070 0.11457
vt 0.25920 0.18308
vt 0.80146 0.45300
vt 0.18949 0.55312
vt 0.61863 0.48081
vt 0.72068 0.44637
vt 0.19493 0.54356
vt 0.70181 0.46211
vt 0.95426 0.84703
vt 0.00765 0.62301
vt 0.08621 0.87214
vt 0.23576 0.49614
vt 0.42151 0.65112
vt 0.60970 0.90460
vt 0.23424 0.11669
vt 0.41149 0.50837
vt 0.03221 0.50312
vt 0.27716 0.01313
vt 0.61376 0.50954
vt 0.62274 0.49982
vt 0.71040 0.41503
vt 0.02563 0.28323
vt 0.38410 0.49765
vt 0.79454 0.43099
vt 0.25905 0.15428
vt 0.88487 0.00816
vt 0.94670 0.53151
vt 0.11457 0.51656
vt 0.26097 0.15334
vt 0.90552 0.17689
vt 0.94537 0.64316
vt 0.96090 0.53334
vt 0.24324 0.11949
vt 0.31356 0.15699
vt 0.02870 0.48890
vt 0.47101 0.52536
vt 0.69834 0.43499
vt 0.34197 0.68691
vt 0.49545 0.95115
vt 0.72079 0.40871
vt 0.98005 0.59683
vt 0.07542 0.33758
vt 0.16959 0.88625
vt 0.67529 0.28164
vt 0.75093 0.80059
vt 0.75581 0.87964
vt 0.72131 0.41854
vt 0.81785 0.00914
vt 0.97480 0.91184
vt 0.98224 0.59672
vt 0.16354 0.80058
vt 0.73677 0.40914
vt 0.93174 0.14141
vt 0.95451 0.92078
vt 0.59814 0.50026
vt 0.65737 0.08931
vt 0.27190 0.78416
vt 0.79556 0.85788
vt 0.85089 0.19700
vt 0.93781 0.15877
vt 0.01576 0.49821
vt 0.04625 0.19935
vt 0.14126 0.17020
vt 0.19085 0.11266
vt 0.00949 0.49396
vt 0.03092 0.27938
vt 0.13248 0.24620
vt 0.91585 0.76321
vt 0.56322 0.56332
vt 0.83570 0.00866
vt 0.97894 0.88589
vt 0.01341 0.60792
vt 0.12395 0.47453
vt 0.12569 0.94120
vt 0.62811 0.28887
vt 0.78644 0.42290
vt 0.02795 0.08827
vt 0.88844 0.79301
vt 0.91379 0.94961
vt 0.03953 0.77122
vt 0.07565 0.22763
vt 0.17301 0.20928
vt 0.19149 0.41130
vt 0.76657 0.44316
vt 0.88263 0.67630
vt 0.01595 0.80602
vt 0.53679 0.82677
vt 0.57745 0.89952
vt 0.64581 0.50704
vt 0.69247 0.29096
vt 0.76796 0.86196
vt 0.33885 0.66517
vt 0.71105 0.38983
vt 0.71848 0.39118
vt 0.05737 0.77142
vt 0.12448 0.82338
vt 0.52470 0.10222
vt 0.81138 0.67742
vt 0.31152 0.31395
vt 0.42667 0.49912
vt 0.53943 0.08387
vt 0.50361 0.52837
vt 0.68179 0.46225
vt 0.22191 0.76274
vt 0.23653 0.77438
vt 0.53389 0.57494
vt 0.18716 0.79757
vt 0.55542 0.59201
vt 0.95900 0.89977
vt 0.09248 0.85043
vt 0.43331 0.66145
vt 0.56975 0.63509
vt 0.06379 0.76539
vt 0.07677 0.33046
vt 0.14821 0.80610
vt 0.73985 0.78286
vt 0.87690 0.98735
vt 0.92945 0.23050
vt 0.21846 0.91346
vt 0.43342 0.99136
vt 0.57593 0.81997
vt 0.68387 0.43037
vt 0.94121 0.68340
vt 0.31506 0.35152
vt 0.73267 0.36755
vt 0.73365 0.37591
vt 0.75665 0.93457
vt 0.92238 0.10972
vt 0.17904 0.77125
vt 0.32073 0.34664
vt 0.93675 0.12216
vt 0.07779 0.46602
vt 0.54824 0.83707
vt 0.58207 0.18146
vt 0.59208 0.15273
vt 0.60236 0.89895
vt 0.86683 0.89760
vt 0.00396 0.62756
vt 0.23431 0.48422
vt 0.64105 0.80125
vt 0.25905 0.14366
vt 0.81690 0.25018
vt 0.86755 0.00429
vt 0.94212 0.64244
vt 0.12885 0.13250
vt 0.65479 0.44197
vt 0.79529 0.37016
vt 0.85841 0.53707
vt 0.95748 0.03960
vt 0.07334 0.42695
vt 0.58638 0.27982
vt 0.95031 0.29586
vt 0.02298 0.68085
vt 0.12814 0.96578
vt 0.64561 0.92792
vt 0.92766 0.26035
vt 0.00543 0.31603
vt 0.02298 0.69264
vt 0.05975 0.09855
vt 0.13076 0.98528
vt 0.97041 0.86777
vt 0.01302 0.31530
vt 0.80607 0.43366
vt 0.88652 0.96071
vt 0.97730 0.86470
vt 0.19310 0.45222
vt 0.77911 0.66846
vt 0.03428 0.95849
vt 0.05198 0.16909
vt 0.05255 0.20233
vt 0.50582 0.29012
vt 0.51285 0.30313
vt 0.77165 0.64175
vt 0.20356 0.53060
vt 0.37873 0.88931
vt 0.39866 0.75713
vt 0.51808 0.47762
vt 0.83072 0.23843
vt 0.92044 0.51243
vt 0.27902 0.00291
vt 0.52764 0.76869
vt 0.60553 0.52256
vt 0.65039 0.06367
vt 0.04042 0.40150
vt 0.18484 0.92618
vt 0.20368 0.09577
vt 0.72123 0.17996
vt 0.07116 0.36806
vt 0.19501 0.45732
vt 0.67530 0.41445
vt 0.81571 0.35722
vt 0.93016 0.66777
vt 0.28148 0.64942
vt 0.30368 0.65575
vt 0.68942 0.07916
vt 0.68985 0.34105
vt 0.36487 0.89869
vt 0.43342 0.97454
vt 0.60547 0.81904
vt 0.13822 0.29867
vt 0.37137 0.92113
vt 0.84432 0.98465
vt 0.16374 0.40885
vt 0.42222 0.79181
vt 0.85904 0.26558
vt 0.39952 0.56006
vt 0.45838 0.91951
vt 0.56221 0.27274
vt 0.65532 0.84857
vt 0.05312 0.77406
vt 0.11629 0.34276
vt 0.18087 0.07122
vt 0.57091 0.98593
vt 0.87787 0.90108
vt 0.00232 0.79790
vt 0.36505 0.53931
vt 0.64139 0.50772
vt 0.73144 0.96345
vt 0.06883 0.93410
vt 0.13403 0.96747
vt 0.26765 0.11949
vt 0.65093 0.91899
vt 0.82871 0.90635
vt 0.89698 0.95049
vt 0.97776 0.84767
vt 0.16742 0.75508
vt 0.31716 0.33972
vt 0.66742 0.89937
vt 0.74999 0.91864
vt 0.07427 0.31487
vt 0.16032 0.87297
vt 0.87590 0.96353
vt 0.81687 0.19923
vt 0.89188 0.14020
vt 0.94375 0.59872
vt 0.09275 0.35156
vt 0.18064 0.04734
vt 0.28091 0.08739
vt 0.85812 0.89791
vt 0.37545 0.56365
vt 0.64834 0.87951
vt 0.73662 0.93934
vt 0.59628 0.73252
vt 0.61106 0.80796
vt 0.68792 0.64300
vt 0.86656 0.16949
vt 0.08849 0.49204
vt 0.10187 0.96937
vt 0.39720 0.52850
vt 0.51739 0.27007
vt 0.68518 0.69592
vt 0.90897 0.14863
vt 0.03086 0.04560
vt 0.32579 0.42656
vt 0.64259 0.42891
vt 0.77556 0.37819
vt 0.91257 0.77289
vt 0.25045 0.78299
vt 0.37275 0.04103
vt 0.50615 0.56006
vt 0.50689 0.57023
vt 0.00821 0.60845
vt 0.42421 0.63702
vt 0.55879 0.67400
vt 0.64936 0.77339
vt 0.68115 0.98933
vt 0.74498 0.18060
vt 0.75524 0.36935
vt 0.89238 0.76131
vt 0.90478 0.92105
vt 0.90750 0.09042
vt 0.26261 0.13728
vt 0.39215 0.92214
vt 0.85348 0.98340
vt 0.91523 0.63247
vt 0.16809 0.71247
vt 0.52782 0.29809
vt 0.53705 0.28545
vt 0.66878 0.85122
vt 0.15545 0.61492
vt 0.63029 0.78406
vt 0.70538 0.64983
vt 0.84777 0.37497
vt 0.05660 0.73760
vt 0.16254 0.85258
vt 0.66460 0.80427
vt 0.82969 0.66697
vt 0.86630 0.96087
vt 0.92471 0.19891
vt 0.35654 0.98142
vt 0.57887 0.79840
vt 0.62696 0.01780
vt 0.81925 0.33268
vt 0.82381 0.03995
vt 0.94219 0.66382
vt 0.00354 0.02298
vt 0.04099 0.49749
vt 0.27667 0.00291
vt 0.44895 0.54919
vt 0.54073 0.76225
vt 0.13012 0.90282
vt 0.52453 0.98479
vt 0.54328 0.94868
vt 0.63021 0.91362
vt 0.95006 0.42083
vt 0.18851 0.74575
vt 0.20323 0.75558
vt 0.27486 0.93558
vt 0.02890 0.65917
vt 0.16504 0.94798
vt 0.51090 0.05630
vt 0.82746 0.64044
vt 0.16772 0.16965
vt 0.17579 0.13212
vt 0.23488 0.40922
vt 0.30883 0.91550
vt 0.04473 0.42295
vt 0.22477 0.71091
vt 0.44438 0.88388
vt 0.61663 0.14825
vt 0.75750 0.38920
vt 0.95298 0.28004
vt 0.16445 0.73422
vt 0.66926 0.87182
vt 0.00817 0.77641
vt 0.68614 0.04294
vt 0.70774 0.31493
vt 0.75362 0.95644
vt 0.47863 0.91088
vt 0.54454 0.28560
vt 0.04103 0.47740
vt 0.47713 0.55066
vt 0.24463 0.14444
vt 0.32193 0.11138
vt 0.69385 0.88469
vt 0.93138 0.65452
vt 0.02463 0.25857
vt 0.27828 0.98807
vt 0.62769 0.52380
vt 0.80340 0.40486
vt 0.90901 0.74364
vt 0.03844 0.75244
vt 0.10537 0.80925
vt 0.54323 0.61515
vt 0.65126 0.97205
vt 0.90967 0.22027
vt 0.11153 0.60224
vt 0.12257 0.60199
vt 0.36756 0.98315
vt 0.53627 0.67573
vt 0.64679 0.75606
vt 0.43331 0.64296
vt 0.54223 0.65966
vt 0.41689 0.80510
vt 0.57822 0.77904
vt 0.58698 0.78912
vt 0.65883 0.65160
vt 0.82136 0.04187
vt 0.02796 0.20512
vt 0.09366 0.70741
vt 0.34962 0.10817
vt 0.99124 0.31185
vt 0.12969 0.58768
vt 0.37449 0.16449
vt 0.52453 0.95299
vt 0.91285 0.83215
vt 0.93147 0.41104
vt 0.07414 0.71915
vt 0.65896 0.80906
vt 0.83626 0.66761
vt 0.91205 0.60173
vt 0.08070 0.69365
vt 0.91406 0.58752
vt 0.30298 0.17670
vt 0.33601 0.06012
vt 0.35985 0.11188
vt 0.30733 0.17455
vt 0.32926 0.07021
vt 0.56899 0.76299
vt 0.71069 0.86761
vt 0.27082 0.75204
vt 0.57847 0.72668
vt 0.67185 0.61745
vt 0.84655 0.16679
vt 0.26184 0.75278
vt 0.71534 0.28914
vt 0.78348 0.83806
vt 0.12879 0.41689
vt 0.65382 0.80075
vt 0.67115 0.23220
vt 0.91750 0.58770
vt 0.18547 0.72233
vt 0.25487 0.92815
vt 0.47523 0.88777
vt 0.53904 0.31116
vt 0.17353 0.84046
vt 0.65629 0.78759
vt 0.68380 0.23451
vt 0.68799 0.25647
vt 0.07633 0.66957
vt 0.14905 0.43813
vt 0.77869 0.63915
vt 0.91463 0.56409
vt 0.35951 0.97009
vt 0.41394 0.80589
vt 0.82617 0.05907
vt 0.05312 0.79440
vt 0.12194 0.29408
vt 0.35781 0.91248
vt 0.79129 0.83002
vt 0.84462 0.96852
vt 0.35210 0.93389
vt 0.80218 0.82946
vt 0.21170 0.49240
vt 0.32696 0.94555
vt 0.64176 0.97658
vt 0.81461 0.80349
vt 0.34960 0.98687
vt 0.35456 0.94851
vt 0.41394 0.79307
vt 0.57538 0.76127
vt 0.73723 0.91727
vt 0.90155 0.80143
vt 0.00821 0.00372
vt 0.02626 0.78144
vt 0.03650 0.47270
vt 0.55000 0.78755
vt 0.65174 0.02874
vt 0.50815 0.26309
vt 0.52347 0.82394
vt 0.69099 0.68711
vt 0.77798 0.62797
vt 0.92864 0.85549
vt 0.05444 0.00668
vt 0.19968 0.09689
vt 0.23065 0.15743
vt 0.38220 0.48456
vt 0.63191 0.27633
vt 0.77919 0.39742
vt 0.81571 0.40609
vt 0.12780 0.20516
vt 0.14977 0.53925
vt 0.58280 0.75541
vt 0.59093 0.74997
vt 0.65883 0.63940
vt 0.89839 0.80165
vt 0.12780 0.19452
vt 0.74927 0.90670
vt 0.89885 0.80873
vt 0.23242 0.74272
vt 0.27936 0.89690
vt 0.37275 0.02174
vt 0.44529 0.87092
vt 0.04418 0.70975
vt 0.14339 0.96941
vt 0.82969 0.64885
vt 0.12966 0.19514
vt 0.14624 0.56487
vt 0.74870 0.88359
vt 0.94255 0.37309
vt 0.06237 0.78568
vt 0.10649 0.30594
vt 0.64787 0.94561
vt 0.77741 0.81681
vt 0.34255 0.99464
vt 0.34605 0.96763
vt 0.64340 0.02790
vt 0.81552 0.30961
vt 0.36201 0.87075
vt 0.51808 0.46303
vt 0.59319 0.77251
vt 0.66802 0.64145
vt 0.12950 0.10125
vt 0.64700 0.41988
vt 0.77556 0.35293
vt 0.78526 0.33982
vt 0.94959 0.01515
vt 0.69432 0.58907
vt 0.79895 0.19752
vt 0.93929 0.83717
vt 0.05885 0.68387
vt 0.16629 0.98054
vt 0.63274 0.00853
vt 0.80502 0.33152
vt 0.95769 0.01077
vt 0.34467 0.90874
vt 0.85280 0.96817
vt 0.91288 0.60932
vt 0.17804 0.82333
vt 0.21172 0.95239
vt 0.70580 0.23742
vt 0.09895 0.93190
vt 0.39720 0.51386
vt 0.62811 0.27571
vt 0.80998 0.39662
vt 0.12887 0.54614
vt 0.60917 0.74868
vt 0.98971 0.65817
vt 0.00354 0.00258
vt 0.03461 0.46539
vt 0.43284 0.57908
vt 0.76978 0.38411
vt 0.24171 0.74309
vt 0.37553 0.01670
vt 0.48639 0.58543
vt 0.76978 0.40541
vt 0.39618 0.19715
vt 0.44720 0.48379
vt 0.54568 0.05325
vt 0.43283 0.76909
vt 0.89322 0.08267
vt 0.43612 0.78374
vt 0.67440 0.97323
vt 0.89296 0.09520
vt 0.09475 0.31891
vt 0.36930 0.21624
vt 0.59087 0.97795
vt 0.65160 0.96367
vt 0.77674 0.79758
vt 0.03818 0.35977
vt 0.15454 0.45082
vt 0.67828 0.18369
vt 0.08814 0.69013
vt 0.43655 0.19171
vt 0.46769 0.18757
vt 0.48429 0.94502
vt 0.97778 0.44666
vt 0.99300 0.29530
vt 0.08214 0.89343
vt 0.76485 0.27259
vt 0.80329 0.90761
vt 0.21337 0.47591
vt 0.32819 0.93027
vt 0.15845 0.81832
vt 0.18738 0.96575
vt 0.68658 0.20876
vt 0.22242 0.37947
vt 0.74982 0.98275
vt 0.88701 0.66166
vt 0.37254 0.98270
vt 0.51725 0.66911
vt 0.51988 0.67156
vt 0.66966 0.96210
vt 0.70578 0.58882
vt 0.81098 0.18819
vt 0.89906 0.11724
vt 0.13833 0.16608
vt 0.28675 0.96241
vt 0.61511 0.12178
vt 0.91181 0.70755
vt 0.95539 0.77056
vt 0.06888 0.90287
vt 0.14428 0.93911
vt 0.65585 0.90823
vt 0.75512 0.27741
vt 0.10144 0.79073
vt 0.11421 0.89830
vt 0.16965 0.65881
vt 0.80769 0.86809
vt 0.02892 0.17844
vt 0.44661 0.20214
vt 0.98288 0.29530
vt 0.06716 0.33878
vt 0.23061 0.38502
vt 0.29050 0.90567
vt 0.51132 0.82986
vt 0.75829 0.97687
vt 0.02224 0.18063
vt 0.15962 0.16479
vt 0.18296 0.16685
vt 0.50437 0.83787
vt 0.75033 0.97225
vt 0.77716 0.43354
vt 0.88237 0.66248
vt 0.09799 0.60452
vt 0.33411 0.29116
vt 0.36814 0.97059
vt 0.50472 0.67476
vt 0.68587 0.67664
vt 0.69825 0.57298
vt 0.91397 0.12156
vt 0.92429 0.83334
vt 0.37032 0.36009
vt 0.38603 0.52704
vt 0.52816 0.23648
vt 0.81259 0.38681
vt 0.90480 0.39501
vt 0.34255 0.97916
vt 0.71862 0.90875
vt 0.80283 0.29794
vt 0.33567 0.27986
vt 0.48963 0.66080
vt 0.76058 0.81011
vt 0.77813 0.91011
vt 0.10421 0.65593
vt 0.25249 0.28945
vt 0.69331 0.60517
vt 0.85396 0.31985
vt 0.13655 0.62324
vt 0.13655 0.64180
vt 0.86049 0.35860
vt 0.41305 0.73501
vt 0.52686 0.46819
vt 0.61449 0.77287
vt 0.74262 0.13744
vt 0.98971 0.64223
vt 0.42152 0.75189
vt 0.42326 0.76535
vt 0.89778 0.07504
vt 0.02561 0.72475
vt 0.51196 0.60282
vt 0.66966 0.98151
vt 0.05745 0.00610
vt 0.23989 0.18450
vt 0.24684 0.98643
vt 0.47729 0.51125
vt 0.68566 0.53541
vt 0.20404 0.48026
vt 0.36585 0.21883
vt 0.53914 0.88155
vt 0.80492 0.78949
vt 0.07040 0.59925
vt 0.47511 0.67190
vt 0.75993 0.82871
vt 0.05248 0.60304
vt 0.40561 0.13133
vt 0.45686 0.66973
vt 0.63019 0.97974
vt 0.72779 0.86898
vt 0.89605 0.73640
vt 0.93809 0.34837
vt 0.12182 0.56841
vt 0.74662 0.16690
vt 0.93956 0.36095
vt 0.98245 0.65324
vt 0.08586 0.61697
vt 0.33265 0.27978
vt 0.76270 0.81135
vt 0.40517 0.15561
vt 0.44114 0.65396
vt 0.55732 0.01503
vt 0.41310 0.17413
vt 0.45548 0.46172
vt 0.04668 0.97827
vt 0.75051 0.63164
vt 0.82116 0.98150
vt 0.10745 0.62441
vt 0.07080 0.15725
vt 0.29383 0.95548
vt 0.29975 0.00314
vt 0.34176 0.15854
vt 0.47955 0.15631
vt 0.46488 0.63994
vt 0.53380 0.00362
vt 0.79869 0.92652
vt 0.01595 0.69583
vt 0.14247 0.94803
vt 0.47984 0.60563
vt 0.51031 0.03185
vt 0.78584 0.95239
vt 0.39131 0.47224
vt 0.63578 0.55206
vt 0.78599 0.38166
vt 0.81734 0.38616
vt 0.90928 0.39541
vt 0.06414 0.34365
vt 0.31513 0.00523
vt 0.31544 0.95228
vt 0.50765 0.82770
vt 0.77798 0.42343
vt 0.90146 0.71079
vt 0.03736 0.61327
vt 0.41326 0.14762
vt 0.47741 0.44545
vt 0.07057 0.97690
vt 0.46065 0.43640
vt 0.72508 0.62446
vt 0.20187 0.46499
vt 0.32304 0.91537
vt 0.53412 0.85136
vt 0.67758 0.85454
vt 0.93394 0.61763
vt 0.51026 0.21925
vt 0.85348 0.84087
vt 0.41627 0.20033
vt 0.48267 0.92752
vt 0.92314 0.50270
vt 0.98599 0.45136
vt 0.71758 0.87844
vt 0.77660 0.28668
vt 0.87759 0.73309
vt 0.04394 0.64394
vt 0.23159 0.95086
vt 0.48546 0.46806
vt 0.45139 0.15410
vt 0.50060 0.93548
vt 0.63508 0.97595
vt 0.73544 0.16107
vt 0.94433 0.34137
vt 0.11653 0.79932
vt 0.17448 0.69882
vt 0.27634 0.07332
vt 0.84952 0.85709
vt 0.31519 0.27211
vt 0.36731 0.22915
vt 0.40365 0.98957
vt 0.52345 0.90316
vt 0.56759 0.96181
vt 0.81194 0.77203
vt 0.87458 0.95404
vt 0.05496 0.03537
vt 0.21173 0.92110
vt 0.21790 0.03261
vt 0.27049 0.71796
vt 0.67495 0.57734
vt 0.73518 0.23848
vt 0.06217 0.64045
vt 0.24835 0.94762
vt 0.26589 0.27404
vt 0.59069 0.69541
vt 0.68154 0.57839
vt 0.47131 0.41961
vt 0.71605 0.60925
vt 0.81890 0.26438
vt 0.48262 0.80363
vt 0.50620 0.82221
vt 0.65471 0.28339
vt 0.72402 0.60876
vt 0.81660 0.27090
vt 0.07795 0.82319
vt 0.48796 0.24870
vt 0.51054 0.79958
vt 0.76096 0.58576
vt 0.98550 0.21501
vt 0.01260 0.12421
vt 0.01652 0.12617
vt 0.15715 0.11233
vt 0.18274 0.13779
vt 0.45172 0.25360
vt 0.56459 0.94659
vt 0.79821 0.75227
vt 0.77650 0.32827
vt 0.78197 0.31717
vt 0.78588 0.31853
vt 0.15646 0.37586
vt 0.43077 0.16695
vt 0.48864 0.91278
vt 0.92534 0.50388
vt 0.74841 0.33898
vt 0.91209 0.05987
vt 0.41333 0.45245
vt 0.42982 0.71727
vt 0.63096 0.96037
vt 0.72903 0.14128
vt 0.88875 0.71020
vt 0.44094 0.78455
vt 0.55926 0.91914
vt 0.59087 0.95882
vt 0.76810 0.76288
vt 0.87352 0.90756
vt 0.89857 0.87850
vt 0.31519 0.29051
vt 0.50718 0.88879
vt 0.50046 0.39831
vt 0.63229 0.27007
vt 0.81718 0.28525
vt 0.88715 0.62063
vt 0.09637 0.59246
vt 0.33270 0.02826
vt 0.36121 0.08659
vt 0.07874 0.64774
vt 0.26232 0.95546
vt 0.26589 0.30528
vt 0.70505 0.55693
vt 0.06872 0.95763
vt 0.36750 0.45548
vt 0.46420 0.38630
vt 0.82789 0.99792
vt 0.04944 0.95684
vt 0.05116 0.10413
vt 0.36656 0.49314
vt 0.83707 0.98150
vt 0.42444 0.46451
vt 0.42995 0.73955
vt 0.89445 0.05099
vt 0.50979 0.38136
vt 0.60845 0.66966
vt 0.62113 0.25308
vt 0.88523 0.60582
vt 0.42661 0.21957
vt 0.97829 0.43320
vt 0.09957 0.89147
vt 0.14803 0.63973
vt 0.16109 0.93324
vt 0.28718 0.86298
vt 0.76216 0.26533
vt 0.62941 0.25949
vt 0.88929 0.61174
vt 0.26609 0.97771
vt 0.61547 0.57885
vt 0.48356 0.78824
vt 0.66232 0.25374
vt 0.72812 0.57772
vt 0.48834 0.37282
vt 0.15638 0.90628
vt 0.26609 0.87328
vt 0.52889 0.92405
vt 0.24857 0.88836
vt 0.47926 0.26753
vt 0.51212 0.15100
vt 0.52082 0.94868
vt 0.53999 0.96532
vt 0.92714 0.80118
vt 0.09776 0.76485
vt 0.49596 0.86037
vt 0.53620 0.74432
vt 0.63521 0.49404
vt 0.69050 0.83561
vt 0.51064 0.35843
vt 0.60337 0.65646
vt 0.95593 0.08573
vt 0.36990 0.32572
vt 0.53331 0.19175
vt 0.67901 0.02408
vt 0.84463 0.83291
vt 0.90408 0.34630
vt 0.28943 0.09848
vt 0.37518 0.32930
vt 0.63804 0.59189
vt 0.90537 0.36186
vt 0.90755 0.34898
vt 0.08699 0.68103
vt 0.15689 0.36425
vt 0.39163 0.22945
vt 0.92911 0.48966
vt 0.41883 0.44898
vt 0.89504 0.69630
vt 0.90065 0.03661
vt 0.75155 0.31006
vt 0.87724 0.70469
vt 0.91720 0.03763
vt 0.47777 0.78135
vt 0.58087 0.93899
vt 0.89587 0.93160
vt 0.97330 0.23471
vt 0.97392 0.03519
vt 0.98392 0.80244
vt 0.40446 0.97363
vt 0.88755 0.94950
vt 0.98392 0.81950
vt 0.06668 0.31942
vt 0.26811 0.36857
vt 0.29393 0.88073
vt 0.91314 0.69038
vt 0.97822 0.97553
vt 0.18164 0.02483
vt 0.21380 0.70381
vt 0.27971 0.02796
vt 0.87939 0.86070
vt 0.10678 0.12985
vt 0.29893 0.93338
vt 0.43406 0.69978
vt 0.12987 0.79785
vt 0.32170 0.27611
vt 0.41643 0.96781
vt 0.48890 0.89462
vt 0.62000 0.46442
vt 0.97623 0.03604
vt 0.98600 0.80259
vt 0.31677 0.92466
vt 0.44951 0.70304
vt 0.76372 0.66011
vt 0.90876 0.66581
vt 0.96037 0.97376
vt 0.60893 0.65646
vt 0.63673 0.21952
vt 0.71781 0.53539
vt 0.95800 0.07214
vt 0.16270 0.62527
vt 0.17489 0.61627
vt 0.27439 0.83843
vt 0.09948 0.55425
vt 0.47256 0.24969
vt 0.91485 0.78284
vt 0.07059 0.06522
vt 0.07487 0.10150
vt 0.35619 0.22927
vt 0.48583 0.08478
vt 0.04320 0.06413
vt 0.14182 0.10878
vt 0.31538 0.49718
vt 0.37639 0.12694
vt 0.09003 0.67028
vt 0.16540 0.36529
vt 0.41835 0.13197
vt 0.49149 0.33516
vt 0.63563 0.21070
vt 0.95658 0.06125
vt 0.36455 0.19921
vt 0.46714 0.11324
vt 0.17728 0.10650
vt 0.30118 0.40235
vt 0.11427 0.77133
vt 0.20471 0.64200
vt 0.20780 0.64122
vt 0.79911 0.11373
vt 0.80425 0.97619
vt 0.33014 0.45148
vt 0.46513 0.34482
vt 0.48377 0.20254
vt 0.84463 0.85348
vt 0.86956 0.73768
vt 0.99026 0.19576
vt 0.06341 0.80237
vt 0.52522 0.70248
vt 0.65830 0.22655
vt 0.73303 0.54912
vt 0.26787 0.95654
vt 0.57958 0.11650
vt 0.58579 0.60766
vt 0.42052 0.88303
vt 0.52460 0.74834
vt 0.57674 0.47168
vt 0.86508 0.76225
vt 0.97504 0.18991
vt 0.09038 0.66073
vt 0.23568 0.91037
vt 0.42347 0.11238
vt 0.10826 0.77490
vt 0.20260 0.62487
vt 0.24609 0.82842
vt 0.51589 0.10593
vt 0.79742 0.12338
vt 0.28714 0.08817
vt 0.68805 0.97570
vt 0.68836 0.01585
vt 0.90695 0.33460
vt 0.25107 0.84925
vt 0.52194 0.11878
vt 0.43043 0.26484
vt 0.46878 0.75053
vt 0.89721 0.90890
vt 0.95747 0.21100
vt 0.08780 0.65776
vt 0.23517 0.91583
vt 0.39018 0.25980
vt 0.19140 0.61516
vt 0.25718 0.82896
vt 0.24229 0.70046
vt 0.44330 0.74231
vt 0.88262 0.83368
vt 0.29215 0.08365
vt 0.61289 0.61979
vt 0.66285 0.16139
vt 0.68477 0.95863
vt 0.49558 0.76180
vt 0.59230 0.28058
vt 0.97231 0.20234
vt 0.13155 0.76971
vt 0.49262 0.77166
vt 0.59568 0.28066
vt 0.97634 0.00981
vt 0.08623 0.08207
vt 0.11582 0.10040
vt 0.22900 0.18875
vt 0.43417 0.67851
vt 0.76861 0.64800
vt 0.87508 0.13858
vt 0.98501 0.76852
vt 0.28615 0.36603
vt 0.38213 0.17989
vt 0.97631 0.96123
vt 0.05227 0.59416
vt 0.32139 0.02771
vt 0.56958 0.70352
vt 0.51626 0.17743
vt 0.66032 0.16162
vt 0.67914 0.96477
vt 0.68878 0.00505
vt 0.86400 0.70092
vt 0.10242 0.70974
vt 0.15402 0.77426
vt 0.64011 0.46442
vt 0.05093 0.92155
vt 0.06949 0.75058
vt 0.52522 0.67841
vt 0.06237 0.90582
vt 0.08539 0.75144
vt 0.42053 0.84827
vt 0.51960 0.73492
vt 0.76919 0.66183
vt 0.96298 0.95613
vt 0.98568 0.78182
vt 0.11804 0.73339
vt 0.54518 0.69773
vt 0.13322 0.74939
vt 0.51088 0.74107
vt 0.59457 0.26675
vt 0.02815 0.92685
vt 0.51374 0.69141
vt 0.66012 0.18485
vt 0.49522 0.16674
vt 0.84746 0.70870
vt 0.08952 0.53448
vt 0.47926 0.24029
vt 0.48242 0.12615
vt 0.50890 0.11759
vt 0.79562 0.11314
vt 0.80130 0.97658
vt 0.11480 0.66746
vt 0.15066 0.73506
vt 0.21115 0.29059
vt 0.50853 0.72785
vt 0.49972 0.31374
vt 0.62761 0.19323
vt 0.30474 0.37648
vt 0.38899 0.18875
vt 0.05814 0.55162
vt 0.39556 0.97219
vt 0.22944 0.62829
vt 0.28160 0.30810
vt 0.48583 0.10088
vt 0.79903 0.96049
vt 0.48421 0.30180
vt 0.87935 0.41316
vt 0.13758 0.09638
vt 0.36987 0.09139
vt 0.62041 0.07411
vt 0.97166 0.76380
vt 0.00988 0.08702
vt 0.44743 0.29505
vt 0.15385 0.05450
vt 0.19927 0.05675
vt 0.34863 0.40693
vt 0.05161 0.52195
vt 0.27742 0.29803
vt 0.48332 0.10099
vt 0.92596 0.78052
vt 0.47327 0.86259
vt 0.55753 0.04073
vt 0.57843 0.42816
vt 0.81536 0.70811
vt 0.40676 0.29072
vt 0.74188 0.82940
vt 0.23143 0.18750
vt 0.31474 0.36140
vt 0.38899 0.17939
vt 0.92149 0.90173
vt 0.97318 0.94934
vt 0.98826 0.76846
vt 0.55138 0.46498
vt 0.61632 0.63613
vt 0.66128 0.15074
vt 0.67386 0.32412
vt 0.85349 0.68261
vt 0.02955 0.52343
vt 0.25383 0.62655
vt 0.28063 0.27986
vt 0.50660 0.29570
vt 0.61767 0.17056
vt 0.89740 0.41364
vt 0.27574 0.68125
vt 0.28552 0.98072
vt 0.47939 0.70969
vt 0.28148 0.45336
vt 0.46079 0.30000
vt 0.22757 0.90335
vt 0.37750 0.27304
vt 0.94237 0.76195
vt 0.18615 0.91579
vt 0.22900 0.17805
vt 0.79079 0.26491
vt 0.88953 0.10537
vt 0.92633 0.87802
vt 0.13238 0.65259
vt 0.21587 0.27987
vt 0.79429 0.62498
vt 0.03167 0.53137
vt 0.25601 0.63258
vt 0.52246 0.14985
vt 0.93063 0.76732
vt 0.25585 0.65323
vt 0.26886 0.66310
vt 0.29380 0.99628
vt 0.47382 0.68270
vt 0.52741 0.16242
vt 0.57351 0.15395
vt 0.21265 0.26352
vt 0.28178 0.99628
vt 0.50873 0.69019
vt 0.78350 0.61305
vt 0.02948 0.58495
vt 0.14464 0.69696
vt 0.37676 0.98643
vt 0.56972 0.67600
vt 0.00283 0.57113
vt 0.14446 0.66629
vt 0.80611 0.61729
vt 0.01837 0.88925
vt 0.65140 0.16038
vt 0.84840 0.62175
vt 0.27988 0.48462
vt 0.55084 0.43656
vt 0.56104 0.06179
vt 0.81720 0.68412
vt 0.43476 0.08077
vt 0.95522 0.11364
vt 0.44773 0.84814
vt 0.55893 0.43613
vt 0.11933 0.06872
vt 0.69872 0.94199
vt 0.76867 0.26429
vt 0.87280 0.10064
vt 0.39392 0.99464
vt 0.57526 0.08536
vt 0.70552 0.61007
vt 0.96681 0.73409
vt 0.00263 0.54899
vt 0.49175 0.67817
vt 0.57236 0.13155
vt 0.78297 0.59407
vt 0.55829 0.08630
vt 0.59054 0.64245
vt 0.69594 0.30857
vt 0.71233 0.61256
vt 0.41462 0.31715
vt 0.42807 0.29796
vt 0.72478 0.83725
vt 0.62655 0.15875
vt 0.82925 0.63355
vt 0.87379 0.50553
vt 0.89126 0.39283
vt 0.20919 0.90424
vt 0.33498 0.35218
vt 0.80966 0.95642
vt 0.94047 0.88286
vt 0.02617 0.55273
vt 0.02971 0.54345
vt 0.38849 0.95411
vt 0.53644 0.15708
vt 0.56764 0.15544
vt 0.92041 0.76522
vt 0.24317 0.46460
vt 0.47052 0.27106
vt 0.85005 0.48653
vt 0.87557 0.39122
vt 0.55477 0.44341
vt 0.56300 0.05272
vt 0.67459 0.29665
vt 0.71101 0.63252
vt 0.17732 0.97123
vt 0.22745 0.87199
vt 0.39637 0.07469
vt 0.94254 0.74229
vt 0.18325 0.88540
vt 0.69686 0.90754
vt 0.77427 0.23839
vt 0.70394 0.03254
vt 0.81702 0.60024
vt 0.89257 0.48799
vt 0.19510 0.98737
vt 0.38211 0.30641
vt 0.73666 0.80111
vt 0.92106 0.74647
vt 0.37997 0.99137
vt 0.48101 0.86080
vt 0.56059 0.04307
vt 0.70585 0.62602
vt 0.88187 0.35794
vt 0.54054 0.24407
vt 0.88951 0.46532
vt 0.54979 0.24051
vt 0.71054 0.01302
vt 0.90137 0.45586
vt 0.07511 0.05115
vt 0.48471 0.04754
vt 0.67011 0.95476
vt 0.90541 0.57439
vt 0.44544 0.05709
vt 0.97029 0.12575
vt 0.39392 0.97955
vt 0.57850 0.04278
vt 0.89655 0.33362
vt 0.55461 0.21620
vt 0.73135 0.00515
vt 0.84601 0.55890
vt 0.86842 0.59563
vt 0.17849 0.94793
vt 0.19276 0.47584
vt 0.40850 0.04826
vt 0.83702 0.22353
vt 0.97330 0.09985
vt 0.35446 0.37426
vt 0.73929 0.51195
vt 0.82707 0.95706
vt 0.17413 0.95238
vt 0.18896 0.48057
vt 0.21760 0.98680
vt 0.93741 0.72470
vt 0.26026 0.49804
vt 0.37371 0.06983
vt 0.61946 0.02523
vt 0.67398 0.55282
vt 0.84121 0.44503
vt 0.84228 0.92351
vt 0.05727 0.88496
vt 0.42231 0.82066
vt 0.86153 0.59628
vt 0.41743 0.35981
vt 0.47979 0.81323
vt 0.48356 0.82821
vt 0.66119 0.30922
vt 0.87589 0.31710
vt 0.44613 0.79960
vt 0.66309 0.29448
vt 0.66674 0.54497
vt 0.84580 0.95435
vt 0.86376 0.56043
vt 0.87959 0.58615
vt 0.54100 0.21491
vt 0.67458 0.53946
vt 0.86958 0.43685
vt 0.87211 0.57940
vt 0.44974 0.82004
vt 0.64135 0.29448
vt 0.86476 0.57051
vt 0.20317 0.87481
vt 0.81263 0.92589
vt 0.19000 0.46550
vt 0.21460 0.96814
vt 0.39164 0.32808
vt 0.46739 0.95610
vt 0.71860 0.77602
vt 0.83340 0.22352
vt 0.46769 0.80066
vt 0.85875 0.96509
vt 0.88258 0.29056
vt 0.58061 0.01413
vt 0.85997 0.95264
vt 0.89698 0.29984
vt 0.08524 0.02165
vt 0.37741 0.85717
vt 0.60485 0.67527
vt 0.87812 0.55499
vt 0.19435 0.85689
vt 0.67684 0.91092
vt 0.77853 0.73640
vt 0.82642 0.91292
vt 0.00613 0.04394
vt 0.16073 0.02501
vt 0.22814 0.30528
vt 0.37968 0.41170
vt 0.44320 0.35019
vt 0.60485 0.69920
vt 0.67220 0.93426
vt 0.77607 0.71712
vt 0.89437 0.52608
vt 0.96344 0.51209
vt 0.73001 0.47301
vt 0.78071 0.71889
vt 0.83510 0.92436
vt 0.97091 0.51164
vt 0.21363 0.30109
vt 0.39006 0.38963
vt 0.67155 0.81655
vt 0.76158 0.47190
vt 0.36714 0.76593
vt 0.41347 0.03006
vt 0.47050 0.93307
vt 0.77246 0.20865
vt 0.82685 0.20435
vt 0.44454 0.01221
vt 0.79092 0.19178
vt 0.89634 0.02206
vt 0.06550 0.01941
vt 0.35539 0.85741
vt 0.47952 0.01558
vt 0.91421 0.02298
vt 0.38658 0.74583
vt 0.75888 0.19113
vt 0.93276 0.32826
vt 0.35032 0.74530
vt 0.36516 0.72499
vt 0.39578 0.37681
vt 0.42618 0.37836
vt 0.45004 0.93344
vt 0.90623 0.23386
vt 0.38874 0.17174
vt 0.39500 0.79119
vt 0.61714 0.69500
vt 0.73737 0.41789
vt 0.94517 0.26316
vt 0.96713 0.48090
vt 0.66000 0.78250
vt 0.73189 0.44321
vt 0.97324 0.48858
vt 0.22814 0.28649
vt 0.43679 0.37866
vt 0.69412 0.81515
vt 0.88097 0.24722
vt 0.77201 0.16781
vt 0.89634 0.00341
vt 0.93719 0.29265
vt 0.36724 0.81608
vt 0.80036 0.14229
vt 0.91191 0.00330
vt 0.41092 0.71638
vt 0.75356 0.16617
vt 0.92875 0.28887
vt 0.39950 0.72896
vt 0.92515 0.30710
vt 0.38819 0.67943
vt 0.70387 0.77639
vt 0.88173 0.20141
vt 0.67731 0.76985
vt 0.74880 0.42321
vt 0.95668 0.26630
vt 0.40894 0.69550
vt 0.76900 0.13438
vt 0.93689 0.28218
vt 0.35928 0.79459
vt 0.39004 0.13424
vt 0.42194 0.68413
vt 0.77226 0.11412
vt 0.39482 0.14995
vt 0.42475 0.67066
vt 0.69202 0.75320
vt 0.95075 0.23440
vn 0.38761 -0.90492 -0.17570
vn 0.38761 -0.90492 -0.17570
vn 0.38761 -0.90492 -0.17570
vn 0.38761 -0.90492 -0.17570
vn -0.37349 -0.82378 0.42649
vn -0.37349 -0.82378 0.42649
vn -0.37349 -0.82378 0.42649
vn -0.31221 -0.87973 -0.35861
vn -0.31221 -0.87973 -0.35861
vn -0.31221 -0.87973 -0.35861
vn -0.31221 -0.87973 -0.35861
vn -0.00170 -0.75673 -0.65373
vn -0.00170 -0.75673 -0.65373
vn -0.00170 -0.75673 -0.65373
vn 0.01310 -0.84527 0.53418
vn 0.01310 -0.84527 0.53418
vn 0.01310 -0.84527 0.53418
vn -0.62411 -0.78121 0.01380
vn -0.62411 -0.78121 0.01380
vn -0.62411 -0.78121 0.01380
vn 0.52088 -0.76817 0.37229
vn 0.52088 -0.76817 0.37229
vn -0.82130 -0.48600 -0.29880
vn -0.78021 -0.34660 -0.52071
vn -0.78021 -0.34660 -0.52071
vn 0.79030 -0.40860 -0.45660
vn 0.79030 -0.40860 -0.45660
vn 0.79030 -0.40860 -0.45660
vn -0.30188 -0.30498 -0.90325
vn -0.30188 -0.30498 -0.90325
vn -0.30188 -0.30498 -0.90325
vn 0.41993 -0.26022 -0.86945
vn 0.41993 -0.26022 -0.86945
vn 0.41993 -0.26022 -0.86945
vn -0.82183 -0.45521 0.34261
vn -0.82183 -0.45521 0.34261
vn -0.82183 -0.45521 0.34261
vn -0.82183 -0.45521 0.34261
vn 0.73093 -0.48342 0.48172
vn 0.73093 -0.48342 0.48172
vn 0.27350 -0.51481 0.81251
vn 0.27350 -0.51481 0.81251
vn 0.27350 -0.51481 0.81251
vn -0.44510 -0.45700 0.77009
vn -0.44510 -0.45700 0.77009
vn -0.44510 -0.45700 0.77009
vn -0.44510 -0.45700 0.77009
vn -0.96731 -0.25340 0.00980
vn 0.93157 -0.33339 0.14500
vn 0.93157 -0.33339 0.14500
vn 0.93157 -0.33339 0.14500
vn 0.93157 -0.33339 0.14500
vn -0.61698 -0.13520 0.77528
vn 0.60703 -0.15181 0.78004
vn 0.60703 -0.15181 0.78004
vn -0.04670 -0.18319 0.98197
vn -0.04670 -0.18319 0.98197
vn -0.68192 0.00450 -0.73142
vn -0.68192 0.00450 -0.73142
vn -0.68192 0.00450 -0.73142
vn 0.33931 0.11240 -0.93393
vn 0.33931 0.11240 -0.93393
vn 0.76732 0.00810 -0.64122
vn 0.76732 0.00810 -0.64122
vn 0.12450 0.03790 0.99150
vn 0.12450 0.03790 0.99150
vn -0.35401 0.10230 -0.92963
vn -0.35401 0.10230 -0.92963
vn 0.96952 0.06090 -0.23731
vn 0.96952 0.06090 -0.23731
vn 0.96952 0.06090 -0.23731
vn -0.98195 0.11241 -0.15211
vn -0.98195 0.11241 -0.15211
vn -0.98195 0.11241 -0.15211
vn -0.87870 0.07830 0.47090
vn -0.87870 0.07830 0.47090
vn -0.87870 0.07830 0.47090
vn 0.86834 0.16441 0.46792
vn 0.86834 0.16441 0.46792
vn -0.39788 0.14969 0.90515
vn -0.39788 0.14969 0.90515
vn -0.39788 0.14969 0.90515
vn -0.39788 0.14969 0.90515
vn 0.36911 0.37781 0.84913
vn 0.36911 0.37781 0.84913
vn -0.32781 0.06620 -0.94242
vn -0.32781 0.06620 -0.94242
vn -0.32781 0.06620 -0.94242
vn -0.32781 0.06620 -0.94242
vn -0.32781 0.06620 -0.94242
vn -0.32781 0.06620 -0.94242
vn 0.00530 0.56279 -0.82658
vn 0.00530 0.56279 -0.82658
vn 0.00530 0.56279 -0.82658
vn 0.53571 -0.08100 -0.84051
vn 0.53571 -0.08100 -0.84051
vn 0.53571 -0.08100 -0.84051
vn 0.53571 -0.08100 -0.84051
vn 0.53571 -0.08100 -0.84051
vn -0.64512 0.57862 -0.49902
vn -0.64512 0.57862 -0.49902
vn -0.64512 0.57862 -0.49902
vn -0.64512 0.57862 -0.49902
vn 0.82161 0.53551 -0.19540
vn 0.82161 0.53551 -0.19540
vn 0.82161 0.53551 -0.19540
vn -0.85372 0.51921 0.03990
vn -0.85372 0.51921 0.03990
vn 0.67882 0.64151 0.35731
vn 0.67882 0.64151 0.35731
vn 0.67882 0.64151 0.35731
vn 0.67882 0.64151 0.35731
vn -0.65359 0.51449 0.55509
vn -0.65359 0.51449 0.55509
vn -0.10180 0.77012 0.62972
vn -0.10180 0.77012 0.62972
vn -0.94464 0.30011 0.13261
vn -0.94464 0.30011 0.13261
vn -0.94464 0.30011 0.13261
vn -0.94464 0.30011 0.13261
vn -0.94464 0.30011 0.13261
vn -0.94464 0.30011 0.13261
vn 0.86588 0.48399 0.12650
vn 0.86588 0.48399 0.12650
vn 0.86588 0.48399 0.12650
vn 0.86588 0.48399 0.12650
vn 0.31841 0.07940 -0.94462
vn 0.31841 0.07940 -0.94462
vn 0.31841 0.07940 -0.94462
vn 0.31841 0.07940 -0.94462
vn 0.31841 0.07940 -0.94462
vn 0.74150 -0.17470 -0.64780
vn 0.74150 -0.17470 -0.64780
vn 0.74150 -0.17470 -0.64780
vn 0.74150 -0.17470 -0.64780
vn 0.74150 -0.17470 -0.64780
vn -0.87169 0.16260 0.46230
vn -0.87169 0.16260 0.46230
vn -0.87169 0.16260 0.46230
vn -0.87169 0.16260 0.46230
vn 0.47801 0.16910 0.86192
vn 0.47801 0.16910 0.86192
vn 0.47801 0.16910 0.86192
vn 0.47801 0.16910 0.86192
vn 0.47801 0.16910 0.86192
vn 0.47801 0.16910 0.86192
vn -0.90204 0.23261 -0.36362
vn -0.90204 0.23261 -0.36362
vn 0.12020 -0.98727 -0.10420
vn 0.12020 -0.98727 -0.10420
vn -0.34879 -0.84518 -0.40499
vn -0.34879 -0.84518 -0.40499
vn -0.34879 -0.84518 -0.40499
vn -0.34879 -0.84518 -0.40499
vn -0.34879 -0.84518 -0.40499
vn 0.05060 -0.69033 -0.72173
vn 0.05060 -0.69033 -0.72173
vn 0.05060 -0.69033 -0.72173
vn -0.05270 -0.98667 0.15399
vn -0.05270 -0.98667 0.15399
vn -0.05270 -0.98667 0.15399
vn -0.05270 -0.98667 0.15399
vn -0.73258 -0.37009 -0.57128
vn -0.73258 -0.37009 -0.57128
vn -0.73258 -0.37009 -0.57128
vn 0.98670 -0.15090 -0.06040
vn 0.98670 -0.15090 -0.06040
vn 0.98670 -0.15090 -0.06040
vn 0.87845 0.11031 -0.46493
vn 0.87845 0.11031 -0.46493
vn 0.87845 0.11031 -0.46493
vn 0.92641 -0.05420 -0.37260
vn 0.92641 -0.05420 -0.37260
vn 0.92641 -0.05420 -0.37260
vn 0.92641 -0.05420 -0.37260
vn 0.92582 0.03070 0.37671
vn 0.92582 0.03070 0.37671
vn 0.92582 0.03070 0.37671
vn 0.92582 0.03070 0.37671
vn -0.27009 -0.38279 -0.88347
vn -0.27009 -0.38279 -0.88347
vn -0.27009 -0.38279 -0.88347
vn -0.27009 -0.38279 -0.88347
vn -0.78818 -0.44979 0.42009
vn -0.78818 -0.44979 0.42009
vn -0.78818 -0.44979 0.42009
vn -0.78818 -0.44979 0.42009
vn -0.61239 -0.42090 -0.66919
vn -0.61239 -0.42090 -0.66919
vn -0.61239 -0.42090 -0.66919
vn -0.61239 -0.42090 -0.66919
vn -0.61239 -0.42090 -0.66919
vn -0.95789 -0.12790 0.25710
vn -0.95789 -0.12790 0.25710
vn -0.95789 -0.12790 0.25710
vn -0.95789 -0.12790 0.25710
vn 0.81208 -0.45999 -0.35909
vn 0.81208 -0.45999 -0.35909
vn 0.81208 -0.45999 -0.35909
vn 0.81208 -0.45999 -0.35909
vn -0.22520 0.60679 0.76229
vn -0.22520 0.60679 0.76229
vn -0.22520 0.60679 0.76229
vn -0.22520 0.60679 0.76229
vn -0.22520 0.60679 0.76229
vn -0.22520 0.60679 0.76229
vn 0.55320 0.33070 0.76460
vn 0.55320 0.33070 0.76460
vn 0.55320 0.33070 0.76460
vn 0.55320 0.33070 0.76460
vn 0.55320 0.33070 0.76460
vn 0.51381 0.82782 -0.22520
vn 0.51381 0.82782 -0.22520
vn 0.51381 0.82782 -0.22520
vn 0.51381 0.82782 -0.22520
vn 0.51381 0.82782 -0.22520
vn 0.51381 0.82782 -0.22520
vn 0.12380 -0.82400 -0.55290
vn 0.12380 -0.82400 -0.55290
vn 0.12380 -0.82400 -0.55290
vn -0.26320 0.83800 -0.47800
vn -0.26320 0.83800 -0.47800
vn -0.26320 0.83800 -0.47800
vn -0.26320 0.83800 -0.47800
vn 0.11890 0.93038 -0.34679
vn 0.11890 0.93038 -0.34679
vn 0.11890 0.93038 -0.34679
vn 0.11890 0.93038 -0.34679
vn 0.11890 0.93038 -0.34679
vn 0.11890 0.93038 -0.34679
vn 0.11890 0.93038 -0.34679
vn 0.11890 0.93038 -0.34679
vn 0.22930 0.02260 -0.97309
vn 0.22930 0.02260 -0.97309
vn 0.54243 0.83924 -0.03800
vn 0.54243 0.83924 -0.03800
vn 0.54243 0.83924 -0.03800
vn 0.54243 0.83924 -0.03800
vn 0.23330 0.93881 -0.25340
vn 0.23330 0.93881 -0.25340
vn 0.23330 0.93881 -0.25340
vn 0.23330 0.93881 -0.25340
vn 0.23330 0.93881 -0.25340
vn -0.70791 -0.55441 -0.43761
vn -0.70791 -0.55441 -0.43761
vn -0.70791 -0.55441 -0.43761
vn -0.70791 -0.55441 -0.43761
vn 0.10070 -0.95750 0.27030
vn 0.10070 -0.95750 0.27030
vn 0.10070 -0.95750 0.27030
vn 0.67208 0.51958 0.52758
vn 0.67208 0.51958 0.52758
vn 0.67208 0.51958 0.52758
vn 0.97221 -0.01510 -0.23360
vn 0.97221 -0.01510 -0.23360
vn 0.97221 -0.01510 -0.23360
vn 0.97221 -0.01510 -0.23360
vn 0.33280 0.94261 0.02710
vn 0.33280 0.94261 0.02710
vn 0.33280 0.94261 0.02710
vn 0.33280 0.94261 0.02710
vn 0.33280 0.94261 0.02710
vn 0.33280 0.94261 0.02710
vn 0.33280 0.94261 0.02710
vn 0.88319 0.34140 -0.32160
vn 0.88319 0.34140 -0.32160
vn 0.88319 0.34140 -0.32160
vn 0.35689 -0.58788 0.72597
vn 0.35689 -0.58788 0.72597
vn 0.35689 -0.58788 0.72597
vn 0.35689 -0.58788 0.72597
vn 0.35689 -0.58788 0.72597
vn 0.97812 -0.12190 0.16860
vn 0.97812 -0.12190 0.16860
vn 0.97812 -0.12190 0.16860
vn -0.33418 -0.76556 0.54977
vn -0.33418 -0.76556 0.54977
vn -0.33418 -0.76556 0.54977
vn -0.33418 -0.76556 0.54977
vn -0.86933 -0.47732 0.12820
vn -0.86933 -0.47732 0.12820
vn -0.86933 -0.47732 0.12820
vn -0.20731 0.85923 0.46771
vn -0.20731 0.85923 0.46771
vn 0.27740 0.14860 -0.94919
vn 0.27740 0.14860 -0.94919
vn 0.27740 0.14860 -0.94919
vn 0.27740 0.14860 -0.94919
vn -0.67070 -0.46770 -0.57570
vn -0.67070 -0.46770 -0.57570
vn -0.77408 0.41649 0.47679
vn -0.77408 0.41649 0.47679
vn -0.77408 0.41649 0.47679
vn -0.59089 0.29499 0.75089
vn -0.59089 0.29499 0.75089
vn -0.59089 0.29499 0.75089
vn -0.59089 0.29499 0.75089
vn 0.13269 -0.97645 -0.17009
vn 0.13269 -0.97645 -0.17009
vn -0.10399 -0.69886 -0.70766
vn -0.10399 -0.69886 -0.70766
vn -0.10399 -0.69886 -0.70766
vn -0.10399 -0.69886 -0.70766
vn 0.65262 0.42181 0.62942
vn 0.65262 0.42181 0.62942
vn 0.65262 0.42181 0.62942
vn 0.07400 -0.97339 -0.21690
vn 0.07400 -0.97339 -0.21690
vn 0.07400 -0.97339 -0.21690
vn 0.38642 -0.53482 0.75143
vn 0.38642 -0.53482 0.75143
vn 0.38642 -0.53482 0.75143
vn 0.38642 -0.53482 0.75143
vn -0.11090 0.51119 0.85228
vn -0.11090 0.51119 0.85228
vn -0.11090 0.51119 0.85228
vn -0.52358 -0.57038 0.63288
vn -0.52358 -0.57038 0.63288
vn 0.45127 0.22809 -0.86275
vn 0.45127 0.22809 -0.86275
vn 0.45127 0.22809 -0.86275
vn -0.69817 0.44658 -0.55958
vn -0.69817 0.44658 -0.55958
vn -0.69817 0.44658 -0.55958
vn -0.51470 -0.57520 -0.63580
vn -0.51470 -0.57520 -0.63580
vn -0.51470 -0.57520 -0.63580
vn -0.51470 -0.57520 -0.63580
vn 0.32439 0.31089 -0.89337
vn 0.32439 0.31089 -0.89337
vn 0.32439 0.31089 -0.89337
vn -0.60970 0.78790 -0.08650
vn -0.60970 0.78790 -0.08650
vn -0.60970 0.78790 -0.08650
vn -0.60970 0.78790 -0.08650
vn -0.60970 0.78790 -0.08650
vn -0.60970 0.78790 -0.08650
vn -0.60970 0.78790 -0.08650
vn -0.80669 -0.57069 0.15350
vn -0.80669 -0.57069 0.15350
vn -0.80669 -0.57069 0.15350
vn -0.46770 0.41220 -0.78189
vn -0.46770 0.41220 -0.78189
vn -0.46770 0.41220 -0.78189
vn -0.92049 -0.31700 0.22850
vn -0.92049 -0.31700 0.22850
vn 0.90210 0.05960 0.42740
vn 0.90210 0.05960 0.42740
vn 0.90210 0.05960 0.42740
vn 0.90210 0.05960 0.42740
vn 0.90210 0.05960 0.42740
vn -0.61419 -0.78818 -0.03930
vn -0.61419 -0.78818 -0.03930
vn -0.61419 -0.78818 -0.03930
vn -0.61419 -0.78818 -0.03930
vn -0.61419 -0.78818 -0.03930
vn 0.92729 0.37339 0.02680
vn 0.92729 0.37339 0.02680
vn 0.92729 0.37339 0.02680
vn 0.92729 0.37339 0.02680
vn -0.97087 0.10840 0.21369
vn -0.97087 0.10840 0.21369
vn 0.87177 -0.42478 -0.24409
vn 0.87177 -0.42478 -0.24409
vn 0.87177 -0.42478 -0.24409
vn 0.87177 -0.42478 -0.24409
vn -0.38171 -0.72632 -0.57162
vn -0.38171 -0.72632 -0.57162
vn -0.38171 -0.72632 -0.57162
vn -0.38171 -0.72632 -0.57162
vn 0.84453 -0.48792 0.22071
vn 0.84453 -0.48792 0.22071
vn 0.84453 -0.48792 0.22071
vn 0.84453 -0.48792 0.22071
vn 0.43838 0.74736 0.49927
vn 0.43838 0.74736 0.49927
vn 0.43838 0.74736 0.49927
vn 0.43838 0.74736 0.49927
vn 0.43838 0.74736 0.49927
vn 0.43838 0.74736 0.49927
vn 0.43838 0.74736 0.49927
vn -0.07270 -0.28259 0.95648
vn -0.07270 -0.28259 0.95648
vn -0.07270 -0.28259 0.95648
vn -0.07270 -0.28259 0.95648
vn 0.51830 0.71689 -0.46630
vn 0.51830 0.71689 -0.46630
vn 0.51830 0.71689 -0.46630
vn 0.51830 0.71689 -0.46630
vn -0.60530 0.11460 -0.78770
vn -0.60530 0.11460 -0.78770
vn -0.60530 0.11460 -0.78770
vn 0.71647 0.39389 0.57578
vn 0.71647 0.39389 0.57578
vn 0.71647 0.39389 0.57578
vn 0.78930 0.51450 -0.33510
vn 0.78930 0.51450 -0.33510
vn 0.78930 0.51450 -0.33510
vn 0.78930 0.51450 -0.33510
vn -0.49848 -0.77997 0.37838
vn -0.49848 -0.77997 0.37838
vn -0.49848 -0.77997 0.37838
vn -0.33811 -0.74152 -0.57951
vn -0.33811 -0.74152 -0.57951
vn -0.33811 -0.74152 -0.57951
vn -0.33811 -0.74152 -0.57951
vn -0.33811 -0.74152 -0.57951
vn -0.33811 -0.74152 -0.57951
vn -0.44458 -0.88617 0.13060
vn -0.44458 -0.88617 0.13060
vn -0.44458 -0.88617 0.13060
vn -0.44458 -0.88617 0.13060
vn 0.85502 0.51651 -0.04650
vn 0.85502 0.51651 -0.04650
vn 0.84148 -0.27679 0.46399
vn 0.84148 -0.27679 0.46399
vn 0.84148 -0.27679 0.46399
vn -0.77878 -0.42029 -0.46569
vn -0.77878 -0.42029 -0.46569
vn -0.77878 -0.42029 -0.46569
vn -0.77878 -0.42029 -0.46569
vn -0.77878 -0.42029 -0.46569
vn -0.77878 -0.42029 -0.46569
vn 0.44620 -0.80161 -0.39790
vn 0.44620 -0.80161 -0.39790
vn 0.44620 -0.80161 -0.39790
vn 0.44620 -0.80161 -0.39790
vn 0.44620 -0.80161 -0.39790
vn -0.04560 -0.98597 -0.16059
vn -0.04560 -0.98597 -0.16059
vn -0.04560 -0.98597 -0.16059
vn -0.04560 -0.98597 -0.16059
vn -0.04560 -0.98597 -0.16059
vn 0.70518 -0.17819 -0.68628
vn 0.70518 -0.17819 -0.68628
vn 0.70518 -0.17819 -0.68628
vn 0.70518 -0.17819 -0.68628
vn 0.70518 -0.17819 -0.68628
vn 0.15770 0.39621 0.90452
vn 0.15770 0.39621 0.90452
vn 0.15770 0.39621 0.90452
vn 0.15770 0.39621 0.90452
vn 0.15770 0.39621 0.90452
vn 0.15770 0.39621 0.90452
vn 0.30520 0.34290 0.88841
vn 0.30520 0.34290 0.88841
vn 0.30520 0.34290 0.88841
vn -0.08520 0.43101 0.89832
vn -0.08520 0.43101 0.89832
vn -0.08520 0.43101 0.89832
vn 0.69883 -0.62613 0.34582
vn 0.69883 -0.62613 0.34582
vn 0.69883 -0.62613 0.34582
vn 0.69883 -0.62613 0.34582
vn 0.69883 -0.62613 0.34582
vn 0.81084 -0.55693 -0.17991
vn 0.81084 -0.55693 -0.17991
vn 0.81084 -0.55693 -0.17991
vn 0.33149 -0.43678 0.83626
vn 0.33149 -0.43678 0.83626
vn 0.33149 -0.43678 0.83626
vn 0.33149 -0.43678 0.83626
vn 0.57969 -0.63129 0.51519
vn -0.74721 -0.53711 0.39140
vn -0.74721 -0.53711 0.39140
vn -0.74721 -0.53711 0.39140
vn -0.74721 -0.53711 0.39140
vn -0.74721 -0.53711 0.39140
vn -0.74721 -0.53711 0.39140
vn 0.80423 0.10240 0.58542
vn 0.80423 0.10240 0.58542
vn 0.80423 0.10240 0.58542
vn 0.80423 0.10240 0.58542
vn 0.36200 0.64070 0.67710
vn 0.36200 0.64070 0.67710
vn 0.36200 0.64070 0.67710
vn 0.36200 0.64070 0.67710
vn 0.70469 0.24440 -0.66609
vn 0.70469 0.24440 -0.66609
vn 0.70469 0.24440 -0.66609
vn 0.37799 0.72258 -0.57879
vn 0.37799 0.72258 -0.57879
vn 0.37799 0.72258 -0.57879
vn 0.37799 0.72258 -0.57879
vn 0.37799 0.72258 -0.57879
vn 0.09770 -0.77440 0.62510
vn 0.09770 -0.77440 0.62510
vn 0.09770 -0.77440 0.62510
vn 0.09770 -0.77440 0.62510
vn 0.09770 -0.77440 0.62510
vn 0.83088 0.07190 0.55179
vn 0.83088 0.07190 0.55179
vn -0.05120 -0.79134 -0.60923
vn -0.05120 -0.79134 -0.60923
vn -0.05120 -0.79134 -0.60923
vn -0.05120 -0.79134 -0.60923
vn -0.30281 -0.92582 -0.22620
vn -0.30281 -0.92582 -0.22620
vn -0.30281 -0.92582 -0.22620
vn -0.40599 -0.16050 -0.89967
vn -0.40599 -0.16050 -0.89967
vn -0.40599 -0.16050 -0.89967
vn -0.40599 -0.16050 -0.89967
vn -0.40599 -0.16050 -0.89967
vn -0.92232 -0.26420 -0.28201
vn -0.52518 -0.68548 0.50428
vn -0.52518 -0.68548 0.50428
vn -0.52518 -0.68548 0.50428
vn 0.79661 0.23270 0.55791
vn 0.79661 0.23270 0.55791
vn -0.54700 -0.83560 -0.05060
vn -0.54700 -0.83560 -0.05060
vn -0.54700 -0.83560 -0.05060
vn -0.54700 -0.83560 -0.05060
vn 0.33969 -0.93607 0.09160
vn 0.33969 -0.93607 0.09160
vn 0.33969 -0.93607 0.09160
vn 0.96251 0.03630 0.26880
vn 0.96251 0.03630 0.26880
vn 0.96251 0.03630 0.26880
vn -0.62771 -0.73862 -0.24581
vn -0.62771 -0.73862 -0.24581
vn -0.62771 -0.73862 -0.24581
vn -0.62771 -0.73862 -0.24581
vn -0.62771 -0.73862 -0.24581
vn -0.68928 0.69708 0.19740
vn -0.68928 0.69708 0.19740
vn 0.15710 -0.61278 0.77448
vn 0.15710 -0.61278 0.77448
vn 0.15710 -0.61278 0.77448
vn 0.15710 -0.61278 0.77448
vn 0.15710 -0.61278 0.77448
vn 0.09410 0.79679 -0.59689
vn 0.09410 0.79679 -0.59689
vn 0.09410 0.79679 -0.59689
vn 0.48128 -0.26179 0.83656
vn 0.48128 -0.26179 0.83656
vn 0.48128 -0.26179 0.83656
vn -0.53029 -0.73378 0.42469
vn -0.53029 -0.73378 0.42469
vn -0.53029 -0.73378 0.42469
vn -0.53029 -0.73378 0.42469
vn -0.53029 -0.73378 0.42469
vn 0.82370 0.41470 0.38670
vn 0.82370 0.41470 0.38670
vn 0.91770 0.34780 0.19200
vn 0.91770 0.34780 0.19200
vn 0.91770 0.34780 0.19200
vn -0.18061 -0.74502 0.64212
vn -0.18061 -0.74502 0.64212
vn -0.18061 -0.74502 0.64212
vn -0.18061 -0.74502 0.64212
vn 0.72561 -0.28370 -0.62690
vn 0.72561 -0.28370 -0.62690
vn 0.72561 -0.28370 -0.62690
vn 0.72561 -0.28370 -0.62690
vn 0.72561 -0.28370 -0.62690
vn -0.03660 -0.75783 -0.65143
vn -0.03660 -0.75783 -0.65143
vn -0.03660 -0.75783 -0.65143
vn -0.03660 -0.75783 -0.65143
vn -0.50958 -0.55657 -0.65617
vn -0.50958 -0.55657 -0.65617
vn -0.50958 -0.55657 -0.65617
vn -0.50958 -0.55657 -0.65617
vn -0.65108 -0.73768 0.17869
vn -0.65108 -0.73768 0.17869
vn 0.84240 0.26070 0.47160
vn 0.84240 0.26070 0.47160
vn 0.84240 0.26070 0.47160
vn 0.84240 0.26070 0.47160
vn 0.94492 0.19250 -0.26471
vn 0.94492 0.19250 -0.26471
vn 0.94492 0.19250 -0.26471
vn 0.94492 0.19250 -0.26471
vn 0.41811 0.75701 -0.50211
vn 0.41811 0.75701 -0.50211
vn 0.41811 0.75701 -0.50211
vn 0.41811 0.75701 -0.50211
vn 0.15839 0.76466 -0.62467
vn 0.15839 0.76466 -0.62467
vn 0.15839 0.76466 -0.62467
vn -0.27161 -0.13260 -0.95323
vn -0.27161 -0.13260 -0.95323
vn -0.27161 -0.13260 -0.95323
vn -0.27161 -0.13260 -0.95323
vn -0.27161 -0.13260 -0.95323
vn 0.82710 0.48050 0.29160
vn 0.82710 0.48050 0.29160
vn 0.82710 0.48050 0.29160
vn -0.27480 -0.60029 -0.75109
vn -0.27480 -0.60029 -0.75109
vn -0.27480 -0.60029 -0.75109
vn -0.27480 -0.60029 -0.75109
vn -0.27480 -0.60029 -0.75109
vn -0.27480 -0.60029 -0.75109
vn 0.49201 -0.87051 -0.01160
vn 0.49201 -0.87051 -0.01160
vn 0.49201 -0.87051 -0.01160
vn 0.49201 -0.87051 -0.01160
vn 0.92744 0.34852 -0.13561
vn 0.92744 0.34852 -0.13561
vn -0.02790 -0.88769 0.45959
vn -0.02790 -0.88769 0.45959
vn -0.02790 -0.88769 0.45959
vn -0.85793 -0.51362 0.01260
vn -0.85793 -0.51362 0.01260
vn 0.52662 -0.83533 0.15781
vn 0.52662 -0.83533 0.15781
vn -0.71349 -0.49409 0.49679
vn -0.71349 -0.49409 0.49679
vn -0.71349 -0.49409 0.49679
vn 0.72067 0.66377 -0.20009
vn 0.72067 0.66377 -0.20009
vn 0.16590 0.89600 -0.41190
vn 0.16590 0.89600 -0.41190
vn 0.16590 0.89600 -0.41190
vn -0.07900 0.73383 -0.67473
vn -0.07900 0.73383 -0.67473
vn -0.07900 0.73383 -0.67473
vn -0.67688 -0.61858 -0.39899
vn -0.67688 -0.61858 -0.39899
vn -0.67688 -0.61858 -0.39899
vn -0.56298 -0.80277 0.19649
vn -0.56298 -0.80277 0.19649
vn -0.56298 -0.80277 0.19649
vn -0.56298 -0.80277 0.19649
vn -0.56298 -0.80277 0.19649
vn -0.56298 -0.80277 0.19649
vn -0.09530 -0.83030 0.54910
vn -0.09530 -0.83030 0.54910
vn -0.09530 -0.83030 0.54910
vn -0.09530 -0.83030 0.54910
vn -0.09530 -0.83030 0.54910
vn -0.26550 -0.96202 0.06350
vn -0.26550 -0.96202 0.06350
vn -0.26550 -0.96202 0.06350
vn -0.26550 -0.96202 0.06350
vn -0.26550 -0.96202 0.06350
vn -0.61862 -0.08270 -0.78133
vn -0.61862 -0.08270 -0.78133
vn -0.61862 -0.08270 -0.78133
vn -0.03400 -0.05080 0.99813
vn -0.03400 -0.05080 0.99813
vn -0.03400 -0.05080 0.99813
vn -0.03400 -0.05080 0.99813
vn -0.03400 -0.05080 0.99813
vn -0.03400 -0.05080 0.99813
vn -0.04950 -0.45118 0.89106
vn -0.04950 -0.45118 0.89106
vn -0.04950 -0.45118 0.89106
vn 0.91313 0.27261 0.30311
vn 0.91313 0.27261 0.30311
vn 0.91313 0.27261 0.30311
vn 0.91313 0.27261 0.30311
vn 0.54832 0.23951 0.80123
vn 0.54832 0.23951 0.80123
vn 0.54832 0.23951 0.80123
vn 0.54832 0.23951 0.80123
vn 0.54832 0.23951 0.80123
vn -0.40202 0.79943 0.44642
vn -0.40202 0.79943 0.44642
vn -0.40202 0.79943 0.44642
vn 0.17320 0.45801 0.87191
vn 0.17320 0.45801 0.87191
vn 0.17320 0.45801 0.87191
vn 0.17320 0.45801 0.87191
vn -0.13290 -0.31129 0.94098
vn -0.13290 -0.31129 0.94098
vn -0.13290 -0.31129 0.94098
vn -0.13290 -0.31129 0.94098
vn -0.13290 -0.31129 0.94098
vn -0.65110 -0.74509 -0.14460
vn -0.65110 -0.74509 -0.14460
vn -0.65110 -0.74509 -0.14460
vn -0.65110 -0.74509 -0.14460
vn 0.09090 -0.65960 -0.74610
vn 0.09090 -0.65960 -0.74610
vn 0.66409 -0.68509 0.29940
vn 0.66409 -0.68509 0.29940
vn 0.66409 -0.68509 0.29940
vn 0.66409 -0.68509 0.29940
vn 0.66409 -0.68509 0.29940
vn 0.66409 -0.68509 0.29940
vn -0.49650 -0.66001 -0.56380
vn -0.49650 -0.66001 -0.56380
vn -0.49650 -0.66001 -0.56380
vn -0.49650 -0.66001 -0.56380
vn -0.49650 -0.66001 -0.56380
vn -0.49650 -0.66001 -0.56380
vn -0.28050 -0.95581 0.08800
vn -0.28050 -0.95581 0.08800
vn -0.28050 -0.95581 0.08800
vn -0.28050 -0.95581 0.08800
vn -0.17920 0.93212 -0.31471
vn -0.17920 0.93212 -0.31471
vn -0.17920 0.93212 -0.31471
vn -0.17920 0.93212 -0.31471
vn -0.05870 0.59481 -0.80172
vn -0.05870 0.59481 -0.80172
vn 0.23100 0.29670 0.92661
vn 0.23100 0.29670 0.92661
vn 0.23100 0.29670 0.92661
vn -0.17810 -0.95990 0.21650
vn -0.17810 -0.95990 0.21650
vn -0.17810 -0.95990 0.21650
vn -0.17810 -0.95990 0.21650
vn -0.25000 -0.57811 -0.77671
vn -0.25000 -0.57811 -0.77671
vn -0.25000 -0.57811 -0.77671
vn 0.65849 -0.74659 -0.09480
vn 0.65849 -0.74659 -0.09480
vn 0.65849 -0.74659 -0.09480
vn -0.63912 -0.72792 -0.24831
vn -0.63912 -0.72792 -0.24831
vn -0.63912 -0.72792 -0.24831
vn -0.70498 -0.31269 0.63658
vn -0.70498 -0.31269 0.63658
vn -0.70498 -0.31269 0.63658
vn -0.70498 -0.31269 0.63658
vn -0.02740 -0.66913 -0.74264
vn -0.02740 -0.66913 -0.74264
vn -0.02740 -0.66913 -0.74264
vn -0.02740 -0.66913 -0.74264
vn -0.02740 -0.66913 -0.74264
vn 0.16990 -0.98518 0.02340
vn 0.16990 -0.98518 0.02340
vn 0.16990 -0.98518 0.02340
vn 0.16990 -0.98518 0.02340
vn -0.69715 -0.71485 -0.05460
vn -0.69715 -0.71485 -0.05460
vn -0.69715 -0.71485 -0.05460
vn -0.69715 -0.71485 -0.05460
vn -0.69715 -0.71485 -0.05460
vn -0.69715 -0.71485 -0.05460
vn -0.69715 -0.71485 -0.05460
vn -0.40570 -0.48341 -0.77571
vn -0.40570 -0.48341 -0.77571
vn -0.40570 -0.48341 -0.77571
vn -0.40570 -0.48341 -0.77571
vn 0.04580 -0.67828 -0.73338
vn 0.04580 -0.67828 -0.73338
vn 0.04580 -0.67828 -0.73338
vn 0.47258 -0.51828 0.71278
vn 0.47258 -0.51828 0.71278
vn 0.47258 -0.51828 0.71278
vn -0.39420 -0.74291 -0.54101
vn -0.39420 -0.74291 -0.54101
vn -0.39420 -0.74291 -0.54101
vn -0.39420 -0.74291 -0.54101
vn 0.06620 -0.95853 0.27721
vn 0.06620 -0.95853 0.27721
vn 0.06620 -0.95853 0.27721
vn 0.68820 0.63150 0.35720
vn 0.68820 0.63150 0.35720
vn 0.68820 0.63150 0.35720
vn 0.68820 0.63150 0.35720
vn -0.71149 -0.70239 0.02080
vn -0.71149 -0.70239 0.02080
vn -0.71149 -0.70239 0.02080
vn -0.71149 -0.70239 0.02080
vn -0.71149 -0.70239 0.02080
vn -0.71149 -0.70239 0.02080
vn 0.58500 0.18650 0.78930
vn 0.58500 0.18650 0.78930
vn 0.58500 0.18650 0.78930
vn 0.58500 0.18650 0.78930
vn 0.58500 0.18650 0.78930
vn 0.54772 0.75153 -0.36771
vn 0.54772 0.75153 -0.36771
vn 0.54772 0.75153 -0.36771
vn 0.54772 0.75153 -0.36771
vn -0.21720 -0.66911 0.71071
vn -0.21720 -0.66911 0.71071
vn -0.21720 -0.66911 0.71071
vn -0.21720 -0.66911 0.71071
vn 0.84249 0.53469 0.06570
vn 0.84249 0.53469 0.06570
vn 0.84249 0.53469 0.06570
vn 0.84249 0.53469 0.06570
vn 0.84249 0.53469 0.06570
vn 0.84249 0.53469 0.06570
vn 0.42121 0.39791 0.81502
vn 0.42121 0.39791 0.81502
vn 0.42121 0.39791 0.81502
vn 0.42121 0.39791 0.81502
vn -0.83880 -0.31310 -0.44540
vn -0.83880 -0.31310 -0.44540
vn -0.83880 -0.31310 -0.44540
vn -0.83880 -0.31310 -0.44540
vn 0.40252 0.48663 0.77535
vn 0.40252 0.48663 0.77535
vn 0.40252 0.48663 0.77535
vn 0.40252 0.48663 0.77535
vn -0.12530 -0.97687 -0.17329
vn -0.12530 -0.97687 -0.17329
vn -0.12530 -0.97687 -0.17329
vn -0.12530 -0.97687 -0.17329
vn -0.12530 -0.97687 -0.17329
vn -0.12530 -0.97687 -0.17329
vn -0.21301 -0.56723 0.79554
vn -0.21301 -0.56723 0.79554
vn -0.21301 -0.56723 0.79554
vn -0.21301 -0.56723 0.79554
vn -0.21301 -0.56723 0.79554
vn -0.21301 -0.56723 0.79554
vn 0.16900 0.04460 0.98461
vn 0.16900 0.04460 0.98461
vn 0.16900 0.04460 0.98461
vn 0.16900 0.04460 0.98461
vn 0.16900 0.04460 0.98461
vn 0.40022 0.37332 0.83694
vn 0.40022 0.37332 0.83694
vn 0.40022 0.37332 0.83694
vn 0.40022 0.37332 0.83694
vn 0.40022 0.37332 0.83694
vn -0.34241 0.80732 -0.48061
vn -0.34241 0.80732 -0.48061
vn -0.34241 0.80732 -0.48061
vn 0.32200 -0.93579 0.14360
vn 0.32200 -0.93579 0.14360
vn 0.32200 -0.93579 0.14360
vn 0.32200 -0.93579 0.14360
vn 0.84171 0.06070 -0.53651
vn 0.84171 0.06070 -0.53651
vn 0.84171 0.06070 -0.53651
vn 0.84171 0.06070 -0.53651
vn -0.42708 0.89167 0.15009
vn -0.42708 0.89167 0.15009
vn -0.42708 0.89167 0.15009
vn -0.42708 0.89167 0.15009
vn -0.42708 0.89167 0.15009
vn -0.42708 0.89167 0.15009
vn -0.90374 -0.26851 -0.33341
vn -0.90374 -0.26851 -0.33341
vn -0.02160 -0.98754 -0.15591
vn -0.02160 -0.98754 -0.15591
vn -0.02160 -0.98754 -0.15591
vn -0.02160 -0.98754 -0.15591
vn -0.90656 0.33258 0.25989
vn -0.90656 0.33258 0.25989
vn 0.49941 0.86122 -0.09430
vn 0.49941 0.86122 -0.09430
vn 0.93947 0.22189 0.26109
vn 0.93947 0.22189 0.26109
vn 0.93947 0.22189 0.26109
vn 0.93947 0.22189 0.26109
vn 0.14780 0.55029 -0.82179
vn 0.14780 0.55029 -0.82179
vn 0.14780 0.55029 -0.82179
vn 0.14780 0.55029 -0.82179
vn 0.14780 0.55029 -0.82179
vn -0.55047 -0.83356 0.04640
vn -0.55047 -0.83356 0.04640
vn -0.55047 -0.83356 0.04640
vn -0.55047 -0.83356 0.04640
vn -0.55047 -0.83356 0.04640
vn -0.02970 -0.34138 0.93945
vn -0.02970 -0.34138 0.93945
vn -0.02970 -0.34138 0.93945
vn -0.02970 -0.34138 0.93945
vn -0.02970 -0.34138 0.93945
vn -0.49400 -0.76810 -0.40740
vn -0.49400 -0.76810 -0.40740
vn -0.02440 -0.92731 -0.37350
vn -0.02440 -0.92731 -0.37350
vn -0.02440 -0.92731 -0.37350
vn -0.02440 -0.92731 -0.37350
vn -0.02440 -0.92731 -0.37350
vn -0.39802 -0.27101 0.87643
vn -0.39802 -0.27101 0.87643
vn -0.39802 -0.27101 0.87643
vn -0.39802 -0.27101 0.87643
vn 0.27739 0.15500 0.94817
vn 0.27739 0.15500 0.94817
vn 0.27739 0.15500 0.94817
vn 0.27739 0.15500 0.94817
vn 0.27739 0.15500 0.94817
vn 0.29721 -0.95454 -0.02270
vn 0.29721 -0.95454 -0.02270
vn 0.29721 -0.95454 -0.02270
vn 0.29721 -0.95454 -0.02270
vn -0.24310 -0.92991 -0.27600
vn -0.24310 -0.92991 -0.27600
vn 0.15440 0.51411 0.84371
vn 0.15440 0.51411 0.84371
vn 0.15440 0.51411 0.84371
vn 0.68273 0.38992 0.61793
vn 0.68273 0.38992 0.61793
vn 0.68273 0.38992 0.61793
vn 0.68273 0.38992 0.61793
vn 0.67747 0.64857 0.34698
vn 0.67747 0.64857 0.34698
vn 0.67747 0.64857 0.34698
vn 0.67747 0.64857 0.34698
vn 0.67043 0.71183 0.20931
vn 0.67043 0.71183 0.20931
vn 0.67043 0.71183 0.20931
vn 0.82294 -0.33612 -0.45802
vn 0.82294 -0.33612 -0.45802
vn 0.82294 -0.33612 -0.45802
vn 0.82294 -0.33612 -0.45802
vn -0.37541 0.91282 -0.16070
vn -0.37541 0.91282 -0.16070
vn -0.37541 0.91282 -0.16070
vn -0.37541 0.91282 -0.16070
vn 0.79939 0.33790 -0.49679
vn 0.79939 0.33790 -0.49679
vn 0.79939 0.33790 -0.49679
vn 0.79939 0.33790 -0.49679
vn 0.67521 -0.48230 -0.55810
vn 0.67521 -0.48230 -0.55810
vn 0.67521 -0.48230 -0.55810
vn 0.67521 -0.48230 -0.55810
vn -0.12970 -0.75811 0.63910
vn -0.12970 -0.75811 0.63910
vn -0.12970 -0.75811 0.63910
vn 0.34341 -0.93382 -0.10030
vn 0.34341 -0.93382 -0.10030
vn 0.34341 -0.93382 -0.10030
vn 0.34341 -0.93382 -0.10030
vn 0.34341 -0.93382 -0.10030
vn 0.41470 -0.90161 0.12300
vn 0.41470 -0.90161 0.12300
vn 0.20951 -0.72983 -0.65073
vn 0.20951 -0.72983 -0.65073
vn 0.20951 -0.72983 -0.65073
vn 0.20951 -0.72983 -0.65073
vn -0.27950 -0.53061 0.80021
vn -0.27950 -0.53061 0.80021
vn -0.27950 -0.53061 0.80021
vn -0.27950 -0.53061 0.80021
vn -0.27950 -0.53061 0.80021
vn -0.27950 -0.53061 0.80021
vn 0.20529 -0.31279 0.92737
vn 0.20529 -0.31279 0.92737
vn 0.20529 -0.31279 0.92737
vn 0.20529 -0.31279 0.92737
vn 0.20529 -0.31279 0.92737
vn -0.66351 -0.08930 0.74282
vn -0.66351 -0.08930 0.74282
vn -0.66351 -0.08930 0.74282
vn -0.66351 -0.08930 0.74282
vn -0.66351 -0.08930 0.74282
vn -0.47829 0.77488 -0.41329
vn -0.47829 0.77488 -0.41329
vn -0.47829 0.77488 -0.41329
vn 0.46130 0.05730 -0.88539
vn 0.46130 0.05730 -0.88539
vn 0.46130 0.05730 -0.88539
vn 0.46130 0.05730 -0.88539
vn 0.55019 -0.82169 -0.14870
vn 0.55019 -0.82169 -0.14870
vn 0.55019 -0.82169 -0.14870
vn 0.55019 -0.82169 -0.14870
vn 0.55019 -0.82169 -0.14870
vn 0.55019 -0.82169 -0.14870
vn -0.85162 -0.51141 0.11490
vn -0.85162 -0.51141 0.11490
vn -0.85162 -0.51141 0.11490
vn -0.34740 0.88411 -0.31250
vn -0.34740 0.88411 -0.31250
vn -0.34740 0.88411 -0.31250
vn -0.34740 0.88411 -0.31250
vn -0.46043 -0.74914 0.47623
vn -0.46043 -0.74914 0.47623
vn -0.46043 -0.74914 0.47623
vn -0.62606 -0.62826 -0.46187
vn -0.62606 -0.62826 -0.46187
vn -0.62606 -0.62826 -0.46187
vn -0.62606 -0.62826 -0.46187
vn -0.60253 -0.74574 -0.28431
vn -0.60253 -0.74574 -0.28431
vn -0.60253 -0.74574 -0.28431
vn -0.60253 -0.74574 -0.28431
vn -0.21450 0.43620 0.87391
vn -0.21450 0.43620 0.87391
vn -0.21450 0.43620 0.87391
vn -0.21450 0.43620 0.87391
vn 0.30211 -0.62953 -0.71583
vn 0.30211 -0.62953 -0.71583
vn 0.30211 -0.62953 -0.71583
vn 0.30211 -0.62953 -0.71583
vn 0.40660 0.68880 0.60020
vn 0.40660 0.68880 0.60020
vn 0.40660 0.68880 0.60020
vn 0.40660 0.68880 0.60020
vn 0.40660 0.68880 0.60020
vn 0.75041 0.66031 0.02950
vn 0.75041 0.66031 0.02950
vn 0.75041 0.66031 0.02950
vn -0.28300 -0.89580 0.34270
vn -0.28300 -0.89580 0.34270
vn 0.02800 0.52849 0.84848
vn 0.02800 0.52849 0.84848
vn 0.02800 0.52849 0.84848
vn 0.88139 0.12840 0.45460
vn 0.88139 0.12840 0.45460
vn 0.88139 0.12840 0.45460
vn 0.50160 0.82251 -0.26810
vn 0.50160 0.82251 -0.26810
vn 0.50160 0.82251 -0.26810
vn -0.70513 -0.26541 -0.65753
vn -0.70513 -0.26541 -0.65753
vn -0.70513 -0.26541 -0.65753
vn -0.70513 -0.26541 -0.65753
vn 0.42900 -0.80480 -0.41020
vn 0.42900 -0.80480 -0.41020
vn 0.42900 -0.80480 -0.41020
vn 0.22901 0.79514 0.56153
vn 0.22901 0.79514 0.56153
vn 0.22901 0.79514 0.56153
vn 0.22901 0.79514 0.56153
vn 0.25421 0.91693 -0.30761
vn 0.25421 0.91693 -0.30761
vn 0.25421 0.91693 -0.30761
vn 0.25421 0.91693 -0.30761
vn -0.94271 -0.24090 -0.23080
vn -0.94271 -0.24090 -0.23080
vn -0.94271 -0.24090 -0.23080
vn -0.36749 0.07270 -0.92718
vn -0.36749 0.07270 -0.92718
vn 0.62339 -0.36859 -0.68959
vn 0.62339 -0.36859 -0.68959
vn 0.62339 -0.36859 -0.68959
vn -0.65001 -0.61651 -0.44431
vn -0.65001 -0.61651 -0.44431
vn -0.65001 -0.61651 -0.44431
vn -0.65001 -0.61651 -0.44431
vn -0.65001 -0.61651 -0.44431
vn 0.50169 0.66629 -0.55169
vn 0.50169 0.66629 -0.55169
vn 0.50169 0.66629 -0.55169
vn 0.36781 -0.55081 0.74922
vn 0.36781 -0.55081 0.74922
vn 0.36781 -0.55081 0.74922
vn 0.36781 -0.55081 0.74922
vn 0.36781 -0.55081 0.74922
vn 0.36781 -0.55081 0.74922
vn -0.55071 -0.45141 -0.70211
vn -0.55071 -0.45141 -0.70211
vn -0.55071 -0.45141 -0.70211
vn 0.95478 0.23700 -0.17950
vn 0.95478 0.23700 -0.17950
vn 0.23079 0.75958 -0.60809
vn 0.23079 0.75958 -0.60809
vn 0.23079 0.75958 -0.60809
vn 0.40620 -0.73701 -0.54020
vn 0.40620 -0.73701 -0.54020
vn 0.40620 -0.73701 -0.54020
vn -0.02670 -0.99958 -0.01110
vn -0.02670 -0.99958 -0.01110
vn -0.02670 -0.99958 -0.01110
vn -0.02670 -0.99958 -0.01110
vn -0.46159 0.06670 0.88458
vn -0.46159 0.06670 0.88458
vn -0.46159 0.06670 0.88458
vn 0.84319 0.28140 -0.45809
vn 0.84319 0.28140 -0.45809
vn 0.84319 0.28140 -0.45809
vn 0.84319 0.28140 -0.45809
vn 0.84319 0.28140 -0.45809
vn -0.69858 -0.19489 0.68848
vn -0.69858 -0.19489 0.68848
vn -0.69858 -0.19489 0.68848
vn -0.69858 -0.19489 0.68848
vn -0.37389 -0.66609 -0.64539
vn -0.37389 -0.66609 -0.64539
vn -0.37389 -0.66609 -0.64539
vn -0.37389 -0.66609 -0.64539
vn 0.95586 0.11660 0.26969
vn 0.95586 0.11660 0.26969
vn 0.95586 0.11660 0.26969
vn 0.95044 -0.01950 -0.31028
vn 0.95044 -0.01950 -0.31028
vn 0.95044 -0.01950 -0.31028
vn 0.95044 -0.01950 -0.31028
vn 0.95044 -0.01950 -0.31028
vn 0.82292 0.14320 0.54981
vn 0.82292 0.14320 0.54981
vn 0.82292 0.14320 0.54981
vn -0.47290 -0.00620 -0.88110
vn -0.47290 -0.00620 -0.88110
vn -0.47290 -0.00620 -0.88110
vn -0.47290 -0.00620 -0.88110
vn -0.28951 -0.52042 0.80333
vn -0.28951 -0.52042 0.80333
vn -0.28951 -0.52042 0.80333
vn -0.28951 -0.52042 0.80333
vn -0.78758 0.50389 -0.35469
vn -0.78758 0.50389 -0.35469
vn -0.78758 0.50389 -0.35469
vn -0.78758 0.50389 -0.35469
vn -0.82408 -0.53889 -0.17460
vn -0.82408 -0.53889 -0.17460
vn -0.82408 -0.53889 -0.17460
vn -0.82408 -0.53889 -0.17460
vn -0.82408 -0.53889 -0.17460
vn -0.54028 0.65628 0.52668
vn -0.54028 0.65628 0.52668
vn -0.54028 0.65628 0.52668
vn -0.32781 -0.94351 0.04820
vn -0.32781 -0.94351 0.04820
vn -0.32781 -0.94351 0.04820
vn -0.32781 -0.94351 0.04820
vn 0.21450 0.91730 0.33550
vn 0.21450 0.91730 0.33550
vn 0.21450 0.91730 0.33550
vn 0.21450 0.91730 0.33550
vn 0.36939 0.80219 0.46909
vn 0.36939 0.80219 0.46909
vn 0.36939 0.80219 0.46909
vn 0.00990 -0.89966 -0.43648
vn 0.00990 -0.89966 -0.43648
vn 0.00990 -0.89966 -0.43648
vn 0.00990 -0.89966 -0.43648
vn 0.00990 -0.89966 -0.43648
vn 0.14571 -0.19681 -0.96955
vn 0.14571 -0.19681 -0.96955
vn 0.14571 -0.19681 -0.96955
vn -0.15890 -0.98571 -0.05600
vn -0.15890 -0.98571 -0.05600
vn -0.15890 -0.98571 -0.05600
vn -0.64560 0.75470 -0.11670
vn -0.64560 0.75470 -0.11670
vn -0.64560 0.75470 -0.11670
vn -0.64560 0.75470 -0.11670
vn -0.64560 0.75470 -0.11670
vn 0.39112 -0.53082 -0.75183
vn 0.39112 -0.53082 -0.75183
vn 0.39112 -0.53082 -0.75183
vn 0.39112 -0.53082 -0.75183
vn -0.09380 -0.56401 0.82042
vn -0.09380 -0.56401 0.82042
vn -0.09380 -0.56401 0.82042
vn -0.75485 -0.33588 0.56337
vn -0.75485 -0.33588 0.56337
vn -0.75485 -0.33588 0.56337
vn -0.69678 0.53819 -0.47419
vn -0.69678 0.53819 -0.47419
vn -0.69678 0.53819 -0.47419
vn -0.69678 0.53819 -0.47419
vn 0.08200 -0.84135 -0.53423
vn 0.08200 -0.84135 -0.53423
vn 0.08200 -0.84135 -0.53423
vn 0.08200 -0.84135 -0.53423
vn -0.35530 0.55630 0.75120
vn -0.35530 0.55630 0.75120
vn -0.35530 0.55630 0.75120
vn -0.17490 -0.98448 0.01460
vn -0.17490 -0.98448 0.01460
vn -0.17490 -0.98448 0.01460
vn -0.96462 -0.07480 -0.25281
vn -0.96462 -0.07480 -0.25281
vn 0.94504 -0.01220 -0.32672
vn 0.94504 -0.01220 -0.32672
vn 0.94504 -0.01220 -0.32672
vn -0.13971 0.90993 0.39051
vn -0.95003 -0.04690 0.30861
vn -0.95003 -0.04690 0.30861
vn -0.95003 -0.04690 0.30861
vn -0.95003 -0.04690 0.30861
vn -0.95003 -0.04690 0.30861
vn 0.01740 -0.95657 -0.29099
vn 0.01740 -0.95657 -0.29099
vn 0.01740 -0.95657 -0.29099
vn 0.25939 -0.95998 0.10560
vn 0.25939 -0.95998 0.10560
vn 0.25939 -0.95998 0.10560
vn 0.25939 -0.95998 0.10560
vn 0.25939 -0.95998 0.10560
vn 0.31361 0.30381 -0.89964
vn 0.31361 0.30381 -0.89964
vn 0.31361 0.30381 -0.89964
vn 0.31361 0.30381 -0.89964
vn 0.31361 0.30381 -0.89964
vn -0.75960 -0.48520 -0.43310
vn -0.75960 -0.48520 -0.43310
vn -0.75960 -0.48520 -0.43310
vn -0.75960 -0.48520 -0.43310
vn -0.75960 -0.48520 -0.43310
vn -0.75960 -0.48520 -0.43310
vn -0.97897 0.18140 0.09330
vn -0.97897 0.18140 0.09330
vn -0.97897 0.18140 0.09330
vn 0.67110 -0.73990 0.04670
vn 0.67110 -0.73990 0.04670
vn 0.67110 -0.73990 0.04670
vn 0.66459 0.54119 0.51519
vn 0.66459 0.54119 0.51519
vn 0.66459 0.54119 0.51519
vn 0.66459 0.54119 0.51519
vn 0.66459 0.54119 0.51519
vn -0.57888 -0.50058 0.64368
vn -0.57888 -0.50058 0.64368
vn 0.80061 -0.22750 0.55431
vn 0.80061 -0.22750 0.55431
vn 0.80061 -0.22750 0.55431
vn 0.80061 -0.22750 0.55431
vn -0.50570 0.84231 0.18650
vn -0.50570 0.84231 0.18650
vn -0.50570 0.84231 0.18650
vn -0.25419 0.94147 -0.22139
vn -0.25419 0.94147 -0.22139
vn -0.25419 0.94147 -0.22139
vn -0.94257 -0.33379 -0.01210
vn -0.94257 -0.33379 -0.01210
vn -0.32129 -0.61479 -0.72028
vn -0.32129 -0.61479 -0.72028
vn -0.32129 -0.61479 -0.72028
vn -0.48159 -0.63769 -0.60119
vn -0.48159 -0.63769 -0.60119
vn -0.48159 -0.63769 -0.60119
vn -0.48159 -0.63769 -0.60119
vn 0.29679 -0.86178 -0.41139
vn 0.29679 -0.86178 -0.41139
vn 0.29679 -0.86178 -0.41139
vn 0.29679 -0.86178 -0.41139
vn 0.29679 -0.86178 -0.41139
vn 0.29679 -0.86178 -0.41139
vn 0.29679 -0.86178 -0.41139
vn 0.38178 0.82256 0.42148
vn 0.38178 0.82256 0.42148
vn 0.38178 0.82256 0.42148
vn 0.38178 0.82256 0.42148
vn 0.38178 0.82256 0.42148
vn 0.38178 0.82256 0.42148
vn 0.00540 0.97462 0.22380
vn 0.00540 0.97462 0.22380
vn 0.15270 0.94733 0.28151
vn 0.15270 0.94733 0.28151
vn 0.15270 0.94733 0.28151
vn 0.88818 -0.44919 -0.09680
vn 0.88818 -0.44919 -0.09680
vn 0.88818 -0.44919 -0.09680
vn -0.38070 -0.84511 0.37530
vn -0.38070 -0.84511 0.37530
vn -0.38070 -0.84511 0.37530
vn -0.38070 -0.84511 0.37530
vn -0.38070 -0.84511 0.37530
vn -0.80432 -0.46901 0.36481
vn -0.80432 -0.46901 0.36481
vn -0.80432 -0.46901 0.36481
vn -0.80432 -0.46901 0.36481
vn -0.80432 -0.46901 0.36481
vn 0.92827 -0.12350 -0.35079
vn 0.92827 -0.12350 -0.35079
vn 0.92827 -0.12350 -0.35079
vn 0.92827 -0.12350 -0.35079
vn 0.92827 -0.12350 -0.35079
vn -0.84150 -0.52810 0.11400
vn -0.84150 -0.52810 0.11400
vn -0.05020 0.78644 0.61563
vn -0.05020 0.78644 0.61563
vn -0.05020 0.78644 0.61563
vn 0.03490 -0.69640 0.71680
vn 0.03490 -0.69640 0.71680
vn 0.03490 -0.69640 0.71680
vn 0.03490 -0.69640 0.71680
vn 0.38659 0.92207 -0.01810
vn 0.38659 0.92207 -0.01810
vn -0.26069 -0.27009 -0.92687
vn -0.26069 -0.27009 -0.92687
vn -0.26069 -0.27009 -0.92687
vn -0.26069 -0.27009 -0.92687
vn -0.26069 -0.27009 -0.92687
vn -0.79607 -0.58807 -0.14299
vn -0.79607 -0.58807 -0.14299
vn -0.79607 -0.58807 -0.14299
vn -0.79607 -0.58807 -0.14299
vn -0.79607 -0.58807 -0.14299
vn -0.79607 -0.58807 -0.14299
vn 0.95323 0.26941 -0.13700
vn 0.95323 0.26941 -0.13700
vn 0.32010 -0.94711 0.02280
vn 0.32010 -0.94711 0.02280
vn 0.32010 -0.94711 0.02280
vn 0.32010 -0.94711 0.02280
vn 0.71082 0.70192 0.04530
vn 0.71082 0.70192 0.04530
vn 0.71082 0.70192 0.04530
vn -0.02730 0.98181 0.18790
vn -0.02730 0.98181 0.18790
vn -0.02730 0.98181 0.18790
vn -0.02730 0.98181 0.18790
vn 0.82077 0.46098 -0.33739
vn 0.82077 0.46098 -0.33739
vn 0.82077 0.46098 -0.33739
vn 0.82077 0.46098 -0.33739
vn 0.82680 0.46260 -0.32000
vn 0.82680 0.46260 -0.32000
vn 0.82680 0.46260 -0.32000
vn 0.82680 0.46260 -0.32000
vn 0.48030 -0.29860 -0.82471
vn 0.48030 -0.29860 -0.82471
vn 0.48030 -0.29860 -0.82471
vn 0.13710 -0.93447 0.32859
vn 0.13710 -0.93447 0.32859
vn 0.13710 -0.93447 0.32859
vn 0.13710 -0.93447 0.32859
vn 0.99475 0.09320 -0.04220
vn 0.99475 0.09320 -0.04220
vn -0.99951 -0.03120 0.00120
vn -0.99951 -0.03120 0.00120
vn -0.99951 -0.03120 0.00120
vn -0.99951 -0.03120 0.00120
vn -0.99951 -0.03120 0.00120
vn -0.82409 -0.56629 -0.01390
vn -0.82409 -0.56629 -0.01390
vn 0.51280 0.33300 -0.79130
vn 0.51280 0.33300 -0.79130
vn -0.66863 -0.64233 0.37462
vn -0.66863 -0.64233 0.37462
vn -0.66863 -0.64233 0.37462
vn 0.90610 0.36560 0.21290
vn 0.25659 0.57298 0.77837
vn 0.25659 0.57298 0.77837
vn 0.25659 0.57298 0.77837
vn 0.54387 0.53007 0.65056
vn 0.54387 0.53007 0.65056
vn 0.54387 0.53007 0.65056
vn 0.54387 0.53007 0.65056
vn 0.54387 0.53007 0.65056
vn 0.54387 0.53007 0.65056
vn 0.60719 0.58259 0.54029
vn 0.60719 0.58259 0.54029
vn 0.60719 0.58259 0.54029
vn 0.60719 0.58259 0.54029
vn 0.60719 0.58259 0.54029
vn 0.12910 -0.51899 0.84498
vn 0.12910 -0.51899 0.84498
vn 0.12910 -0.51899 0.84498
vn -0.75910 -0.64700 -0.07180
vn -0.75910 -0.64700 -0.07180
vn -0.75910 -0.64700 -0.07180
vn -0.75910 -0.64700 -0.07180
vn -0.75910 -0.64700 -0.07180
vn -0.21819 -0.20489 -0.95416
vn -0.21819 -0.20489 -0.95416
vn -0.21819 -0.20489 -0.95416
vn -0.21819 -0.20489 -0.95416
vn -0.21819 -0.20489 -0.95416
vn 0.40100 -0.20690 0.89241
vn 0.40100 -0.20690 0.89241
vn 0.40100 -0.20690 0.89241
vn 0.40100 -0.20690 0.89241
vn -0.20400 0.16840 -0.96438
vn -0.20400 0.16840 -0.96438
vn -0.20400 0.16840 -0.96438
vn -0.24619 0.96357 -0.10450
vn -0.24619 0.96357 -0.10450
vn -0.24619 0.96357 -0.10450
vn -0.32249 -0.91498 -0.24250
vn -0.32249 -0.91498 -0.24250
vn -0.32249 -0.91498 -0.24250
vn -0.32249 -0.91498 -0.24250
vn -0.32249 -0.91498 -0.24250
vn -0.32249 -0.91498 -0.24250
vn -0.03740 -0.55717 -0.82956
vn -0.03740 -0.55717 -0.82956
vn -0.03740 -0.55717 -0.82956
vn 0.35990 -0.83581 -0.41460
vn 0.35990 -0.83581 -0.41460
vn 0.35990 -0.83581 -0.41460
vn 0.35990 -0.83581 -0.41460
vn 0.35990 -0.83581 -0.41460
vn -0.39608 -0.82696 -0.39908
vn -0.39608 -0.82696 -0.39908
vn -0.39608 -0.82696 -0.39908
vn -0.39608 -0.82696 -0.39908
vn -0.93023 -0.01620 0.36661
vn -0.93023 -0.01620 0.36661
vn -0.93023 -0.01620 0.36661
vn 0.92118 0.22710 -0.31599
vn 0.92118 0.22710 -0.31599
vn 0.92118 0.22710 -0.31599
vn 0.92118 0.22710 -0.31599
vn 0.92118 0.22710 -0.31599
vn 0.92118 0.22710 -0.31599
vn 0.92118 0.22710 -0.31599
vn -0.44359 -0.48059 -0.75648
vn -0.44359 -0.48059 -0.75648
vn -0.44359 -0.48059 -0.75648
vn -0.44359 -0.48059 -0.75648
vn -0.44359 -0.48059 -0.75648
vn -0.76922 -0.56171 0.30461
vn -0.76922 -0.56171 0.30461
vn -0.76922 -0.56171 0.30461
vn -0.76922 -0.56171 0.30461
vn -0.68879 -0.41790 0.59239
vn -0.68879 -0.41790 0.59239
vn -0.68879 -0.41790 0.59239
vn 0.35049 0.84347 0.40709
vn 0.35049 0.84347 0.40709
vn 0.35049 0.84347 0.40709
vn -0.98831 0.02840 0.14980
vn -0.98831 0.02840 0.14980
vn -0.98831 0.02840 0.14980
vn -0.98831 0.02840 0.14980
vn 0.28000 0.68380 -0.67380
vn 0.28000 0.68380 -0.67380
vn 0.28000 0.68380 -0.67380
vn 0.28000 0.68380 -0.67380
vn -0.62098 -0.39509 0.67697
vn -0.62098 -0.39509 0.67697
vn -0.62098 -0.39509 0.67697
vn 0.04830 -0.34621 0.93691
vn 0.04830 -0.34621 0.93691
vn 0.04830 -0.34621 0.93691
vn -0.96832 -0.15150 0.19850
vn -0.96832 -0.15150 0.19850
vn 0.87082 0.00000 -0.49161
vn 0.87082 0.00000 -0.49161
vn -0.27451 -0.75204 -0.59923
vn -0.27451 -0.75204 -0.59923
vn -0.27451 -0.75204 -0.59923
vn -0.27451 -0.75204 -0.59923
vn -0.27451 -0.75204 -0.59923
vn 0.82550 0.56010 -0.06960
vn 0.82550 0.56010 -0.06960
vn -0.55752 -0.64142 0.52702
vn -0.55752 -0.64142 0.52702
vn -0.55752 -0.64142 0.52702
vn -0.55752 -0.64142 0.52702
vn -0.73153 -0.67973 0.05330
vn -0.73153 -0.67973 0.05330
vn -0.73153 -0.67973 0.05330
vn -0.73153 -0.67973 0.05330
vn 0.67378 0.65388 -0.34419
vn 0.67378 0.65388 -0.34419
vn 0.67378 0.65388 -0.34419
vn -0.82929 -0.48860 -0.27120
vn -0.82929 -0.48860 -0.27120
vn -0.82929 -0.48860 -0.27120
vn -0.82929 -0.48860 -0.27120
vn -0.82929 -0.48860 -0.27120
vn -0.92473 -0.37731 -0.05010
vn -0.92473 -0.37731 -0.05010
vn -0.92473 -0.37731 -0.05010
vn -0.58073 0.10071 -0.80784
vn -0.58073 0.10071 -0.80784
vn -0.58073 0.10071 -0.80784
vn -0.58073 0.10071 -0.80784
vn -0.58073 0.10071 -0.80784
vn -0.74350 -0.06680 -0.66540
vn -0.74350 -0.06680 -0.66540
vn -0.74350 -0.06680 -0.66540
vn -0.74350 -0.06680 -0.66540
vn -0.06120 0.86610 0.49610
vn -0.06120 0.86610 0.49610
vn 0.99269 0.12070 -0.00120
vn -0.53852 -0.79912 0.26721
vn -0.53852 -0.79912 0.26721
vn -0.53852 -0.79912 0.26721
vn 0.33461 -0.18591 0.92384
vn 0.33461 -0.18591 0.92384
vn 0.33461 -0.18591 0.92384
vn -0.88341 0.42971 -0.18690
vn -0.88341 0.42971 -0.18690
vn -0.36390 -0.84751 -0.38640
vn -0.36390 -0.84751 -0.38640
vn -0.36390 -0.84751 -0.38640
vn -0.01440 0.57660 -0.81690
vn -0.01440 0.57660 -0.81690
vn -0.01440 0.57660 -0.81690
vn -0.01440 0.57660 -0.81690
vn -0.29660 -0.95071 -0.09040
vn -0.29660 -0.95071 -0.09040
vn -0.29660 -0.95071 -0.09040
vn 0.56320 -0.45690 -0.68851
vn 0.56320 -0.45690 -0.68851
vn 0.56320 -0.45690 -0.68851
vn 0.56320 -0.45690 -0.68851
vn -0.88278 -0.42519 0.19979
vn -0.88278 -0.42519 0.19979
vn -0.88278 -0.42519 0.19979
vn -0.88278 -0.42519 0.19979
vn -0.88278 -0.42519 0.19979
vn -0.88278 -0.42519 0.19979
vn -0.88278 -0.42519 0.19979
vn 0.90273 0.08050 -0.42261
vn 0.90273 0.08050 -0.42261
vn 0.90273 0.08050 -0.42261
vn 0.22350 0.97470 -0.00280
vn 0.22350 0.97470 -0.00280
vn 0.22350 0.97470 -0.00280
vn -0.65302 -0.75402 0.07090
vn -0.65302 -0.75402 0.07090
vn -0.65302 -0.75402 0.07090
vn -0.65302 -0.75402 0.07090
vn -0.65302 -0.75402 0.07090
vn 0.75742 0.62731 -0.18110
vn 0.75742 0.62731 -0.18110
vn 0.75742 0.62731 -0.18110
vn -0.65484 -0.75325 0.06170
vn -0.65484 -0.75325 0.06170
vn -0.65484 -0.75325 0.06170
vn -0.47260 -0.78910 0.39240
vn -0.47260 -0.78910 0.39240
vn -0.47260 -0.78910 0.39240
vn -0.47260 -0.78910 0.39240
vn -0.42031 0.44171 -0.79261
vn -0.42031 0.44171 -0.79261
vn -0.42031 0.44171 -0.79261
vn 0.29810 0.90939 0.29010
vn 0.29810 0.90939 0.29010
vn 0.00270 -0.43771 -0.89911
vn 0.00270 -0.43771 -0.89911
vn 0.00270 -0.43771 -0.89911
vn -0.80809 -0.55239 0.20460
vn -0.80809 -0.55239 0.20460
vn -0.80809 -0.55239 0.20460
vn -0.32489 -0.73877 0.59048
vn -0.32489 -0.73877 0.59048
vn -0.06370 0.93189 0.35710
vn -0.06370 0.93189 0.35710
vn -0.06370 0.93189 0.35710
vn -0.06370 0.93189 0.35710
vn -0.06370 0.93189 0.35710
vn -0.06370 0.93189 0.35710
vn -0.08980 -0.47110 -0.87750
vn -0.08980 -0.47110 -0.87750
vn -0.08980 -0.47110 -0.87750
vn -0.08980 -0.47110 -0.87750
vn 0.21870 -0.91980 0.32580
vn 0.21870 -0.91980 0.32580
vn 0.98204 0.14561 -0.12000
vn 0.98204 0.14561 -0.12000
vn 0.07270 0.85572 0.51231
vn 0.07270 0.85572 0.51231
vn -0.66909 -0.69449 0.26459
vn -0.66909 -0.69449 0.26459
vn -0.66909 -0.69449 0.26459
vn -0.66909 -0.69449 0.26459
vn 0.85828 0.31939 0.40169
vn 0.85828 0.31939 0.40169
vn 0.84431 0.22740 -0.48521
vn 0.84431 0.22740 -0.48521
vn 0.84431 0.22740 -0.48521
vn 0.84431 0.22740 -0.48521
vn 0.97638 0.21240 0.03960
vn 0.97638 0.21240 0.03960
vn 0.94848 0.06920 -0.30919
vn 0.94848 0.06920 -0.30919
vn 0.94848 0.06920 -0.30919
vn -0.65870 0.45240 0.60120
vn -0.65870 0.45240 0.60120
vn -0.65870 0.45240 0.60120
vn -0.65870 0.45240 0.60120
vn -0.37861 -0.85792 0.34731
vn -0.37861 -0.85792 0.34731
vn -0.37861 -0.85792 0.34731
vn -0.37861 -0.85792 0.34731
vn 0.93980 0.23540 0.24770
vn 0.93980 0.23540 0.24770
vn 0.70568 -0.12850 -0.69678
vn 0.70568 -0.12850 -0.69678
vn 0.70568 -0.12850 -0.69678
vn 0.70568 -0.12850 -0.69678
vn 0.70568 -0.12850 -0.69678
vn 0.70568 -0.12850 -0.69678
vn -0.42152 -0.15051 -0.89424
vn -0.42152 -0.15051 -0.89424
vn -0.42152 -0.15051 -0.89424
vn -0.42152 -0.15051 -0.89424
vn -0.42152 -0.15051 -0.89424
vn -0.98470 0.17390 0.01150
vn -0.98470 0.17390 0.01150
vn -0.98470 0.17390 0.01150
vn 0.27700 -0.67301 0.68581
vn 0.27700 -0.67301 0.68581
vn 0.27700 -0.67301 0.68581
vn -0.01120 -0.99613 0.08720
vn -0.01120 -0.99613 0.08720
vn -0.01120 -0.99613 0.08720
vn 0.84088 0.48949 0.23090
vn 0.84088 0.48949 0.23090
vn 0.26998 -0.71826 0.64126
vn 0.26998 -0.71826 0.64126
vn 0.26998 -0.71826 0.64126
vn -0.12410 -0.87027 -0.47668
vn -0.12410 -0.87027 -0.47668
vn -0.12410 -0.87027 -0.47668
vn -0.12410 -0.87027 -0.47668
vn -0.12410 -0.87027 -0.47668
vn -0.02480 -0.08830 -0.99579
vn -0.02480 -0.08830 -0.99579
vn -0.02480 -0.08830 -0.99579
vn -0.84832 -0.01370 -0.52931
vn -0.84832 -0.01370 -0.52931
vn -0.84832 -0.01370 -0.52931
vn -0.84832 -0.01370 -0.52931
vn -0.50281 -0.80651 -0.31100
vn -0.50281 -0.80651 -0.31100
vn -0.50281 -0.80651 -0.31100
vn -0.50281 -0.80651 -0.31100
vn -0.50281 -0.80651 -0.31100
vn -0.50281 -0.80651 -0.31100
vn -0.68030 -0.24800 -0.68970
vn -0.68030 -0.24800 -0.68970
vn -0.68030 -0.24800 -0.68970
vn -0.68030 -0.24800 -0.68970
vn 0.09220 0.97285 0.21229
vn 0.09220 0.97285 0.21229
vn 0.09220 0.97285 0.21229
vn 0.09220 0.97285 0.21229
vn 0.18659 0.94557 -0.26659
vn 0.18659 0.94557 -0.26659
vn 0.18659 0.94557 -0.26659
vn -0.53248 -0.84106 -0.09530
vn -0.53248 -0.84106 -0.09530
vn -0.53248 -0.84106 -0.09530
vn 0.60710 0.76380 -0.21920
vn -0.85534 -0.51732 0.02770
vn -0.85534 -0.51732 0.02770
vn -0.85534 -0.51732 0.02770
vn -0.83701 -0.49520 -0.23280
vn -0.83701 -0.49520 -0.23280
vn -0.32931 -0.83773 0.43562
vn -0.32931 -0.83773 0.43562
vn -0.85131 -0.33690 0.40220
vn -0.85131 -0.33690 0.40220
vn -0.85131 -0.33690 0.40220
vn -0.85131 -0.33690 0.40220
vn 0.54662 0.78702 -0.28601
vn 0.54662 0.78702 -0.28601
vn 0.54662 0.78702 -0.28601
vn 0.54662 0.78702 -0.28601
vn -0.91966 0.05680 -0.38858
vn -0.91966 0.05680 -0.38858
vn -0.91966 0.05680 -0.38858
vn -0.91966 0.05680 -0.38858
vn 0.31608 0.88815 -0.33358
vn 0.31608 0.88815 -0.33358
vn 0.31608 0.88815 -0.33358
vn 0.31608 0.88815 -0.33358
vn 0.92312 0.38071 -0.05390
vn 0.92312 0.38071 -0.05390
vn 0.92312 0.38071 -0.05390
vn -0.16950 -0.50751 0.84481
vn -0.16950 -0.50751 0.84481
vn -0.16950 -0.50751 0.84481
vn -0.16950 -0.50751 0.84481
vn 0.84340 0.12930 -0.52150
vn 0.84340 0.12930 -0.52150
vn 0.84340 0.12930 -0.52150
vn 0.84340 0.12930 -0.52150
vn -0.18359 0.95807 0.21999
vn -0.18359 0.95807 0.21999
vn -0.18359 0.95807 0.21999
vn -0.18359 0.95807 0.21999
vn -0.18359 0.95807 0.21999
vn -0.18359 0.95807 0.21999
vn 0.49672 0.66483 0.55792
vn 0.49672 0.66483 0.55792
vn 0.49672 0.66483 0.55792
vn 0.49672 0.66483 0.55792
vn -0.82710 0.55790 -0.06830
vn -0.82710 0.55790 -0.06830
vn -0.82710 0.55790 -0.06830
vn -0.82710 0.55790 -0.06830
vn -0.40371 -0.38721 0.82891
vn -0.40371 -0.38721 0.82891
vn -0.40371 -0.38721 0.82891
vn -0.40371 -0.38721 0.82891
vn -0.48890 -0.47170 -0.73380
vn -0.48890 -0.47170 -0.73380
vn -0.48890 -0.47170 -0.73380
vn 0.14890 -0.66738 0.72968
vn 0.14890 -0.66738 0.72968
vn 0.14890 -0.66738 0.72968
vn 0.77199 0.40319 0.49139
vn 0.77199 0.40319 0.49139
vn 0.77199 0.40319 0.49139
vn 0.77199 0.40319 0.49139
vn -0.84077 0.53658 0.07200
vn -0.84077 0.53658 0.07200
vn -0.84077 0.53658 0.07200
vn -0.84077 0.53658 0.07200
vn -0.84077 0.53658 0.07200
vn -0.12510 0.66562 0.73573
vn -0.12510 0.66562 0.73573
vn -0.84549 -0.14690 0.51339
vn -0.84549 -0.14690 0.51339
vn -0.84549 -0.14690 0.51339
vn -0.92937 -0.35299 0.10800
vn -0.92937 -0.35299 0.10800
vn -0.92937 -0.35299 0.10800
vn -0.92937 -0.35299 0.10800
vn -0.77791 -0.59751 -0.19450
vn -0.77791 -0.59751 -0.19450
vn 0.14650 0.87851 -0.45471
vn 0.14650 0.87851 -0.45471
vn 0.14650 0.87851 -0.45471
vn -0.91401 -0.40181 0.05600
vn -0.91401 -0.40181 0.05600
vn -0.91401 -0.40181 0.05600
vn -0.91401 -0.40181 0.05600
vn -0.84478 -0.46699 0.26129
vn -0.84478 -0.46699 0.26129
vn -0.84478 -0.46699 0.26129
vn -0.84478 -0.46699 0.26129
vn -0.84478 -0.46699 0.26129
vn 0.88102 0.25681 -0.39731
vn 0.88102 0.25681 -0.39731
vn 0.88102 0.25681 -0.39731
vn -0.29859 -0.03440 0.95376
vn -0.29859 -0.03440 0.95376
vn -0.29859 -0.03440 0.95376
vn -0.29859 -0.03440 0.95376
vn 0.68098 0.72928 -0.06650
vn 0.68098 0.72928 -0.06650
vn 0.68098 0.72928 -0.06650
vn 0.68098 0.72928 -0.06650
vn 0.68098 0.72928 -0.06650
vn 0.68098 0.72928 -0.06650
vn -0.20030 -0.96661 0.15980
vn -0.20030 -0.96661 0.15980
vn -0.20030 -0.96661 0.15980
vn 0.81152 0.50221 0.29871
vn -0.90174 -0.18021 -0.39292
vn -0.90174 -0.18021 -0.39292
vn -0.90174 -0.18021 -0.39292
vn -0.90174 -0.18021 -0.39292
vn -0.97565 -0.11281 -0.18811
vn -0.97565 -0.11281 -0.18811
vn -0.97565 -0.11281 -0.18811
vn -0.97565 -0.11281 -0.18811
vn -0.97565 -0.11281 -0.18811
vn -0.97565 -0.11281 -0.18811
vn -0.29161 0.94192 0.16660
vn -0.29161 0.94192 0.16660
vn -0.29161 0.94192 0.16660
vn -0.29161 0.94192 0.16660
vn -0.22820 -0.97360 0.00510
vn -0.22820 -0.97360 0.00510
vn -0.22820 -0.97360 0.00510
vn 0.58683 0.46662 -0.66173
vn 0.58683 0.46662 -0.66173
vn 0.57500 0.54060 0.61410
vn 0.57500 0.54060 0.61410
vn 0.57500 0.54060 0.61410
vn 0.57500 0.54060 0.61410
vn 0.57500 0.54060 0.61410
vn 0.57500 0.54060 0.61410
vn -0.97481 0.08640 0.20560
vn -0.97481 0.08640 0.20560
vn -0.97481 0.08640 0.20560
vn -0.09130 0.98613 -0.13860
vn -0.09130 0.98613 -0.13860
vn -0.09130 0.98613 -0.13860
vn -0.72949 -0.60319 0.32250
vn -0.72949 -0.60319 0.32250
vn -0.72949 -0.60319 0.32250
vn -0.72949 -0.60319 0.32250
vn -0.85084 0.08430 -0.51862
vn -0.85084 0.08430 -0.51862
vn -0.85084 0.08430 -0.51862
vn -0.85084 0.08430 -0.51862
vn 0.97045 0.22641 0.08350
vn 0.97045 0.22641 0.08350
vn 0.97045 0.22641 0.08350
vn 0.97045 0.22641 0.08350
vn 0.97045 0.22641 0.08350
vn -0.78571 -0.54351 0.29540
vn -0.78571 -0.54351 0.29540
vn -0.78571 -0.54351 0.29540
vn -0.78571 -0.54351 0.29540
vn -0.78571 -0.54351 0.29540
vn 0.22820 0.58709 -0.77669
vn 0.22820 0.58709 -0.77669
vn 0.22820 0.58709 -0.77669
vn 0.22820 0.58709 -0.77669
vn 0.77748 0.47869 -0.40789
vn 0.77748 0.47869 -0.40789
vn 0.77748 0.47869 -0.40789
vn 0.77748 0.47869 -0.40789
vn -0.34619 0.06960 0.93558
vn -0.34619 0.06960 0.93558
vn -0.34619 0.06960 0.93558
vn -0.34619 0.06960 0.93558
vn -0.34619 0.06960 0.93558
vn -0.74610 -0.54550 -0.38180
vn -0.74610 -0.54550 -0.38180
vn -0.74610 -0.54550 -0.38180
vn -0.73611 -0.66550 -0.12350
vn -0.73611 -0.66550 -0.12350
vn -0.73611 -0.66550 -0.12350
vn -0.73611 -0.66550 -0.12350
vn -0.56239 -0.32880 0.75869
vn -0.56239 -0.32880 0.75869
vn -0.56239 -0.32880 0.75869
vn 0.38480 0.67670 0.62770
vn 0.38480 0.67670 0.62770
vn 0.38480 0.67670 0.62770
vn 0.38480 0.67670 0.62770
vn 0.38480 0.67670 0.62770
vn 0.38480 0.67670 0.62770
vn -0.58049 -0.12780 -0.80418
vn -0.58049 -0.12780 -0.80418
vn -0.58049 -0.12780 -0.80418
vn -0.58049 -0.12780 -0.80418
vn -0.58049 -0.12780 -0.80418
vn -0.58049 -0.12780 -0.80418
vn -0.24381 -0.10220 -0.96442
vn -0.24381 -0.10220 -0.96442
vn -0.24381 -0.10220 -0.96442
vn 0.69491 0.68781 0.20980
vn 0.69491 0.68781 0.20980
vn 0.69491 0.68781 0.20980
vn 0.69491 0.68781 0.20980
vn -0.19989 -0.93407 -0.29589
vn -0.19989 -0.93407 -0.29589
vn -0.19989 -0.93407 -0.29589
vn -0.48540 -0.87110 0.07470
vn -0.48540 -0.87110 0.07470
vn -0.48540 -0.87110 0.07470
vn -0.99304 -0.10960 0.04310
vn -0.99304 -0.10960 0.04310
vn -0.99304 -0.10960 0.04310
vn -0.54489 0.52899 0.65059
vn -0.54489 0.52899 0.65059
vn 0.36130 0.92300 0.13240
vn 0.36130 0.92300 0.13240
vn 0.36130 0.92300 0.13240
vn 0.29369 0.83958 -0.45699
vn 0.29369 0.83958 -0.45699
vn 0.29369 0.83958 -0.45699
vn -0.98591 -0.16140 -0.04400
vn -0.98591 -0.16140 -0.04400
vn -0.98591 -0.16140 -0.04400
vn -0.84298 -0.00850 0.53788
vn -0.84298 -0.00850 0.53788
vn -0.84298 -0.00850 0.53788
vn -0.84298 -0.00850 0.53788
vn -0.79110 0.50830 -0.34030
vn -0.79110 0.50830 -0.34030
vn -0.79110 0.50830 -0.34030
vn -0.79110 0.50830 -0.34030
usemtl lingcao_chiyan_mature_mat
s off
f 4/4/4 7/7/7 11/11/11
f 1/1/1 8/8/8 12/12/12
f 4/4/4 16/16/16 7/7/7
f 7/7/7 20/20/20 11/11/11
f 2/2/2 21/21/21 16/16/16
f 18/18/18 23/23/23 9/9/9
f 23/23/23 24/24/24 9/9/9
f 10/10/10 25/25/25 13/13/13
f 3/3/3 14/14/14 26/26/26
f 25/25/25 30/30/30 13/13/13
f 26/26/26 14/14/14 33/33/33
f 3/3/3 26/26/26 22/22/22
f 19/19/19 5/5/5 36/36/36
f 6/6/6 45/45/45 38/38/38
f 15/15/15 44/44/44 5/5/5
f 16/16/16 21/21/21 41/41/41
f 18/18/18 37/37/37 48/48/48
f 18/18/18 48/48/48 23/23/23
f 22/22/22 26/26/26 50/50/50
f 21/21/21 49/49/49 39/39/39
f 21/21/21 39/39/39 41/41/41
f 17/17/17 43/43/43 47/47/47
f 12/12/12 29/29/29 32/32/32
f 23/23/23 48/48/48 24/24/24
f 44/44/44 53/53/53 35/35/35
f 40/40/40 54/54/54 42/42/42
f 46/46/46 42/42/42 57/57/57
f 44/44/44 56/56/56 53/53/53
f 42/42/42 54/54/54 57/57/57
f 40/40/40 51/51/51 54/54/54
f 25/25/25 59/59/59 30/30/30
f 28/28/28 34/34/34 62/62/62
f 28/28/28 62/62/62 64/64/64
f 57/57/57 54/54/54 66/66/66
f 30/30/30 59/59/59 67/67/67
f 30/30/30 67/67/67 61/61/61
f 34/34/34 31/31/31 62/62/62
f 26/26/26 63/63/63 69/69/69
f 27/27/27 70/70/70 52/52/52
f 48/48/48 37/37/37 72/72/72
f 48/48/48 72/72/72 24/24/24
f 24/24/24 72/72/72 58/58/58
f 35/35/35 53/53/53 75/75/75
f 37/37/37 76/76/76 72/72/72
f 52/52/52 70/70/70 79/79/79
f 52/52/52 79/79/79 55/55/55
f 53/53/53 56/56/56 80/80/80
f 53/53/53 80/80/80 75/75/75
f 54/54/54 78/78/78 84/84/84
f 54/54/54 84/84/84 66/66/66
f 56/56/56 65/65/65 80/80/80
f 68/68/68 89/89/89 93/93/93
f 68/68/68 93/93/93 62/62/62
f 67/67/67 59/59/59 88/88/88
f 62/62/62 93/93/93 97/97/97
f 62/62/62 97/97/97 64/64/64
f 60/60/60 73/73/73 102/102/102
f 59/59/59 101/101/101 88/88/88
f 64/64/64 97/97/97 71/71/71
f 66/66/66 84/84/84 81/81/81
f 71/71/71 97/97/97 105/105/105
f 74/74/74 77/77/77 108/108/108
f 74/74/74 108/108/108 103/103/103
f 70/70/70 104/104/104 79/79/79
f 79/79/79 104/104/104 110/110/110
f 77/77/77 82/82/82 114/114/114
f 77/77/77 114/114/114 108/108/108
f 78/78/78 109/109/109 84/84/84
f 85/85/85 116/116/116 83/83/83
f 83/83/83 116/116/116 113/113/113
f 100/100/100 107/107/107 117/117/117
f 104/104/104 124/124/124 110/110/110
f 92/92/92 86/86/86 127/127/127
f 94/94/94 130/130/130 98/98/98
f 108/108/108 114/114/114 140/140/140
f 108/108/108 140/140/140 122/122/122
f 129/129/129 134/134/134 96/96/96
f 112/112/112 146/146/146 85/85/85
f 98/98/98 126/126/126 106/106/106
f 90/90/90 102/102/102 148/148/148
f 113/113/113 116/116/116 139/139/139
f 102/102/102 121/121/121 148/148/148
f 85/85/85 146/146/146 116/116/116
f 131/131/131 91/91/91 158/158/158
f 126/126/126 145/145/145 111/111/111
f 91/91/91 165/165/165 158/158/158
f 128/128/128 166/166/166 132/132/132
f 149/149/149 159/159/159 151/151/151
f 150/150/150 170/170/170 172/172/172
f 125/125/125 179/179/179 144/144/144
f 150/150/150 173/173/173 161/161/161
f 87/87/87 147/147/147 189/189/189
f 87/87/87 189/189/189 164/164/164
f 154/154/154 160/160/160 186/186/186
f 150/150/150 155/155/155 170/170/170
f 136/136/136 183/183/183 99/99/99
f 95/95/95 198/198/198 123/123/123
f 99/99/99 183/183/183 200/200/200
f 116/116/116 205/205/205 139/139/139
f 160/160/160 248/248/248 186/186/186
f 115/115/115 143/143/143 204/204/204
f 135/135/135 217/217/217 182/182/182
f 133/133/133 168/168/168 215/215/215
f 212/212/212 227/227/227 234/234/234
f 212/212/212 234/234/234 222/222/222
f 147/147/147 244/244/244 188/188/188
f 153/153/153 185/185/185 219/219/219
f 147/147/147 119/119/119 244/244/244
f 161/161/161 173/173/173 255/255/255
f 216/216/216 224/224/224 181/181/181
f 203/203/203 142/142/142 272/272/272
f 201/201/201 269/269/269 208/208/208
f 206/206/206 211/211/211 275/275/275
f 202/202/202 276/276/276 138/138/138
f 206/206/206 275/275/275 278/278/278
f 138/138/138 276/276/276 281/281/281
f 141/141/141 176/176/176 268/268/268
f 118/118/118 137/137/137 280/280/280
f 118/118/118 280/280/280 193/193/193
f 264/264/264 178/178/178 284/284/284
f 262/262/262 287/287/287 177/177/177
f 128/128/128 156/156/156 166/166/166
f 259/259/259 221/221/221 265/265/265
f 260/260/260 283/283/283 291/291/291
f 263/263/263 293/293/293 224/224/224
f 228/228/228 296/296/296 190/190/190
f 164/164/164 189/189/189 295/295/295
f 152/152/152 218/218/218 169/169/169
f 162/162/162 256/256/256 249/249/249
f 299/299/299 303/303/303 220/220/220
f 235/235/235 258/258/258 304/304/304
f 308/308/308 250/250/250 311/311/311
f 177/177/177 287/287/287 364/364/364
f 178/178/178 314/314/314 284/284/284
f 219/219/219 185/185/185 318/318/318
f 213/213/213 167/167/167 251/251/251
f 249/249/249 256/256/256 310/310/310
f 238/238/238 242/242/242 324/324/324
f 237/237/237 322/322/322 261/261/261
f 188/188/188 244/244/244 326/326/326
f 191/191/191 327/327/327 319/319/319
f 192/192/192 321/321/321 232/232/232
f 219/219/219 318/318/318 298/298/298
f 218/218/218 301/301/301 330/330/330
f 226/226/226 333/333/333 290/290/290
f 248/248/248 307/307/307 339/339/339
f 261/261/261 322/322/322 343/343/343
f 333/333/333 345/345/345 290/290/290
f 231/231/231 320/320/320 338/338/338
f 240/240/240 348/348/348 207/207/207
f 246/246/246 120/120/120 355/355/355
f 125/125/125 199/199/199 315/315/315
f 125/125/125 315/315/315 179/179/179
f 248/248/248 339/339/339 186/186/186
f 338/338/338 320/320/320 359/359/359
f 225/225/225 289/289/289 233/233/233
f 269/269/269 361/361/361 208/208/208
f 268/268/268 176/176/176 363/363/363
f 157/157/157 163/163/163 367/367/367
f 218/218/218 330/330/330 169/169/169
f 120/120/120 196/196/196 384/384/384
f 120/120/120 384/384/384 355/355/355
f 335/335/335 380/380/380 346/346/346
f 235/235/235 304/304/304 377/377/377
f 265/265/265 305/305/305 259/259/259
f 156/156/156 371/371/371 166/166/166
f 280/280/280 391/391/391 193/193/193
f 236/236/236 379/379/379 239/239/239
f 336/336/336 358/358/358 394/394/394
f 222/222/222 234/234/234 266/266/266
f 175/175/175 389/389/389 257/257/257
f 174/174/174 171/171/171 399/399/399
f 174/174/174 399/399/399 388/388/388
f 337/337/337 395/395/395 195/195/195
f 209/209/209 362/362/362 243/243/243
f 309/309/309 313/313/313 412/412/412
f 307/307/307 410/410/410 339/339/339
f 169/169/169 330/330/330 396/396/396
f 302/302/302 298/298/298 407/407/407
f 164/164/164 295/295/295 368/368/368
f 184/184/184 400/400/400 317/317/317
f 210/210/210 351/351/351 274/274/274
f 194/194/194 392/392/392 334/334/334
f 195/195/195 395/395/395 383/383/383
f 256/256/256 414/414/414 310/310/310
f 187/187/187 341/341/341 402/402/402
f 261/261/261 342/342/342 285/285/285
f 167/167/167 373/373/373 251/251/251
f 298/298/298 318/318/318 407/407/407
f 332/332/332 390/390/390 376/376/376
f 214/214/214 253/253/253 229/229/229
f 310/310/310 414/414/414 519/519/519
f 277/277/277 273/273/273 415/415/415
f 197/197/197 180/180/180 419/419/419
f 198/198/198 422/422/422 426/426/426
f 312/312/312 520/520/520 411/411/411
f 319/319/319 327/327/327 435/435/435
f 228/228/228 440/440/440 296/296/296
f 297/297/297 443/443/443 447/447/447
f 230/230/230 450/450/450 441/441/441
f 228/228/228 252/252/252 448/448/448
f 433/433/433 458/458/458 454/454/454
f 355/355/355 384/384/384 461/461/461
f 320/320/320 438/438/438 359/359/359
f 346/346/346 380/380/380 467/467/467
f 199/199/199 427/427/427 315/315/315
f 181/181/181 224/224/224 421/421/421
f 271/271/271 365/365/365 463/463/463
f 223/223/223 292/292/292 418/418/418
f 157/157/157 367/367/367 372/372/372
f 274/274/274 351/351/351 472/472/472
f 274/274/274 472/472/472 416/416/416
f 380/380/380 476/476/476 467/467/467
f 234/234/234 479/479/479 266/266/266
f 451/451/451 487/487/487 430/430/430
f 452/452/452 457/457/457 491/491/491
f 300/300/300 403/403/403 329/329/329
f 391/391/391 280/280/280 584/584/584
f 254/254/254 386/386/386 413/413/413
f 432/432/432 496/496/496 458/458/458
f 340/340/340 508/508/508 401/401/401
f 317/317/317 400/400/400 405/405/405
f 331/331/331 482/482/482 398/398/398
f 497/497/497 500/500/500 404/404/404
f 490/490/490 453/453/453 510/510/510
f 295/295/295 513/513/513 368/368/368
f 515/515/515 409/409/409 518/518/518
f 431/431/431 488/488/488 525/525/525
f 243/243/243 362/362/362 527/527/527
f 242/242/242 526/526/526 324/324/324
f 294/294/294 446/446/446 512/512/512
f 516/516/516 531/531/531 410/410/410
f 429/429/429 505/505/505 493/493/493
f 329/329/329 403/403/403 481/481/481
f 417/417/417 538/538/538 279/279/279
f 279/279/279 543/543/543 282/282/282
f 251/251/251 373/373/373 544/544/544
f 408/408/408 504/504/504 485/485/485
f 429/429/429 522/522/522 505/505/505
f 519/519/519 548/548/548 517/517/517
f 406/406/406 550/550/550 499/499/499
f 498/498/498 549/549/549 501/501/501
f 416/416/416 472/472/472 654/654/654
f 279/279/279 538/538/538 543/543/543
f 410/410/410 507/507/507 339/339/339
f 558/558/558 551/551/551 563/563/563
f 503/503/503 552/552/552 561/561/561
f 453/453/453 570/570/570 510/510/510
f 455/455/455 492/492/492 571/571/571
f 239/239/239 379/379/379 573/573/573
f 241/241/241 575/575/575 349/349/349
f 375/375/375 576/576/576 572/572/572
f 410/410/410 530/530/530 566/566/566
f 405/405/405 400/400/400 549/549/549
f 502/502/502 559/559/559 581/581/581
f 290/290/290 345/345/345 592/592/592
f 502/502/502 581/581/581 484/484/484
f 456/456/456 495/495/495 602/602/602
f 456/456/456 602/602/602 491/491/491
f 495/495/495 557/557/557 602/602/602
f 345/345/345 464/464/464 592/592/592
f 289/289/289 591/591/591 233/233/233
f 505/505/505 607/607/607 493/493/493
f 463/463/463 612/612/612 270/270/270
f 410/410/410 566/566/566 507/507/507
f 519/519/519 414/414/414 614/614/614
f 549/549/549 400/400/400 603/603/603
f 483/483/483 617/617/617 397/397/397
f 560/560/560 565/565/565 620/620/620
f 416/416/416 654/654/654 537/537/537
f 269/269/269 610/610/610 361/361/361
f 463/463/463 365/365/365 608/608/608
f 517/517/517 548/548/548 532/532/532
f 413/413/413 386/386/386 613/613/613
f 551/551/551 605/605/605 563/563/563
f 560/560/560 620/620/620 582/582/582
f 505/505/505 522/522/522 621/621/621
f 493/493/493 607/607/607 626/626/626
f 397/397/397 617/617/617 387/387/387
f 459/459/459 630/630/630 352/352/352
f 564/564/564 639/639/639 642/642/642
f 425/425/425 599/599/599 647/647/647
f 428/428/428 648/648/648 316/316/316
f 523/523/523 486/486/486 650/650/650
f 540/540/540 536/536/536 652/652/652
f 366/366/366 288/288/288 609/609/609
f 390/390/390 583/583/583 376/376/376
f 377/377/377 304/304/304 474/474/474
f 400/400/400 705/705/705 603/603/603
f 494/494/494 627/627/627 556/556/556
f 535/535/535 381/381/381 587/587/587
f 462/462/462 385/385/385 659/659/659
f 267/267/267 480/480/480 477/477/477
f 267/267/267 477/477/477 306/306/306
f 283/283/283 661/661/661 291/291/291
f 293/293/293 662/662/662 421/421/421
f 443/443/443 667/667/667 447/447/447
f 519/519/519 614/614/614 548/548/548
f 563/563/563 604/604/604 637/637/637
f 362/362/362 611/611/611 527/527/527
f 512/512/512 446/446/446 670/670/670
f 511/511/511 668/668/668 673/673/673
f 514/514/514 674/674/674 369/369/369
f 284/284/284 314/314/314 645/645/645
f 350/350/350 683/683/683 470/470/470
f 378/378/378 533/533/533 577/577/577
f 247/247/247 356/356/356 690/690/690
f 562/562/562 640/640/640 618/618/618
f 286/286/286 700/700/700 677/677/677
f 530/530/530 693/693/693 566/566/566
f 347/347/347 573/573/573 681/681/681
f 344/344/344 323/323/323 697/697/697
f 342/342/342 695/695/695 699/699/699
f 342/342/342 699/699/699 285/285/285
f 633/633/633 460/460/460 701/701/701
f 508/508/508 567/567/567 706/706/706
f 631/631/631 709/709/709 354/354/354
f 372/372/372 367/367/367 711/711/711
f 325/325/325 714/714/714 434/434/434
f 419/419/419 717/717/717 424/424/424
f 445/445/445 664/664/664 669/669/669
f 367/367/367 722/722/722 711/711/711
f 506/506/506 704/704/704 400/400/400
f 505/505/505 621/621/621 607/607/607
f 491/491/491 602/602/602 569/569/569
f 370/370/370 675/675/675 735/735/735
f 738/738/738 641/641/641 635/635/635
f 489/489/489 509/509/509 651/651/651
f 655/655/655 746/746/746 542/542/542
f 426/426/426 728/728/728 600/600/600
f 367/367/367 747/747/747 722/722/722
f 740/740/740 638/638/638 753/753/753
f 510/510/510 570/570/570 757/757/757
f 625/625/625 741/741/741 553/553/553
f 539/539/539 758/758/758 280/280/280
f 460/460/460 657/657/657 701/701/701
f 357/357/357 588/588/588 764/764/764
f 358/358/358 765/765/765 394/394/394
f 386/386/386 771/771/771 613/613/613
f 649/649/649 773/773/773 521/521/521
f 359/359/359 438/438/438 778/778/778
f 360/360/360 781/781/781 590/590/590
f 373/373/373 783/783/783 544/544/544
f 604/604/604 707/707/707 636/636/636
f 743/743/743 628/628/628 799/799/799
f 529/529/529 809/809/809 691/691/691
f 424/424/424 717/717/717 727/727/727
f 666/666/666 442/442/442 815/815/815
f 737/737/737 817/817/817 640/640/640
f 483/483/483 580/580/580 617/617/617
f 463/463/463 608/608/608 822/822/822
f 463/463/463 822/822/822 612/612/612
f 593/593/593 824/824/824 479/479/479
f 593/593/593 479/479/479 234/234/234
f 420/420/420 830/830/830 718/718/718
f 423/423/423 663/663/663 833/833/833
f 790/790/790 835/835/835 720/720/720
f 636/636/636 707/707/707 838/838/838
f 638/638/638 839/839/839 753/753/753
f 580/580/580 619/619/619 617/617/617
f 651/651/651 792/792/792 776/776/776
f 598/598/598 938/938/938 644/644/644
f 717/717/717 751/751/751 727/727/727
f 547/547/547 613/613/613 843/843/843
f 720/720/720 835/835/835 752/752/752
f 544/544/544 783/783/783 844/844/844
f 651/651/651 509/509/509 792/792/792
f 541/541/541 745/745/745 763/763/763
f 280/280/280 758/758/758 584/584/584
f 719/719/719 841/841/841 789/789/789
f 739/739/739 752/752/752 835/835/835
f 737/737/737 834/834/834 817/817/817
f 509/509/509 755/755/755 792/792/792
f 533/533/533 848/848/848 577/577/577
f 353/353/353 708/708/708 686/686/686
f 467/467/467 476/476/476 872/872/872
f 624/624/624 606/606/606 853/853/853
f 288/288/288 678/678/678 609/609/609
f 368/368/368 732/732/732 749/749/749
f 545/545/545 845/845/845 253/253/253
f 524/524/524 774/774/774 863/863/863
f 524/524/524 863/863/863 622/622/622
f 632/632/632 802/802/802 867/867/867
f 632/632/632 867/867/867 710/710/710
f 283/283/283 828/828/828 661/661/661
f 444/444/444 878/878/878 816/816/816
f 567/567/567 694/694/694 706/706/706
f 613/613/613 771/771/771 843/843/843
f 245/245/245 685/685/685 327/327/327
f 528/528/528 546/546/546 808/808/808
f 640/640/640 818/818/818 618/618/618
f 382/382/382 393/393/393 656/656/656
f 475/475/475 478/478/478 1080/1080/1080
f 284/284/284 646/646/646 831/831/831
f 676/676/676 672/672/672 736/736/736
f 718/718/718 830/830/830 840/840/840
f 726/726/726 836/836/836 597/597/597
f 374/374/374 712/712/712 784/784/784
f 387/387/387 617/617/617 772/772/772
f 629/629/629 857/857/857 800/800/800
f 439/439/439 448/448/448 885/885/885
f 441/441/441 887/887/887 875/875/875
f 253/253/253 845/845/845 889/889/889
f 253/253/253 889/889/889 449/449/449
f 839/839/839 729/729/729 753/753/753
f 570/570/570 895/895/895 757/757/757
f 607/607/607 621/621/621 854/854/854
f 882/882/882 884/884/884 902/902/902
f 867/867/867 982/982/982 710/710/710
f 546/546/546 842/842/842 808/808/808
f 788/788/788 841/841/841 906/906/906
f 787/787/787 903/903/903 834/834/834
f 776/776/776 792/792/792 862/862/862
f 569/569/569 602/602/602 898/898/898
f 568/568/568 896/896/896 892/892/892
f 554/554/554 742/742/742 907/907/907
f 555/555/555 910/910/910 601/601/601
f 634/634/634 703/703/703 806/806/806
f 917/917/917 869/869/869 805/805/805
f 916/916/916 931/931/931 865/865/865
f 328/328/328 689/689/689 716/716/716
f 671/671/671 665/665/665 731/731/731
f 840/840/840 830/830/830 905/905/905
f 818/818/818 615/615/615 618/618/618
f 742/742/742 796/796/796 907/907/907
f 884/884/884 914/914/914 902/902/902
f 597/597/597 836/836/836 936/936/936
f 448/448/448 888/888/888 885/885/885
f 924/924/924 921/921/921 928/928/928
f 775/775/775 861/861/861 864/864/864
f 623/623/623 864/864/864 855/855/855
f 880/880/880 900/900/900 797/797/797
f 932/932/932 954/954/954 866/866/866
f 706/706/706 694/694/694 837/837/837
f 834/834/834 903/903/903 817/817/817
f 324/324/324 526/526/526 947/947/947
f 616/616/616 961/961/961 769/769/769
f 881/881/881 798/798/798 967/967/967
f 323/323/323 946/946/946 697/697/697
f 804/804/804 702/702/702 995/995/995
f 952/952/952 958/958/958 968/968/968
f 589/589/589 780/780/780 768/768/768
f 692/692/692 811/811/811 938/938/938
f 713/713/713 922/922/922 785/785/785
f 711/711/711 722/722/722 919/919/919
f 928/928/928 921/921/921 975/975/975
f 587/587/587 950/950/950 535/535/535
f 915/915/915 801/801/801 977/977/977
f 868/868/868 956/956/956 983/983/983
f 656/656/656 393/393/393 984/984/984
f 818/818/818 961/961/961 615/615/615
f 819/819/819 904/904/904 962/962/962
f 653/653/653 471/471/471 990/990/990
f 653/653/653 990/990/990 744/744/744
f 879/879/879 992/992/992 883/883/883
f 879/879/879 965/965/965 992/992/992
f 470/470/470 682/682/682 940/940/940
f 803/803/803 994/994/994 978/978/978
f 915/915/915 977/977/977 930/930/930
f 960/960/960 957/957/957 934/934/934
f 763/763/763 745/745/745 1057/1057/1057
f 797/797/797 900/900/900 908/908/908
f 939/939/939 837/837/837 694/694/694
f 923/923/923 997/997/997 920/920/920
f 601/601/601 910/910/910 1002/1002/1002
f 585/585/585 759/759/759 1003/1003/1003
f 708/708/708 980/980/980 686/686/686
f 953/953/953 969/969/969 1007/1007/1007
f 771/771/771 1016/1016/1016 843/843/843
f 612/612/612 822/822/822 1020/1020/1020
f 883/883/883 992/992/992 911/911/911
f 609/609/609 913/913/913 823/823/823
f 609/609/609 678/678/678 913/913/913
f 658/658/658 995/995/995 702/702/702
f 807/807/807 1010/1010/1010 935/935/935
f 810/810/810 843/843/843 1012/1012/1012
f 830/830/830 964/964/964 905/905/905
f 922/922/922 998/998/998 785/785/785
f 791/791/791 1110/1110/1110 859/859/859
f 586/586/586 1005/1005/1005 949/949/949
f 677/677/677 700/700/700 912/912/912
f 395/395/395 766/766/766 985/985/985
f 643/643/643 937/937/937 1011/1011/1011
f 436/436/436 715/715/715 1021/1021/1021
f 436/436/436 1021/1021/1021 1023/1023/1023
f 828/828/828 643/643/643 1011/1011/1011
f 770/770/770 963/963/963 1015/1015/1015
f 918/918/918 721/721/721 972/972/972
f 927/927/927 974/974/974 1029/1029/1029
f 795/795/795 853/853/853 965/965/965
f 912/912/912 1032/1032/1032 899/899/899
f 871/871/871 1034/1034/1034 465/465/465
f 926/926/926 1044/1044/1044 923/923/923
f 901/901/901 1033/1033/1033 1047/1047/1047
f 901/901/901 1047/1047/1047 909/909/909
f 660/660/660 988/988/988 996/996/996
f 923/923/923 1044/1044/1044 997/997/997
f 861/861/861 1053/1053/1053 864/864/864
f 601/601/601 1002/1002/1002 897/897/897
f 579/579/579 852/852/852 1061/1061/1061
f 733/733/733 666/666/666 1065/1065/1065
f 734/734/734 1042/1042/1042 1070/1070/1070
f 961/961/961 829/829/829 1014/1014/1014
f 473/473/473 944/944/944 991/991/991
f 873/873/873 1073/1073/1073 1039/1039/1039
f 594/594/594 1075/1075/1075 826/826/826
f 832/832/832 1013/1013/1013 1017/1017/1017
f 734/734/734 1070/1070/1070 750/750/750
f 870/870/870 474/474/474 1079/1079/1079
f 870/870/870 1079/1079/1079 1071/1071/1071
f 437/437/437 1024/1024/1024 777/777/777
f 596/596/596 1085/1085/1085 1050/1050/1050
f 1016/1016/1016 1012/1012/1012 843/843/843
f 744/744/744 990/990/990 1056/1056/1056
f 1057/1057/1057 1092/1092/1092 763/763/763
f 760/760/760 1095/1095/1095 1004/1004/1004
f 911/911/911 992/992/992 820/820/820
f 700/700/700 1032/1032/1032 912/912/912
f 976/976/976 1099/1099/1099 929/929/929
f 981/981/981 1114/1114/1114 688/688/688
f 955/955/955 1008/1008/1008 982/982/982
f 959/959/959 933/933/933 1100/1100/1100
f 1051/1051/1051 860/860/860 1088/1088/1088
f 794/794/794 1109/1109/1109 1112/1112/1112
f 864/864/864 1052/1052/1052 855/855/855
f 611/611/611 1019/1019/1019 527/527/527
f 762/762/762 1090/1090/1090 942/942/942
f 761/761/761 940/940/940 1096/1096/1096
f 982/982/982 1008/1008/1008 1115/1115/1115
f 715/715/715 1119/1119/1119 1021/1021/1021
f 715/715/715 687/687/687 1119/1119/1119
f 595/595/595 469/469/469 1084/1084/1084
f 666/666/666 815/815/815 1065/1065/1065
f 1052/1052/1052 1089/1089/1089 1103/1103/1103
f 853/853/853 1121/1121/1121 965/965/965
f 527/527/527 1019/1019/1019 1127/1127/1127
f 534/534/534 948/948/948 1172/1172/1172
f 535/535/535 1174/1174/1174 851/851/851
f 594/594/594 1048/1048/1048 1075/1075/1075
f 730/730/730 1063/1063/1063 1040/1040/1040
f 928/928/928 1030/1030/1030 1132/1132/1132
f 793/793/793 756/756/756 1108/1108/1108
f 767/767/767 779/779/779 986/986/986
f 959/959/959 1140/1140/1140 970/970/970
f 959/959/959 1100/1100/1100 1140/1140/1140
f 1018/1018/1018 1150/1150/1150 1153/1153/1153
f 684/684/684 1156/1156/1156 1239/1239/1239
f 684/684/684 1239/1239/1239 943/943/943
f 526/526/526 1125/1125/1125 947/947/947
f 695/695/695 1031/1031/1031 699/699/699
f 969/969/969 1143/1143/1143 1007/1007/1007
f 722/722/722 1026/1026/1026 973/973/973
f 1135/1135/1135 1104/1104/1104 1149/1149/1149
f 993/993/993 966/966/966 821/821/821
f 907/907/907 1045/1045/1045 1000/1000/1000
f 971/971/971 1142/1142/1142 1145/1145/1145
f 925/925/925 1129/1129/1129 1043/1043/1043
f 858/858/858 1158/1158/1158 1086/1086/1086
f 1134/1134/1134 1138/1138/1138 1164/1164/1164
f 1020/1020/1020 822/822/822 1170/1170/1170
f 1020/1020/1020 1170/1170/1170 1152/1152/1152
f 859/859/859 1110/1110/1110 1158/1158/1158
f 1087/1087/1087 1148/1148/1148 1102/1102/1102
f 1133/1133/1133 1147/1147/1147 1136/1136/1136
f 1134/1134/1134 1164/1164/1164 1103/1103/1103
f 856/856/856 1054/1054/1054 1123/1123/1123
f 951/951/951 1006/1006/1006 1175/1175/1175
f 468/468/468 1036/1036/1036 1163/1163/1163
f 469/469/469 1181/1181/1181 1084/1084/1084
f 1086/1086/1086 1158/1158/1158 1147/1147/1147
f 1105/1105/1105 1166/1166/1166 1171/1171/1171
f 1137/1137/1137 1184/1184/1184 1150/1150/1150
f 1188/1188/1188 1239/1239/1239 1156/1156/1156
f 991/991/991 944/944/944 1093/1093/1093
f 847/847/847 786/786/786 1193/1193/1193
f 1052/1052/1052 1103/1103/1103 1122/1122/1122
f 1150/1150/1150 1184/1184/1184 1153/1153/1153
f 940/940/940 1194/1194/1194 1096/1096/1096
f 940/940/940 1242/1242/1242 1194/1194/1194
f 979/979/979 995/995/995 1101/1101/1101
f 1140/1140/1140 1100/1100/1100 1200/1200/1200
f 786/786/786 999/999/999 1193/1193/1193
f 1043/1043/1043 1129/1129/1129 1189/1189/1189
f 1044/1044/1044 1190/1190/1190 997/997/997
f 1138/1138/1138 1151/1151/1151 1164/1164/1164
f 1152/1152/1152 1170/1170/1170 1165/1165/1165
f 1019/1019/1019 1154/1154/1154 1205/1205/1205
f 821/821/821 966/966/966 1168/1168/1168
f 1033/1033/1033 698/698/698 1047/1047/1047
f 1036/1036/1036 1206/1206/1206 1163/1163/1163
f 1049/1049/1049 1083/1083/1083 1078/1078/1078
f 750/750/750 1070/1070/1070 1214/1214/1214
f 749/749/749 1213/1213/1213 1369/1369/1369
f 1130/1130/1130 1027/1027/1027 1216/1216/1216
f 892/892/892 896/896/896 1225/1225/1225
f 897/897/897 1002/1002/1002 1227/1227/1227
f 989/989/989 1091/1091/1091 1055/1055/1055
f 1145/1145/1145 1142/1142/1142 1210/1210/1210
f 1025/1025/1025 1022/1022/1022 782/782/782
f 893/893/893 1231/1231/1231 754/754/754
f 894/894/894 1226/1226/1226 1232/1232/1232
f 1188/1188/1188 1234/1234/1234 1239/1239/1239
f 1237/1237/1237 1243/1243/1243 941/941/941
f 1111/1111/1111 1106/1106/1106 1158/1158/1158
f 1147/1147/1147 1228/1228/1228 1136/1136/1136
f 756/756/756 1232/1232/1232 1108/1108/1108
f 1103/1103/1103 1169/1169/1169 1122/1122/1122
f 1019/1019/1019 1205/1205/1205 1127/1127/1127
f 578/578/578 1058/1058/1058 574/574/574
f 1006/1006/1006 1097/1097/1097 1175/1175/1175
f 1009/1009/1009 1146/1146/1146 1117/1117/1117
f 479/479/479 825/825/825 1249/1249/1249
f 479/479/479 1249/1249/1249 1081/1081/1081
f 466/466/466 1161/1161/1161 1178/1178/1178
f 1220/1220/1220 1030/1030/1030 1252/1252/1252
f 1121/1121/1121 1167/1167/1167 965/965/965
f 1046/1046/1046 696/696/696 1001/1001/1001
f 995/995/995 987/987/987 1255/1255/1255
f 995/995/995 1255/1255/1255 1101/1101/1101
f 1136/1136/1136 1228/1228/1228 1183/1183/1183
f 1197/1197/1197 1258/1258/1258 1037/1037/1037
f 986/986/986 779/779/779 1260/1260/1260
f 846/846/846 1192/1192/1192 891/891/891
f 1154/1154/1154 1185/1185/1185 1205/1205/1205
f 1144/1144/1144 1209/1209/1209 1265/1265/1265
f 1144/1144/1144 1265/1265/1265 1116/1116/1116
f 687/687/687 1113/1113/1113 1118/1118/1118
f 1028/1028/1028 724/724/724 1269/1269/1269
f 1218/1218/1218 1274/1274/1274 1131/1131/1131
f 875/875/875 887/887/887 1281/1281/1281
f 1147/1147/1147 1282/1282/1282 1228/1228/1228
f 1183/1183/1183 1228/1228/1228 1203/1203/1203
f 1277/1277/1277 1240/1240/1240 1235/1235/1235
f 1187/1187/1187 1288/1288/1288 1233/1233/1233
f 1186/1186/1186 1155/1155/1155 1286/1286/1286
f 1155/1155/1155 679/679/679 1290/1290/1290
f 1037/1037/1037 1258/1258/1258 1207/1207/1207
f 782/782/782 1022/1022/1022 1120/1120/1120
f 1118/1118/1118 1113/1113/1113 1295/1295/1295
f 1158/1158/1158 1106/1106/1106 1147/1147/1147
f 1278/1278/1278 1300/1300/1300 1309/1309/1309
f 1147/1147/1147 1106/1106/1106 1282/1282/1282
f 1199/1199/1199 1038/1038/1038 1302/1302/1302
f 782/782/782 1120/1120/1120 1261/1261/1261
f 1208/1208/1208 1139/1139/1139 1264/1264/1264
f 1066/1066/1066 1307/1307/1307 1041/1041/1041
f 1276/1276/1276 1308/1308/1308 1238/1238/1238
f 1284/1284/1284 1107/1107/1107 1230/1230/1230
f 1157/1157/1157 1293/1293/1293 1289/1289/1289
f 1040/1040/1040 1303/1303/1303 1068/1068/1068
f 1030/1030/1030 1270/1270/1270 1252/1252/1252
f 1283/1283/1283 1126/1126/1126 1204/1204/1204
f 1283/1283/1283 1204/1204/1204 1229/1229/1229
f 1285/1285/1285 1232/1232/1232 1128/1128/1128
f 1128/1128/1128 1232/1232/1232 1226/1226/1226
f 697/697/697 946/946/946 1224/1224/1224
f 696/696/696 1223/1223/1223 1001/1001/1001
f 1101/1101/1101 1254/1254/1254 1201/1201/1201
f 1294/1294/1294 1262/1262/1262 1347/1347/1347
f 1295/1295/1295 1113/1113/1113 1263/1263/1263
f 1238/1238/1238 1308/1308/1308 1313/1313/1313
f 1275/1275/1275 1233/1233/1233 1315/1315/1315
f 812/812/812 1316/1316/1316 1064/1064/1064
f 813/813/813 876/876/876 1323/1323/1323
f 814/814/814 1322/1322/1322 1318/1318/1318
f 1192/1192/1192 1329/1329/1329 891/891/891
f 1131/1131/1131 1274/1274/1274 1191/1191/1191
f 1233/1233/1233 1288/1288/1288 1315/1315/1315
f 1035/1035/1035 1072/1072/1072 1301/1301/1301
f 986/986/986 1260/1260/1260 1253/1253/1253
f 1082/1082/1082 1180/1180/1180 1077/1077/1077
f 1275/1275/1275 1315/1315/1315 1297/1297/1297
f 1236/1236/1236 1312/1312/1312 1243/1243/1243
f 1124/1124/1124 1222/1222/1222 945/945/945
f 1098/1098/1098 1341/1341/1341 1176/1176/1176
f 1120/1120/1120 1296/1296/1296 1261/1261/1261
f 1064/1064/1064 1316/1316/1316 1305/1305/1305
f 1173/1173/1173 1340/1340/1340 1311/1311/1311
f 1259/1259/1259 1198/1198/1198 1346/1346/1346
f 1296/1296/1296 1349/1349/1349 1261/1261/1261
f 1202/1202/1202 1351/1351/1351 1141/1141/1141
f 1141/1141/1141 1351/1351/1351 1266/1266/1266
f 1219/1219/1219 1251/1251/1251 1354/1354/1354
f 1221/1221/1221 1355/1355/1355 1360/1360/1360
f 1253/1253/1253 1260/1260/1260 1350/1350/1350
f 1177/1177/1177 1362/1362/1362 1074/1074/1074
f 723/723/723 748/748/748 1367/1367/1367
f 1191/1191/1191 1274/1274/1274 1326/1326/1326
f 1201/1201/1201 1253/1253/1253 1350/1350/1350
f 1266/1266/1266 1351/1351/1351 1348/1348/1348
f 1076/1076/1076 1364/1364/1364 827/827/827
f 725/725/725 1370/1370/1370 1272/1272/1272
f 1173/1173/1173 1311/1311/1311 850/850/850
f 1196/1196/1196 1301/1301/1301 1345/1345/1345
f 1072/1072/1072 1250/1250/1250 1301/1301/1301
f 1179/1179/1179 1160/1160/1160 1372/1372/1372
f 1261/1261/1261 1349/1349/1349 1352/1352/1352
f 1273/1273/1273 1215/1215/1215 1375/1375/1375
f 1297/1297/1297 1315/1315/1315 1330/1330/1330
f 1217/1217/1217 1359/1359/1359 1376/1376/1376
f 1333/1333/1333 1339/1339/1339 1094/1094/1094
f 849/849/849 1310/1310/1310 1059/1059/1059
f 1079/1079/1079 1247/1247/1247 1071/1071/1071
f 1365/1365/1365 1182/1182/1182 1384/1384/1384
f 1298/1298/1298 1331/1331/1331 1386/1386/1386
f 1299/1299/1299 1387/1387/1387 1308/1308/1308
f 1194/1194/1194 1242/1242/1242 1421/1421/1421
f 1245/1245/1245 1436/1436/1436 1424/1424/1424
f 1096/1096/1096 1194/1194/1194 1334/1334/1334
f 1179/1179/1179 1372/1372/1372 1381/1381/1381
f 877/877/877 1395/1395/1395 1324/1324/1324
f 874/874/874 1279/1279/1279 1393/1393/1393
f 1363/1363/1363 1481/1481/1481 826/826/826
f 1304/1304/1304 1390/1390/1390 1069/1069/1069
f 680/680/680 573/573/573 1291/1291/1291
f 1306/1306/1306 1317/1317/1317 1392/1392/1392
f 1308/1308/1308 1387/1387/1387 1313/1313/1313
f 573/573/573 1400/1400/1400 1291/1291/1291
f 1256/1256/1256 1344/1344/1344 1405/1405/1405
f 1257/1257/1257 1406/1406/1406 1206/1206/1206
f 1332/1332/1332 1409/1409/1409 1389/1389/1389
f 1163/1163/1163 1206/1206/1206 1411/1411/1411
f 1159/1159/1159 1396/1396/1396 1371/1371/1371
f 826/826/826 1481/1481/1481 1413/1413/1413
f 1212/1212/1212 1416/1416/1416 1368/1368/1368
f 1274/1274/1274 1377/1377/1377 1326/1326/1326
f 1315/1315/1315 1288/1288/1288 1420/1420/1420
f 1244/1244/1244 1314/1314/1314 1428/1428/1428
f 1310/1310/1310 1429/1429/1429 1059/1059/1059
f 1206/1206/1206 1406/1406/1406 1439/1439/1439
f 1206/1206/1206 1439/1439/1439 1411/1411/1411
f 1211/1211/1211 1067/1067/1067 1440/1440/1440
f 1211/1211/1211 1440/1440/1440 1414/1414/1414
f 1251/1251/1251 1268/1268/1268 1354/1354/1354
f 1361/1361/1361 1358/1358/1358 1380/1380/1380
f 1330/1330/1330 1315/1315/1315 1407/1407/1407
f 1314/1314/1314 1388/1388/1388 1428/1428/1428
f 1337/1337/1337 1448/1448/1448 1342/1342/1342
f 1392/1392/1392 1317/1317/1317 1449/1449/1449
f 1250/1250/1250 1451/1451/1451 1301/1301/1301
f 1069/1069/1069 1390/1390/1390 1441/1441/1441
f 1355/1355/1355 1271/1271/1271 1453/1453/1453
f 1287/1287/1287 1292/1292/1292 1419/1419/1419
f 1391/1391/1391 1458/1458/1458 1441/1441/1441
f 1272/1272/1272 1370/1370/1370 1462/1462/1462
f 1311/1311/1311 1340/1340/1340 1464/1464/1464
f 1343/1343/1343 1455/1455/1455 1404/1404/1404
f 1353/1353/1353 1467/1467/1467 1471/1471/1471
f 1315/1315/1315 1420/1420/1420 1407/1407/1407
f 1195/1195/1195 1422/1422/1422 1336/1336/1336
f 1301/1301/1301 1451/1451/1451 1345/1345/1345
f 1267/1267/1267 1461/1461/1461 1452/1452/1452
f 1357/1357/1357 1473/1473/1473 1379/1379/1379
f 1366/1366/1366 1385/1385/1385 1483/1483/1483
f 890/890/890 1327/1327/1327 1486/1486/1486
f 889/889/889 1485/1485/1485 1280/1280/1280
f 1334/1334/1334 1421/1421/1421 1487/1487/1487
f 1345/1345/1345 1451/1451/1451 1457/1457/1457
f 1356/1356/1356 1454/1454/1454 1469/1469/1469
f 1335/1335/1335 1490/1490/1490 1447/1447/1447
f 1317/1317/1317 1319/1319/1319 1449/1449/1449
f 1378/1378/1378 1494/1494/1494 1328/1328/1328
f 1425/1425/1425 1496/1496/1496 1499/1499/1499
f 1425/1425/1425 1499/1499/1499 1241/1241/1241
f 889/889/889 1280/1280/1280 886/886/886
f 1311/1311/1311 1464/1464/1464 1431/1431/1431
f 1392/1392/1392 1449/1449/1449 1459/1459/1459
f 1320/1320/1320 1394/1394/1394 1516/1516/1516
f 1321/1321/1321 1518/1518/1518 1450/1450/1450
f 1327/1327/1327 1506/1506/1506 1486/1486/1486
f 1243/1243/1243 1501/1501/1501 1433/1433/1433
f 1385/1385/1385 1503/1503/1503 1483/1483/1483
f 1325/1325/1325 1492/1492/1492 1505/1505/1505
f 1468/1468/1468 1509/1509/1509 1472/1472/1472
f 1338/1338/1338 1445/1445/1445 1463/1463/1463
f 1396/1396/1396 1475/1475/1475 1371/1371/1371
f 1374/1374/1374 1470/1470/1470 1493/1493/1493
f 1404/1404/1404 1455/1455/1455 1437/1437/1437
f 1162/1162/1162 1410/1410/1410 1398/1398/1398
f 1373/1373/1373 1477/1477/1477 1382/1382/1382
f 1387/1387/1387 1408/1408/1408 1512/1512/1512
f 1387/1387/1387 1512/1512/1512 1427/1427/1427
f 1421/1421/1421 1513/1513/1513 1487/1487/1487
f 1417/1417/1417 1444/1444/1444 1519/1519/1519
f 1508/1508/1508 1467/1467/1467 1524/1524/1524
f 1412/1412/1412 1544/1544/1544 825/825/825
f 1413/1413/1413 1481/1481/1481 1527/1527/1527
f 1459/1459/1459 1449/1449/1449 1442/1442/1442
f 1393/1393/1393 1279/1279/1279 1529/1529/1529
f 1393/1393/1393 1529/1529/1529 1515/1515/1515
f 1415/1415/1415 1531/1531/1531 1368/1368/1368
f 1467/1467/1467 1452/1452/1452 1524/1524/1524
f 1408/1408/1408 1526/1526/1526 1512/1512/1512
f 1446/1446/1446 1489/1489/1489 1466/1466/1466
f 825/825/825 1544/1544/1544 1249/1249/1249
f 1418/1418/1418 1520/1520/1520 1534/1534/1534
f 1407/1407/1407 1420/1420/1420 1535/1535/1535
f 1407/1407/1407 1535/1535/1535 1525/1525/1525
f 1058/1058/1058 1537/1537/1537 574/574/574
f 1250/1250/1250 1542/1542/1542 1451/1451/1451
f 1443/1443/1443 1450/1450/1450 1518/1518/1518
f 1470/1470/1470 1507/1507/1507 1493/1493/1493
f 574/574/574 1537/1537/1537 1401/1401/1401
f 1383/1383/1383 1478/1478/1478 1502/1502/1502
f 1517/1517/1517 1548/1548/1548 1533/1533/1533
f 1426/1426/1426 1511/1511/1511 1497/1497/1497
f 1423/1423/1423 1435/1435/1435 1553/1553/1553
f 1423/1423/1423 1553/1553/1553 1514/1514/1514
f 1457/1457/1457 1451/1451/1451 1554/1554/1554
f 1503/1503/1503 1560/1560/1560 1483/1483/1483
f 1368/1368/1368 1531/1531/1531 1460/1460/1460
f 1292/1292/1292 1402/1402/1402 1419/1419/1419
f 1488/1488/1488 1564/1564/1564 1465/1465/1465
f 1482/1482/1482 1558/1558/1558 1528/1528/1528
f 1279/1279/1279 1484/1484/1484 1529/1529/1529
f 1464/1464/1464 1563/1563/1563 1431/1431/1431
f 1515/1515/1515 1529/1529/1529 1546/1546/1546
f 1456/1456/1456 1578/1578/1578 1438/1438/1438
f 1504/1504/1504 1480/1480/1480 1561/1561/1561
f 1532/1532/1532 1547/1547/1547 1569/1569/1569
f 1524/1524/1524 1452/1452/1452 1575/1575/1575
f 1507/1507/1507 1522/1522/1522 1493/1493/1493
f 1525/1525/1525 1535/1535/1535 1570/1570/1570
f 1531/1531/1531 1568/1568/1568 1590/1590/1590
f 1460/1460/1460 1531/1531/1531 1593/1593/1593
f 1460/1460/1460 1594/1594/1594 1573/1573/1573
f 1523/1523/1523 1599/1599/1599 1587/1587/1587
f 1457/1457/1457 1554/1554/1554 1579/1579/1579
f 1529/1529/1529 1484/1484/1484 1603/1603/1603
f 1531/1531/1531 1590/1590/1590 1593/1593/1593
f 1492/1492/1492 1608/1608/1608 1505/1505/1505
f 1420/1420/1420 1577/1577/1577 1535/1535/1535
f 1476/1476/1476 1582/1582/1582 1556/1556/1556
f 1461/1461/1461 1575/1575/1575 1452/1452/1452
f 1492/1492/1492 1521/1521/1521 1608/1608/1608
f 1524/1524/1524 1575/1575/1575 1601/1601/1601
f 1521/1521/1521 1586/1586/1586 1608/1608/1608
f 1526/1526/1526 1611/1611/1611 1512/1512/1512
f 1419/1419/1419 1613/1613/1613 1576/1576/1576
f 1566/1566/1566 1491/1491/1491 1616/1616/1616
f 1419/1419/1419 1402/1402/1402 1613/1613/1613
f 1491/1491/1491 1514/1514/1514 1616/1616/1616
f 1411/1411/1411 1617/1617/1617 1399/1399/1399
f 1552/1552/1552 1434/1434/1434 1620/1620/1620
f 1439/1439/1439 1617/1617/1617 1411/1411/1411
f 1584/1584/1584 1479/1479/1479 1624/1624/1624
f 1595/1595/1595 1600/1600/1600 1574/1574/1574
f 1526/1526/1526 1571/1571/1571 1640/1640/1640
f 1526/1526/1526 1640/1640/1640 1611/1611/1611
f 1432/1432/1432 1500/1500/1500 1619/1619/1619
f 1060/1060/1060 1430/1430/1430 1626/1626/1626
f 1062/1062/1062 1628/1628/1628 1540/1540/1540
f 1486/1486/1486 1506/1506/1506 1606/1606/1606
f 1596/1596/1596 1630/1630/1630 1601/1601/1601
f 1505/1505/1505 1608/1608/1608 1604/1604/1604
f 1563/1563/1563 1634/1634/1634 1431/1431/1431
f 1542/1542/1542 1638/1638/1638 1451/1451/1451
f 1541/1541/1541 1246/1246/1246 1760/1760/1760
f 1430/1430/1430 1633/1633/1633 1626/1626/1626
f 1248/1248/1248 1543/1543/1543 1761/1761/1761
f 1559/1559/1559 1585/1585/1585 1647/1647/1647
f 1546/1546/1546 1589/1589/1589 1567/1567/1567
f 1605/1605/1605 1650/1650/1650 1530/1530/1530
f 1588/1588/1588 1602/1602/1602 1609/1609/1609
f 1514/1514/1514 1553/1553/1553 1616/1616/1616
f 1451/1451/1451 1638/1638/1638 1554/1554/1554
f 1597/1597/1597 1591/1591/1591 1651/1651/1651
f 1598/1598/1598 1652/1652/1652 1631/1631/1631
f 1572/1572/1572 1536/1536/1536 1657/1657/1657
f 1572/1572/1572 1657/1657/1657 1643/1643/1643
f 1562/1562/1562 1614/1614/1614 1658/1658/1658
f 1578/1578/1578 1663/1663/1663 1438/1438/1438
f 1592/1592/1592 1549/1549/1549 1653/1653/1653
f 1557/1557/1557 1645/1645/1645 1527/1527/1527
f 1529/1529/1529 1649/1649/1649 1546/1546/1546
f 1602/1602/1602 1632/1632/1632 1609/1609/1609
f 1635/1635/1635 1565/1565/1565 1660/1660/1660
f 1510/1510/1510 1610/1610/1610 1495/1495/1495
f 1648/1648/1648 1603/1603/1603 1607/1607/1607
f 1648/1648/1648 1607/1607/1607 1629/1629/1629
f 1579/1579/1579 1554/1554/1554 1673/1673/1673
f 1580/1580/1580 1675/1675/1675 1665/1665/1665
f 1670/1670/1670 1612/1612/1612 1641/1641/1641
f 1551/1551/1551 1678/1678/1678 1659/1659/1659
f 1551/1551/1551 1659/1659/1659 1615/1615/1615
f 1439/1439/1439 1664/1664/1664 1617/1617/1617
f 1581/1581/1581 1666/1666/1666 1644/1644/1644
f 1642/1642/1642 1656/1656/1656 1671/1671/1671
f 1583/1583/1583 1623/1623/1623 1668/1668/1668
f 1671/1671/1671 1656/1656/1656 1682/1682/1682
f 1535/1535/1535 1577/1577/1577 1655/1655/1655
f 1397/1397/1397 1686/1686/1686 1474/1474/1474
f 1474/1474/1474 1686/1686/1686 1621/1621/1621
f 1399/1399/1399 1617/1617/1617 1690/1690/1690
f 1399/1399/1399 1690/1690/1690 1687/1687/1687
f 1627/1627/1627 1636/1636/1636 1679/1679/1679
f 1671/1671/1671 1682/1682/1682 1685/1685/1685
f 1626/1626/1626 1693/1693/1693 1539/1539/1539
f 1679/1679/1679 1636/1636/1636 1661/1661/1661
f 1669/1669/1669 1684/1684/1684 1696/1696/1696
f 1413/1413/1413 1527/1527/1527 1704/1704/1704
f 1413/1413/1413 1704/1704/1704 1545/1545/1545
f 1625/1625/1625 1676/1676/1676 1692/1692/1692
f 1613/1613/1613 1402/1402/1402 1711/1711/1711
f 1555/1555/1555 1639/1639/1639 1674/1674/1674
f 1527/1527/1527 1645/1645/1645 1704/1704/1704
f 1495/1495/1495 1610/1610/1610 1717/1717/1717
f 1495/1495/1495 1717/1717/1717 1498/1498/1498
f 1664/1664/1664 1701/1701/1701 1617/1617/1617
f 1542/1542/1542 1720/1720/1720 1637/1637/1637
f 1670/1670/1670 1697/1697/1697 1719/1719/1719
f 1670/1670/1670 1719/1719/1719 1612/1612/1612
f 1550/1550/1550 1619/1619/1619 1722/1722/1722
f 1550/1550/1550 1722/1722/1722 1677/1677/1677
f 1665/1665/1665 1675/1675/1675 1710/1710/1710
f 1576/1576/1576 1613/1613/1613 1654/1654/1654
f 1403/1403/1403 1538/1538/1538 1712/1712/1712
f 1697/1697/1697 1729/1729/1729 1737/1737/1737
f 1697/1697/1697 1737/1737/1737 1719/1719/1719
f 1500/1500/1500 1718/1718/1718 1619/1619/1619
f 1618/1618/1618 1703/1703/1703 1691/1691/1691
f 1682/1682/1682 1656/1656/1656 1733/1733/1733
f 1539/1539/1539 1693/1693/1693 1713/1713/1713
f 1680/1680/1680 1724/1724/1724 1694/1694/1694
f 1619/1619/1619 1718/1718/1718 1735/1735/1735
f 1619/1619/1619 1735/1735/1735 1722/1722/1722
f 1644/1644/1644 1666/1666/1666 1738/1738/1738
f 1681/1681/1681 1731/1731/1731 1683/1683/1683
f 1683/1683/1683 1731/1731/1731 1695/1695/1695
f 1613/1613/1613 1711/1711/1711 1654/1654/1654
f 1662/1662/1662 1707/1707/1707 1699/1699/1699
f 1726/1726/1726 1723/1723/1723 1736/1736/1736
f 1725/1725/1725 1746/1746/1746 1721/1721/1721
f 1674/1674/1674 1639/1639/1639 1744/1744/1744
f 1730/1730/1730 1698/1698/1698 1734/1734/1734
f 1724/1724/1724 1751/1751/1751 1694/1694/1694
f 1667/1667/1667 1622/1622/1622 1757/1757/1757
f 1656/1656/1656 1715/1715/1715 1733/1733/1733
f 1666/1666/1666 1756/1756/1756 1738/1738/1738
f 1728/1728/1728 1750/1750/1750 1747/1747/1747
f 1724/1724/1724 1748/1748/1748 1751/1751/1751
f 1545/1545/1545 1704/1704/1704 1763/1763/1763
f 1688/1688/1688 1766/1766/1766 1622/1622/1622
f 1732/1732/1732 1714/1714/1714 1727/1727/1727
f 1542/1542/1542 1764/1764/1764 1720/1720/1720
f 1713/1713/1713 1693/1693/1693 1749/1749/1749
f 1716/1716/1716 1750/1750/1750 1728/1728/1728
f 1708/1708/1708 1740/1740/1740 1700/1700/1700
f 1622/1622/1622 1766/1766/1766 1757/1757/1757
f 1672/1672/1672 1741/1741/1741 1709/1709/1709
f 1706/1706/1706 1646/1646/1646 1772/1772/1772
f 1705/1705/1705 1770/1770/1770 1777/1777/1777
f 1646/1646/1646 1739/1739/1739 1772/1772/1772
f 1689/1689/1689 1755/1755/1755 1768/1768/1768
f 1701/1701/1701 1779/1779/1779 1690/1690/1690
f 1702/1702/1702 1745/1745/1745 1782/1782/1782
f 1637/1637/1637 1720/1720/1720 1742/1742/1742
f 1704/1704/1704 1775/1775/1775 1763/1763/1763
f 1739/1739/1739 1759/1759/1759 1772/1772/1772
f 1690/1690/1690 1779/1779/1779 1783/1783/1783
f 1690/1690/1690 1783/1783/1783 1788/1788/1788
f 1690/1690/1690 1788/1788/1788 1687/1687/1687
f 1686/1686/1686 1786/1786/1786 1752/1752/1752
f 1758/1758/1758 1767/1767/1767 1771/1771/1771
f 1780/1780/1780 1743/1743/1743 1797/1797/1797
f 1742/1742/1742 1720/1720/1720 1795/1795/1795
f 1781/1781/1781 1791/1791/1791 1784/1784/1784
f 1769/1769/1769 1804/1804/1804 1773/1773/1773
f 1773/1773/1773 1804/1804/1804 1807/1807/1807
f 1778/1778/1778 1793/1793/1793 1790/1790/1790
f 1770/1770/1770 1806/1806/1806 1777/1777/1777
f 1720/1720/1720 1764/1764/1764 1809/1809/1809
f 1720/1720/1720 1809/1809/1809 1796/1796/1796
f 1762/1762/1762 1774/1774/1774 1808/1808/1808
f 1765/1765/1765 1754/1754/1754 1801/1801/1801
f 1790/1790/1790 1794/1794/1794 1821/1821/1821
f 1784/1784/1784 1791/1791/1791 1812/1812/1812
f 1785/1785/1785 1813/1813/1813 1817/1817/1817
f 1785/1785/1785 1817/1817/1817 1789/1789/1789
f 1791/1791/1791 1819/1819/1819 1812/1812/1812
f 1792/1792/1792 1822/1822/1822 1820/1820/1820
f 1787/1787/1787 1815/1815/1815 1753/1753/1753
f 1753/1753/1753 1815/1815/1815 1800/1800/1800
f 1816/1816/1816 1812/1812/1812 1830/1830/1830
f 1814/1814/1814 1820/1820/1820 1831/1831/1831
f 1806/1806/1806 1802/1802/1802 1827/1827/1827
f 1805/1805/1805 1826/1826/1826 1776/1776/1776
f 1810/1810/1810 1776/1776/1776 1824/1824/1824
f 1830/1830/1830 1835/1835/1835 1816/1816/1816
f 1776/1776/1776 1826/1826/1826 1824/1824/1824
f 1811/1811/1811 1825/1825/1825 1798/1798/1798
f 1818/1818/1818 1821/1821/1821 1829/1829/1829
f 1794/1794/1794 1823/1823/1823 1821/1821/1821
f 1815/1815/1815 1832/1832/1832 1800/1800/1800
f 1829/1829/1829 1821/1821/1821 1823/1823/1823
f 1799/1799/1799 1833/1833/1833 1836/1836/1836
f 1829/1829/1829 1823/1823/1823 1834/1834/1834
f 1803/1803/1803 1839/1839/1839 1828/1828/1828
f 1826/1826/1826 1838/1838/1838 1824/1824/1824
f 1834/1834/1834 1823/1823/1823 1837/1837/1837
