# 由 henjicc/yipiantian 的 lingcao_shengling_young 转换而来（见 manifest.json）
mtllib lingcao_shengling_young.mtl
o lingcao_shengling_young
v -0.00531 0.00012 -0.01033
v -0.00531 0.00012 -0.01033
v -0.01705 0.00330 0.00422
v -0.01705 0.00330 0.00422
v -0.01705 0.00330 0.00422
v -0.01705 0.00330 0.00422
v -0.02514 0.00619 -0.02856
v -0.02514 0.00619 -0.02856
v -0.02514 0.00619 -0.02856
v -0.02514 0.00619 -0.02856
v 0.00109 0.00859 -0.03647
v 0.00109 0.00859 -0.03647
v 0.00109 0.00859 -0.03647
v 0.00109 0.00859 -0.03647
v -0.04012 0.01144 -0.00348
v -0.04012 0.01144 -0.00348
v -0.04012 0.01144 -0.00348
v -0.04012 0.01144 -0.00348
v -0.04012 0.01144 -0.00348
v 0.00275 0.00469 0.00529
v 0.00275 0.00469 0.00529
v 0.00275 0.00469 0.00529
v 0.00558 0.00662 0.01240
v 0.00558 0.00662 0.01240
v 0.00558 0.00662 0.01240
v 0.00558 0.00662 0.01240
v -0.00068 0.00711 -0.00244
v -0.00068 0.00711 -0.00244
v -0.00068 0.00711 -0.00244
v -0.00068 0.00711 -0.00244
v -0.00068 0.00711 -0.00244
v -0.00068 0.00711 -0.00244
v -0.03223 0.01752 0.01330
v -0.03223 0.01752 0.01330
v -0.03223 0.01752 0.01330
v -0.03223 0.01752 0.01330
v -0.00782 0.00858 0.04186
v -0.00782 0.00858 0.04186
v -0.00782 0.00858 0.04186
v -0.00617 0.00718 0.01193
v -0.00617 0.00718 0.01193
v -0.00617 0.00718 0.01193
v -0.00617 0.00718 0.01193
v -0.01976 0.00849 0.01037
v -0.01976 0.00849 0.01037
v -0.01976 0.00849 0.01037
v -0.01976 0.00849 0.01037
v 0.00254 0.01033 0.01740
v 0.00254 0.01033 0.01740
v 0.00254 0.01033 0.01740
v 0.00254 0.01033 0.01740
v 0.00254 0.01033 0.01740
v 0.01022 0.00463 -0.00324
v 0.01022 0.00463 -0.00324
v 0.01022 0.00463 -0.00324
v 0.01022 0.00463 -0.00324
v 0.01022 0.00463 -0.00324
v 0.00408 0.00798 -0.02065
v 0.00408 0.00798 -0.02065
v 0.00408 0.00798 -0.02065
v 0.00408 0.00798 -0.02065
v -0.03418 0.01632 0.03071
v -0.03418 0.01632 0.03071
v -0.03418 0.01632 0.03071
v -0.03418 0.01632 0.03071
v 0.00816 0.01203 0.00491
v 0.00816 0.01203 0.00491
v 0.00816 0.01203 0.00491
v 0.00816 0.01203 0.00491
v 0.00816 0.01203 0.00491
v 0.02384 0.01288 -0.03060
v 0.02384 0.01288 -0.03060
v 0.02384 0.01288 -0.03060
v 0.02384 0.01288 -0.03060
v 0.01602 0.00900 0.03156
v 0.01602 0.00900 0.03156
v 0.01602 0.00900 0.03156
v 0.01500 0.00822 0.00388
v 0.01500 0.00822 0.00388
v 0.01500 0.00822 0.00388
v 0.01500 0.00822 0.00388
v 0.03553 0.01110 0.01629
v 0.03553 0.01110 0.01629
v 0.03553 0.01110 0.01629
v 0.00545 0.01991 -0.03939
v 0.00545 0.01991 -0.03939
v 0.00545 0.01991 -0.03939
v 0.00545 0.01991 -0.03939
v 0.00889 0.01708 0.03759
v 0.00889 0.01708 0.03759
v 0.03054 0.01452 -0.00182
v 0.03054 0.01452 -0.00182
v 0.03054 0.01452 -0.00182
v 0.03054 0.01452 -0.00182
v -0.03735 0.02997 -0.03704
v -0.03735 0.02997 -0.03704
v -0.03735 0.02997 -0.03704
v -0.03735 0.02997 -0.03704
v -0.01667 0.03368 -0.05362
v -0.01667 0.03368 -0.05362
v 0.04270 0.02634 -0.00337
v 0.04270 0.02634 -0.00337
v 0.04270 0.02634 -0.00337
v 0.04270 0.02634 -0.00337
v -0.05096 0.02873 -0.00582
v -0.05096 0.02873 -0.00582
v 0.04069 0.02583 -0.01938
v 0.04069 0.02583 -0.01938
v 0.04069 0.02583 -0.01938
v -0.00114 0.03263 -0.05125
v -0.00114 0.03263 -0.05125
v -0.00114 0.03263 -0.05125
v 0.04976 0.02968 0.00856
v 0.04976 0.02968 0.00856
v 0.04976 0.02968 0.00856
v -0.00101 0.03486 0.06285
v -0.00101 0.03486 0.06285
v -0.00101 0.03486 0.06285
v -0.03153 0.03471 0.05220
v -0.03153 0.03471 0.05220
v -0.03153 0.03471 0.05220
v -0.03153 0.03471 0.05220
v 0.02639 0.02803 0.04951
v 0.02639 0.02803 0.04951
v 0.02639 0.02803 0.04951
v -0.04042 0.03423 0.01375
v -0.04042 0.03423 0.01375
v -0.04042 0.03423 0.01375
v -0.04042 0.03423 0.01375
v -0.04042 0.03423 0.01375
v 0.04638 0.03110 0.02790
v 0.04638 0.03110 0.02790
v 0.04638 0.03110 0.02790
v 0.01403 0.03873 0.05253
v 0.01403 0.03873 0.05253
v 0.01403 0.03873 0.05253
v 0.01403 0.03873 0.05253
v 0.01403 0.03873 0.05253
v 0.02577 0.04164 -0.04739
v 0.02577 0.04164 -0.04739
v -0.04489 0.04002 0.03618
v -0.04489 0.04002 0.03618
v 0.03907 0.03484 -0.00308
v 0.03907 0.03484 -0.00308
v 0.03907 0.03484 -0.00308
v 0.03907 0.03484 -0.00308
v 0.03907 0.03484 -0.00308
v 0.04285 0.04670 -0.02817
v 0.04285 0.04670 -0.02817
v -0.05384 0.04901 -0.01594
v -0.05384 0.04901 -0.01594
v 0.02554 0.05604 0.05527
v 0.02554 0.05604 0.05527
v 0.02554 0.05604 0.05527
v -0.04846 0.04985 0.00387
v -0.04846 0.04985 0.00387
v -0.04846 0.04985 0.00387
v -0.04275 0.05448 0.04506
v -0.04275 0.05448 0.04506
v -0.04275 0.05448 0.04506
v -0.02506 0.03085 0.00672
v -0.02506 0.03085 0.00672
v -0.02506 0.03085 0.00672
v -0.02619 0.04254 0.01465
v -0.02619 0.04254 0.01465
v -0.02619 0.04254 0.01465
v -0.02619 0.04254 0.01465
v -0.02619 0.04254 0.01465
v -0.02619 0.04254 0.01465
v 0.04111 0.05381 -0.01124
v 0.04111 0.05381 -0.01124
v 0.04111 0.05381 -0.01124
v 0.05025 0.05537 0.00632
v 0.05025 0.05537 0.00632
v 0.05523 0.05494 0.02213
v 0.05523 0.05494 0.02213
v 0.05523 0.05494 0.02213
v 0.04242 0.05390 0.04451
v 0.04242 0.05390 0.04451
v -0.00480 0.03622 -0.01699
v -0.00480 0.03622 -0.01699
v -0.00480 0.03622 -0.01699
v -0.00480 0.03622 -0.01699
v -0.00005 0.03939 -0.01331
v -0.00005 0.03939 -0.01331
v -0.00005 0.03939 -0.01331
v -0.00092 0.05565 -0.04526
v -0.00092 0.05565 -0.04526
v -0.00092 0.05565 -0.04526
v -0.00092 0.05565 -0.04526
v 0.02670 0.03610 0.00325
v 0.02670 0.03610 0.00325
v 0.02670 0.03610 0.00325
v 0.02670 0.03610 0.00325
v 0.02670 0.03610 0.00325
v 0.03539 0.07014 -0.02173
v 0.03539 0.07014 -0.02173
v 0.02325 0.05766 -0.01793
v 0.02325 0.05766 -0.01793
v 0.02325 0.05766 -0.01793
v -0.01379 0.04755 -0.01566
v -0.01379 0.04755 -0.01566
v -0.01379 0.04755 -0.01566
v -0.01379 0.04755 -0.01566
v -0.03749 0.05558 -0.04176
v -0.03749 0.05558 -0.04176
v 0.00737 0.06280 -0.05192
v 0.00737 0.06280 -0.05192
v 0.00737 0.06280 -0.05192
v -0.04265 0.05517 0.02415
v -0.04265 0.05517 0.02415
v -0.04265 0.05517 0.02415
v -0.04265 0.05517 0.02415
v 0.01230 0.03760 0.01531
v 0.01230 0.03760 0.01531
v 0.01230 0.03760 0.01531
v 0.01230 0.03760 0.01531
v 0.04336 0.07940 0.01427
v 0.04336 0.07940 0.01427
v 0.04336 0.07940 0.01427
v -0.00033 0.05258 0.06667
v -0.00033 0.05258 0.06667
v -0.00033 0.05258 0.06667
v 0.00258 0.03742 0.02713
v 0.00258 0.03742 0.02713
v 0.00258 0.03742 0.02713
v 0.00258 0.03742 0.02713
v -0.02521 0.05971 0.06054
v -0.02521 0.05971 0.06054
v 0.02289 0.06474 -0.01002
v 0.02289 0.06474 -0.01002
v 0.02289 0.06474 -0.01002
v 0.02289 0.06474 -0.01002
v 0.02289 0.06474 -0.01002
v 0.00173 0.05778 0.03885
v 0.00173 0.05778 0.03885
v -0.02053 0.04803 0.02082
v -0.02053 0.04803 0.02082
v -0.02053 0.04803 0.02082
v -0.02053 0.04803 0.02082
v -0.02053 0.04803 0.02082
v -0.03883 0.08368 0.00979
v -0.03883 0.08368 0.00979
v 0.01334 0.06208 0.03118
v 0.01334 0.06208 0.03118
v 0.01334 0.06208 0.03118
v 0.01334 0.06208 0.03118
v 0.00299 0.07085 0.02788
v 0.00299 0.07085 0.02788
v 0.00299 0.07085 0.02788
v 0.00299 0.07085 0.02788
v 0.00299 0.07085 0.02788
v 0.00299 0.07085 0.02788
v 0.01034 0.06274 -0.00479
v 0.01034 0.06274 -0.00479
v 0.01034 0.06274 -0.00479
v 0.01034 0.06274 -0.00479
v 0.01034 0.06274 -0.00479
v -0.00956 0.08770 -0.04913
v -0.00956 0.08770 -0.04913
v 0.01221 0.05630 0.05029
v 0.01221 0.05630 0.05029
v 0.01221 0.05630 0.05029
v 0.01221 0.05630 0.05029
v -0.03734 0.09030 -0.00749
v -0.03734 0.09030 -0.00749
v 0.00223 0.05891 -0.03273
v 0.00223 0.05891 -0.03273
v 0.00223 0.05891 -0.03273
v 0.00223 0.05891 -0.03273
v -0.03824 0.08778 -0.01464
v -0.03824 0.08778 -0.01464
v -0.03824 0.08778 -0.01464
v -0.03824 0.08778 -0.01464
v -0.03824 0.08778 -0.01464
v -0.01702 0.06020 -0.00959
v -0.01702 0.06020 -0.00959
v -0.01702 0.06020 -0.00959
v -0.01702 0.06020 -0.00959
v 0.00132 0.05658 -0.00748
v 0.00132 0.05658 -0.00748
v 0.00132 0.05658 -0.00748
v 0.00132 0.05658 -0.00748
v 0.00132 0.05658 -0.00748
v -0.00743 0.07057 -0.02221
v -0.00743 0.07057 -0.02221
v -0.00743 0.07057 -0.02221
v -0.00743 0.07057 -0.02221
v -0.02944 0.08732 0.03838
v -0.02944 0.08732 0.03838
v -0.02944 0.08732 0.03838
v -0.02944 0.08732 0.03838
v -0.02944 0.08732 0.03838
v -0.02944 0.08732 0.03838
v -0.01820 0.06113 0.02215
v -0.01820 0.06113 0.02215
v -0.01820 0.06113 0.02215
v -0.01820 0.06113 0.02215
v -0.02879 0.07253 -0.01286
v -0.02879 0.07253 -0.01286
v -0.02879 0.07253 -0.01286
v -0.02879 0.07253 -0.01286
v 0.00657 0.09246 -0.05257
v 0.00657 0.09246 -0.05257
v 0.00657 0.09246 -0.05257
v 0.00657 0.09246 -0.05257
v 0.02490 0.08179 0.02252
v 0.02490 0.08179 0.02252
v 0.02490 0.08179 0.02252
v 0.02869 0.09193 -0.04479
v 0.02869 0.09193 -0.04479
v 0.02869 0.09193 -0.04479
v 0.02869 0.09193 -0.04479
v 0.00477 0.11991 0.05523
v 0.00477 0.11991 0.05523
v -0.00412 0.06290 0.01577
v -0.00412 0.06290 0.01577
v -0.00412 0.06290 0.01577
v -0.00412 0.06290 0.01577
v -0.00412 0.06290 0.01577
v -0.01314 0.06301 0.01499
v -0.01314 0.06301 0.01499
v -0.01314 0.06301 0.01499
v -0.01314 0.06301 0.01499
v -0.01314 0.06301 0.01499
v -0.01314 0.06301 0.01499
v -0.01314 0.06301 0.01499
v -0.01675 0.07320 0.03356
v -0.01675 0.07320 0.03356
v -0.01675 0.07320 0.03356
v 0.01036 0.08046 0.05725
v 0.01036 0.08046 0.05725
v 0.01036 0.08046 0.05725
v 0.00204 0.09706 0.06131
v 0.00204 0.09706 0.06131
v 0.00204 0.09706 0.06131
v -0.00954 0.07998 -0.00718
v -0.00954 0.07998 -0.00718
v -0.00954 0.07998 -0.00718
v -0.00954 0.07998 -0.00718
v 0.00191 0.08076 -0.00600
v 0.00191 0.08076 -0.00600
v 0.00191 0.08076 -0.00600
v 0.00191 0.08076 -0.00600
v 0.00191 0.08076 -0.00600
v 0.00191 0.08076 -0.00600
v -0.01459 0.10794 0.05733
v -0.01459 0.10794 0.05733
v -0.01459 0.10794 0.05733
v -0.01459 0.10794 0.05733
v -0.01459 0.10794 0.05733
v 0.02201 0.10197 0.04926
v 0.02201 0.10197 0.04926
v 0.02201 0.10197 0.04926
v 0.02201 0.10197 0.04926
v -0.03419 0.09018 -0.03572
v -0.03419 0.09018 -0.03572
v -0.03419 0.09018 -0.03572
v -0.03419 0.09018 -0.03572
v -0.03395 0.12255 0.02763
v -0.03395 0.12255 0.02763
v -0.03395 0.12255 0.02763
v 0.00237 0.07916 0.00565
v 0.00237 0.07916 0.00565
v 0.00237 0.07916 0.00565
v 0.00237 0.07916 0.00565
v 0.00237 0.07916 0.00565
v 0.00237 0.07916 0.00565
v 0.00237 0.07916 0.00565
v 0.00237 0.07916 0.00565
v 0.01170 0.10069 0.03714
v 0.01170 0.10069 0.03714
v 0.01170 0.10069 0.03714
v 0.01170 0.10069 0.03714
v -0.01520 0.07225 0.01387
v -0.01520 0.07225 0.01387
v -0.01520 0.07225 0.01387
v -0.01520 0.07225 0.01387
v -0.01520 0.07225 0.01387
v -0.01520 0.07225 0.01387
v 0.02755 0.12183 0.03239
v 0.02755 0.12183 0.03239
v 0.02755 0.12183 0.03239
v 0.02755 0.12183 0.03239
v 0.02755 0.12183 0.03239
v 0.00572 0.10775 0.02348
v 0.00572 0.10775 0.02348
v 0.00572 0.10775 0.02348
v 0.00572 0.10775 0.02348
v 0.00572 0.10775 0.02348
v 0.00572 0.10775 0.02348
v 0.00572 0.10775 0.02348
v 0.00572 0.10775 0.02348
v 0.01591 0.08573 0.00563
v 0.01591 0.08573 0.00563
v 0.01591 0.08573 0.00563
v 0.01591 0.08573 0.00563
v -0.00545 0.07780 -0.03724
v -0.00545 0.07780 -0.03724
v -0.00545 0.07780 -0.03724
v -0.00545 0.07780 -0.03724
v -0.00545 0.07780 -0.03724
v -0.00545 0.07780 -0.03724
v -0.03547 0.10408 0.00974
v -0.03547 0.10408 0.00974
v -0.03547 0.10408 0.00974
v -0.02599 0.10673 -0.00652
v -0.02599 0.10673 -0.00652
v -0.02599 0.10673 -0.00652
v -0.02599 0.10673 -0.00652
v -0.01432 0.08150 -0.01494
v -0.01432 0.08150 -0.01494
v -0.01432 0.08150 -0.01494
v -0.00756 0.10798 0.04316
v -0.00756 0.10798 0.04316
v -0.00756 0.10798 0.04316
v 0.03385 0.08693 -0.02784
v 0.03385 0.08693 -0.02784
v 0.03385 0.08693 -0.02784
v 0.03385 0.08693 -0.02784
v 0.00895 0.08924 -0.03615
v 0.00895 0.08924 -0.03615
v 0.00895 0.08924 -0.03615
v 0.00389 0.14347 0.06159
v 0.00389 0.14347 0.06159
v 0.00389 0.14347 0.06159
v 0.00389 0.14347 0.06159
v 0.00389 0.14347 0.06159
v 0.00389 0.14347 0.06159
v 0.00389 0.14347 0.06159
v -0.01004 0.09226 -0.02024
v -0.01004 0.09226 -0.02024
v -0.01004 0.09226 -0.02024
v -0.01004 0.09226 -0.02024
v -0.01004 0.09226 -0.02024
v 0.00618 0.10781 -0.04695
v 0.00618 0.10781 -0.04695
v 0.00618 0.10781 -0.04695
v 0.00618 0.10781 -0.04695
v 0.00618 0.10781 -0.04695
v 0.00618 0.10781 -0.04695
v 0.01176 0.11262 -0.00004
v 0.01176 0.11262 -0.00004
v 0.01176 0.11262 -0.00004
v 0.01176 0.11262 -0.00004
v 0.04279 0.09932 0.03809
v 0.04279 0.09932 0.03809
v 0.01999 0.09815 -0.05424
v 0.01999 0.09815 -0.05424
v 0.01999 0.09815 -0.05424
v 0.00147 0.10685 0.02353
v 0.00147 0.10685 0.02353
v 0.00147 0.10685 0.02353
v 0.00147 0.10685 0.02353
v 0.00147 0.10685 0.02353
v -0.02335 0.09624 -0.02126
v -0.02335 0.09624 -0.02126
v -0.02335 0.09624 -0.02126
v -0.02335 0.09624 -0.02126
v -0.02335 0.09624 -0.02126
v -0.02313 0.10004 0.01593
v -0.02313 0.10004 0.01593
v -0.03154 0.11404 -0.01806
v -0.03154 0.11404 -0.01806
v -0.03154 0.11404 -0.01806
v -0.03154 0.11404 -0.01806
v -0.00822 0.10272 0.00758
v -0.00822 0.10272 0.00758
v -0.00822 0.10272 0.00758
v -0.00822 0.10272 0.00758
v -0.00822 0.10272 0.00758
v -0.00822 0.10272 0.00758
v -0.01660 0.12145 -0.02333
v -0.01660 0.12145 -0.02333
v -0.01660 0.12145 -0.02333
v -0.01569 0.10704 0.03194
v -0.01569 0.10704 0.03194
v -0.01569 0.10704 0.03194
v -0.00631 0.11483 -0.04853
v -0.00631 0.11483 -0.04853
v -0.00631 0.11483 -0.04853
v 0.01776 0.10342 -0.04379
v 0.01776 0.10342 -0.04379
v -0.01249 0.13831 -0.05509
v -0.01249 0.13831 -0.05509
v -0.01249 0.13831 -0.05509
v -0.01249 0.13831 -0.05509
v -0.01249 0.13831 -0.05509
v -0.01249 0.13831 -0.05509
v -0.01249 0.13831 -0.05509
v 0.01698 0.11828 0.06499
v 0.01698 0.11828 0.06499
v 0.01698 0.11828 0.06499
v 0.03709 0.10461 -0.03652
v 0.03709 0.10461 -0.03652
v 0.03709 0.10461 -0.03652
v 0.03709 0.10461 -0.03652
v 0.01397 0.12357 -0.00761
v 0.01397 0.12357 -0.00761
v 0.00348 0.10946 -0.01295
v 0.00348 0.10946 -0.01295
v 0.00348 0.10946 -0.01295
v 0.00348 0.10946 -0.01295
v 0.00348 0.10946 -0.01295
v -0.00300 0.10092 -0.02222
v -0.00300 0.10092 -0.02222
v -0.00300 0.10092 -0.02222
v -0.00300 0.10092 -0.02222
v -0.00300 0.10092 -0.02222
v 0.00226 0.10388 -0.03494
v 0.00226 0.10388 -0.03494
v 0.00226 0.10388 -0.03494
v 0.00226 0.10388 -0.03494
v -0.02895 0.11123 -0.04163
v -0.02895 0.11123 -0.04163
v 0.00638 0.13052 0.00529
v 0.00638 0.13052 0.00529
v 0.00638 0.13052 0.00529
v 0.04408 0.12841 0.02744
v 0.04408 0.12841 0.02744
v 0.04408 0.12841 0.02744
v -0.01217 0.15103 0.01729
v -0.01217 0.15103 0.01729
v -0.01217 0.15103 0.01729
v -0.01217 0.15103 0.01729
v -0.03346 0.12019 -0.02325
v -0.03346 0.12019 -0.02325
v -0.03346 0.12019 -0.02325
v 0.01067 0.12057 0.02125
v 0.01067 0.12057 0.02125
v 0.01067 0.12057 0.02125
v -0.02176 0.13796 0.04780
v -0.02176 0.13796 0.04780
v -0.02176 0.13796 0.04780
v -0.02176 0.13796 0.04780
v -0.02176 0.13796 0.04780
v 0.00195 0.13805 -0.00089
v 0.00195 0.13805 -0.00089
v 0.00195 0.13805 -0.00089
v 0.00195 0.13805 -0.00089
v 0.04029 0.11558 -0.05113
v 0.04029 0.11558 -0.05113
v 0.04029 0.11558 -0.05113
v 0.04029 0.11558 -0.05113
v 0.04029 0.11558 -0.05113
v -0.01135 0.14357 -0.05352
v -0.01135 0.14357 -0.05352
v -0.01135 0.14357 -0.05352
v -0.01135 0.14357 -0.05352
v -0.01135 0.14357 -0.05352
v 0.02078 0.12894 -0.06964
v 0.02078 0.12894 -0.06964
v 0.02078 0.12894 -0.06964
v 0.02078 0.12894 -0.06964
v 0.01318 0.12356 -0.07961
v 0.01318 0.12356 -0.07961
v 0.01318 0.12356 -0.07961
v 0.00501 0.13204 0.02918
v 0.00501 0.13204 0.02918
v 0.00468 0.13132 0.07441
v 0.00468 0.13132 0.07441
v 0.00468 0.13132 0.07441
v 0.01370 0.13689 0.02369
v 0.01370 0.13689 0.02369
v 0.01370 0.13689 0.02369
v 0.01370 0.13689 0.02369
v 0.02575 0.12845 0.05434
v 0.02575 0.12845 0.05434
v 0.02514 0.14524 0.04958
v 0.02514 0.14524 0.04958
v 0.02514 0.14524 0.04958
v 0.02514 0.14524 0.04958
v 0.02514 0.14524 0.04958
v -0.01165 0.10790 -0.00913
v -0.01165 0.10790 -0.00913
v -0.01165 0.10790 -0.00913
v -0.02564 0.14721 -0.05517
v -0.02564 0.14721 -0.05517
v -0.02564 0.14721 -0.05517
v -0.02564 0.14721 -0.05517
v -0.02564 0.14721 -0.05517
v 0.02177 0.12878 -0.08975
v 0.02177 0.12878 -0.08975
v 0.02177 0.12878 -0.08975
v 0.02177 0.12878 -0.08975
v 0.02177 0.12878 -0.08975
v 0.01218 0.15737 0.05164
v 0.01218 0.15737 0.05164
v 0.01218 0.15737 0.05164
v -0.04244 0.16598 -0.04388
v -0.04244 0.16598 -0.04388
v -0.04244 0.16598 -0.04388
v -0.04244 0.16598 -0.04388
v 0.04165 0.13223 0.04660
v 0.04165 0.13223 0.04660
v 0.04165 0.13223 0.04660
v 0.04165 0.13223 0.04660
v -0.01806 0.13652 0.03630
v -0.01806 0.13652 0.03630
v -0.01806 0.13652 0.03630
v -0.02979 0.13013 0.03153
v -0.02979 0.13013 0.03153
v 0.01884 0.18510 0.05278
v 0.01884 0.18510 0.05278
v 0.01884 0.18510 0.05278
v -0.01025 0.16750 0.03220
v -0.01025 0.16750 0.03220
v -0.01025 0.16750 0.03220
v -0.01025 0.16750 0.03220
v -0.01025 0.16750 0.03220
v 0.00318 0.13223 -0.02198
v 0.00318 0.13223 -0.02198
v -0.00657 0.14978 0.01014
v -0.00657 0.14978 0.01014
v 0.01070 0.13339 0.02704
v 0.01070 0.13339 0.02704
v 0.01070 0.13339 0.02704
v 0.01070 0.13339 0.02704
v 0.01070 0.13339 0.02704
v 0.02141 0.13475 -0.02328
v 0.02141 0.13475 -0.02328
v 0.02141 0.13475 -0.02328
v 0.02141 0.13475 -0.02328
v 0.02141 0.13475 -0.02328
v -0.02179 0.14736 -0.01159
v -0.02179 0.14736 -0.01159
v -0.02179 0.14736 -0.01159
v -0.02179 0.14736 -0.01159
v -0.02179 0.14736 -0.01159
v -0.02179 0.14736 -0.01159
v -0.02482 0.14994 0.01157
v -0.02482 0.14994 0.01157
v -0.02482 0.14994 0.01157
v -0.03816 0.13437 -0.02532
v -0.03816 0.13437 -0.02532
v -0.03816 0.13437 -0.02532
v -0.03816 0.13437 -0.02532
v -0.03816 0.13437 -0.02532
v 0.03490 0.12680 -0.09448
v 0.03490 0.12680 -0.09448
v 0.03490 0.12680 -0.09448
v 0.03490 0.12680 -0.09448
v -0.00283 0.14390 -0.01727
v -0.00283 0.14390 -0.01727
v -0.00283 0.14390 -0.01727
v -0.00283 0.14390 -0.01727
v -0.01731 0.16696 -0.05802
v -0.01731 0.16696 -0.05802
v -0.01731 0.16696 -0.05802
v 0.03984 0.12373 -0.07357
v 0.03984 0.12373 -0.07357
v -0.03341 0.15275 -0.02786
v 0.00557 0.13954 -0.02910
v 0.00557 0.13954 -0.02910
v 0.00557 0.13954 -0.02910
v 0.00916 0.14140 -0.07614
v 0.00916 0.14140 -0.07614
v -0.00788 0.16114 0.07406
v -0.00788 0.16114 0.07406
v -0.00788 0.16114 0.07406
v 0.00087 0.16019 0.07025
v 0.00087 0.16019 0.07025
v 0.00087 0.16019 0.07025
v 0.00087 0.16019 0.07025
v -0.02825 0.15406 -0.04050
v -0.02825 0.15406 -0.04050
v -0.02825 0.15406 -0.04050
v 0.01997 0.13387 0.08470
v 0.01997 0.13387 0.08470
v 0.01997 0.13387 0.08470
v 0.01997 0.13387 0.08470
v -0.03382 0.17882 -0.01157
v -0.03382 0.17882 -0.01157
v -0.03382 0.17882 -0.01157
v 0.03201 0.15166 0.07009
v 0.03201 0.15166 0.07009
v 0.03201 0.15166 0.07009
v 0.03201 0.15166 0.07009
v 0.00049 0.14626 -0.06648
v 0.00049 0.14626 -0.06648
v 0.00049 0.14626 -0.06648
v 0.00049 0.14626 -0.06648
v 0.02142 0.13136 -0.11440
v 0.02142 0.13136 -0.11440
v 0.02142 0.13136 -0.11440
v 0.02142 0.13136 -0.11440
v 0.02142 0.13136 -0.11440
v 0.00800 0.14560 0.08686
v 0.00800 0.14560 0.08686
v 0.00800 0.14560 0.08686
v -0.03243 0.16661 0.02167
v 0.00165 0.15148 -0.06437
v 0.00165 0.15148 -0.06437
v 0.00165 0.15148 -0.06437
v -0.02483 0.19541 0.00187
v -0.02973 0.19460 -0.01305
v -0.02973 0.19460 -0.01305
v -0.02973 0.19460 -0.01305
v 0.01301 0.14454 -0.11065
v 0.01301 0.14454 -0.11065
v 0.01301 0.14454 -0.11065
v 0.04694 0.15468 0.05199
v 0.04694 0.15468 0.05199
v 0.04694 0.15468 0.05199
v 0.04694 0.15468 0.05199
v 0.04694 0.15468 0.05199
v 0.00540 0.16438 -0.01332
v 0.00540 0.16438 -0.01332
v 0.00540 0.16438 -0.01332
v 0.05138 0.14606 0.03558
v 0.05138 0.14606 0.03558
v 0.05138 0.14606 0.03558
v 0.05138 0.14606 0.03558
v 0.01983 0.14400 -0.09496
v 0.01983 0.14400 -0.09496
v 0.03855 0.15263 0.04904
v 0.03855 0.15263 0.04904
v -0.05236 0.15502 -0.03540
v -0.05236 0.15502 -0.03540
v -0.05236 0.15502 -0.03540
v -0.05236 0.15502 -0.03540
v -0.00829 0.15925 -0.00564
v -0.00829 0.15925 -0.00564
v -0.00829 0.15925 -0.00564
v 0.01331 0.16501 -0.00031
v 0.01331 0.16501 -0.00031
v 0.01331 0.16501 -0.00031
v 0.01515 0.14104 0.10721
v 0.01515 0.14104 0.10721
v 0.01515 0.14104 0.10721
v 0.02287 0.14982 0.04588
v 0.02287 0.14982 0.04588
v 0.02287 0.14982 0.04588
v 0.02287 0.14982 0.04588
v -0.00409 0.16231 -0.02155
v -0.00409 0.16231 -0.02155
v -0.00769 0.17264 0.03119
v -0.00769 0.17264 0.03119
v -0.00769 0.17264 0.03119
v -0.03027 0.17497 0.05039
v -0.03027 0.17497 0.05039
v 0.00489 0.16686 -0.12529
v 0.00489 0.16686 -0.12529
v 0.00489 0.16686 -0.12529
v 0.00720 0.15188 0.12307
v 0.00720 0.15188 0.12307
v 0.00720 0.15188 0.12307
v 0.04930 0.16326 0.07040
v 0.04930 0.16326 0.07040
v 0.04930 0.16326 0.07040
v 0.03099 0.15183 -0.01820
v 0.03099 0.15183 -0.01820
v -0.01201 0.16282 -0.14167
v -0.01201 0.16282 -0.14167
v -0.01201 0.16282 -0.14167
v -0.01201 0.16282 -0.14167
v 0.01605 0.16833 0.05567
v 0.01605 0.16833 0.05567
v 0.01605 0.16833 0.05567
v 0.01605 0.16833 0.05567
v 0.03270 0.16561 -0.00790
v 0.03270 0.16561 -0.00790
v 0.03270 0.16561 -0.00790
v -0.02503 0.14917 -0.00247
v -0.02503 0.14917 -0.00247
v -0.02503 0.14917 -0.00247
v -0.02503 0.14917 -0.00247
v -0.02503 0.14917 -0.00247
v 0.01211 0.20358 0.06464
v 0.01211 0.20358 0.06464
v 0.01211 0.20358 0.06464
v 0.01326 0.15894 0.01508
v 0.01326 0.15894 0.01508
v 0.01326 0.15894 0.01508
v 0.00919 0.16896 0.00208
v 0.00919 0.16896 0.00208
v 0.00919 0.16896 0.00208
v 0.00919 0.16896 0.00208
v 0.00919 0.16896 0.00208
v 0.05816 0.15668 0.04695
v 0.05816 0.15668 0.04695
v 0.05816 0.15668 0.04695
v -0.02714 0.17457 -0.06719
v -0.02714 0.17457 -0.06719
v -0.02714 0.17457 -0.06719
v -0.02714 0.17457 -0.06719
v -0.02714 0.17457 -0.06719
v -0.03334 0.18803 -0.04661
v -0.03334 0.18803 -0.04661
v -0.03334 0.18803 -0.04661
v -0.00787 0.17616 -0.09460
v -0.00787 0.17616 -0.09460
v -0.00787 0.17616 -0.09460
v -0.00787 0.17616 -0.09460
v 0.00427 0.17420 0.11507
v 0.00427 0.17420 0.11507
v 0.00427 0.17420 0.11507
v 0.00427 0.17420 0.11507
v -0.03176 0.16329 0.06435
v -0.03176 0.16329 0.06435
v -0.02403 0.18077 -0.06728
v -0.02403 0.18077 -0.06728
v -0.02403 0.18077 -0.06728
v 0.03466 0.16595 0.06337
v 0.03466 0.16595 0.06337
v -0.02638 0.17407 0.05153
v -0.02638 0.17407 0.05153
v -0.02638 0.17407 0.05153
v -0.02638 0.17407 0.05153
v 0.00025 0.18286 0.00077
v 0.00025 0.18286 0.00077
v 0.00025 0.18286 0.00077
v 0.00025 0.18286 0.00077
v -0.00003 0.17051 -0.08419
v -0.00003 0.17051 -0.08419
v -0.00003 0.17051 -0.08419
v -0.01126 0.17187 0.13396
v -0.01126 0.17187 0.13396
v -0.01126 0.17187 0.13396
v -0.01126 0.17187 0.13396
v 0.01253 0.17391 -0.01792
v 0.01253 0.17391 -0.01792
v 0.01253 0.17391 -0.01792
v 0.04494 0.16670 0.09675
v 0.04494 0.16670 0.09675
v 0.04494 0.16670 0.09675
v -0.01567 0.17889 -0.13054
v -0.01567 0.17889 -0.13054
v -0.01567 0.17889 -0.13054
v 0.02993 0.16995 0.06851
v 0.02993 0.16995 0.06851
v -0.02039 0.18665 -0.01856
v -0.02039 0.18665 -0.01856
v -0.02039 0.18665 -0.01856
v -0.02039 0.18665 -0.01856
v -0.00238 0.17685 0.08738
v -0.00238 0.17685 0.08738
v -0.00238 0.17685 0.08738
v -0.00238 0.17685 0.08738
v -0.00275 0.17475 0.09243
v -0.00275 0.17475 0.09243
v -0.00790 0.18382 -0.00271
v -0.00790 0.18382 -0.00271
v 0.00341 0.17822 -0.00283
v 0.00341 0.17822 -0.00283
v 0.00341 0.17822 -0.00283
v 0.00341 0.17822 -0.00283
v -0.03090 0.17641 -0.14412
v -0.03090 0.17641 -0.14412
v -0.00697 0.18076 0.10947
v -0.00697 0.18076 0.10947
v -0.00697 0.18076 0.10947
v 0.06117 0.16373 0.06839
v 0.06117 0.16373 0.06839
v 0.06117 0.16373 0.06839
v 0.05461 0.16169 0.11194
v 0.05461 0.16169 0.11194
v 0.05461 0.16169 0.11194
v 0.06065 0.16619 0.09120
v 0.06065 0.16619 0.09120
v 0.06065 0.16619 0.09120
v 0.06065 0.16619 0.09120
v 0.04612 0.16673 0.12792
v 0.04612 0.16673 0.12792
v 0.03746 0.16989 0.10211
v 0.03746 0.16989 0.10211
v 0.03746 0.16989 0.10211
v -0.01874 0.19456 0.00202
v -0.01874 0.19456 0.00202
v -0.01874 0.19456 0.00202
v 0.01372 0.19190 0.00527
v 0.01372 0.19190 0.00527
v 0.01372 0.19190 0.00527
v 0.00379 0.20463 0.06916
v 0.00379 0.20463 0.06916
v -0.03297 0.17648 0.08404
v -0.03297 0.17648 0.08404
v -0.03297 0.17648 0.08404
v -0.06311 0.17869 -0.05942
v -0.06311 0.17869 -0.05942
v -0.06311 0.17869 -0.05942
v -0.06311 0.17869 -0.05942
v 0.04729 0.17235 0.09407
v 0.04729 0.17235 0.09407
v 0.04729 0.17235 0.09407
v 0.04729 0.17235 0.09407
v -0.01942 0.19372 0.04054
v -0.01942 0.19372 0.04054
v -0.01942 0.19372 0.04054
v -0.01942 0.19372 0.04054
v 0.00492 0.18103 -0.00670
v 0.00492 0.18103 -0.00670
v 0.00492 0.18103 -0.00670
v 0.00492 0.18103 -0.00670
v 0.00492 0.18103 -0.00670
v 0.03861 0.17286 0.12349
v 0.03861 0.17286 0.12349
v -0.04149 0.20154 -0.04902
v 0.02643 0.18399 0.14893
v 0.02643 0.18399 0.14893
v 0.02643 0.18399 0.14893
v 0.02643 0.18399 0.14893
v 0.02643 0.18399 0.14893
v 0.00360 0.19006 0.01349
v 0.00360 0.19006 0.01349
v 0.00360 0.19006 0.01349
v 0.00360 0.19006 0.01349
v 0.00360 0.19006 0.01349
v -0.02843 0.18559 -0.07847
v -0.02843 0.18559 -0.07847
v -0.03229 0.21134 -0.03473
v -0.03229 0.21134 -0.03473
v -0.03229 0.21134 -0.03473
v -0.03229 0.21134 -0.03473
v -0.00743 0.18589 -0.10323
v -0.00743 0.18589 -0.10323
v -0.00743 0.18589 -0.10323
v -0.02075 0.18628 -0.13452
v -0.02075 0.18628 -0.13452
v -0.02075 0.18628 -0.13452
v 0.01221 0.19929 0.06852
v 0.01221 0.19929 0.06852
v 0.01221 0.19929 0.06852
v 0.01221 0.19929 0.06852
v -0.03034 0.19215 -0.08041
v -0.03034 0.19215 -0.08041
v -0.03034 0.19215 -0.08041
v -0.03034 0.19215 -0.08041
v -0.00822 0.18460 0.10727
v -0.00822 0.18460 0.10727
v 0.02704 0.18391 0.00492
v 0.02704 0.18391 0.00492
v 0.02704 0.18391 0.00492
v 0.03680 0.19142 0.13057
v -0.02575 0.23522 -0.02253
v -0.02575 0.23522 -0.02253
v -0.02575 0.23522 -0.02253
v 0.00300 0.18895 -0.00631
v 0.00300 0.18895 -0.00631
v 0.00300 0.18895 -0.00631
v -0.02724 0.19222 -0.11223
v -0.02724 0.19222 -0.11223
v -0.02762 0.20986 -0.01483
v -0.02762 0.20986 -0.01483
v -0.02762 0.20986 -0.01483
v -0.01950 0.18371 0.12623
v -0.01950 0.18371 0.12623
v -0.01950 0.18371 0.12623
v -0.04486 0.19693 -0.05982
v -0.04486 0.19693 -0.05982
v -0.02835 0.20910 0.03945
v -0.03077 0.18412 0.10403
v -0.03077 0.18412 0.10403
v -0.03077 0.18412 0.10403
v 0.00481 0.21824 0.09217
v 0.00481 0.21824 0.09217
v 0.00481 0.21824 0.09217
v 0.00481 0.21824 0.09217
v 0.01908 0.19220 0.00296
v 0.01908 0.19220 0.00296
v 0.01908 0.19220 0.00296
v 0.01908 0.19220 0.00296
v 0.00255 0.19409 0.00945
v 0.00255 0.19409 0.00945
v 0.00255 0.19409 0.00945
v 0.00255 0.19409 0.00945
v -0.06422 0.19038 -0.08780
v -0.06422 0.19038 -0.08780
v -0.06422 0.19038 -0.08780
v 0.02572 0.21183 0.10151
v 0.02572 0.21183 0.10151
v 0.02572 0.21183 0.10151
v 0.02572 0.21183 0.10151
v -0.06451 0.19236 -0.08131
v -0.06451 0.19236 -0.08131
v -0.06451 0.19236 -0.08131
v -0.04700 0.18449 -0.13988
v -0.04700 0.18449 -0.13988
v -0.04700 0.18449 -0.13988
v -0.04284 0.21792 -0.05940
v -0.04284 0.21792 -0.05940
v 0.02064 0.19503 0.15206
v 0.02064 0.19503 0.15206
v 0.02064 0.19503 0.15206
v 0.02119 0.20733 0.13363
v 0.02119 0.20733 0.13363
v 0.02119 0.20733 0.13363
v -0.03798 0.21664 0.06445
v -0.03798 0.21664 0.06445
v -0.03798 0.21664 0.06445
v -0.03798 0.21664 0.06445
v -0.03487 0.19494 -0.09468
v -0.03487 0.19494 -0.09468
v -0.05962 0.19437 -0.12062
v -0.05962 0.19437 -0.12062
v -0.05962 0.19437 -0.12062
v -0.02971 0.22599 0.05528
v -0.02971 0.22599 0.05528
v -0.02971 0.22599 0.05528
v -0.03117 0.19864 -0.10916
v -0.03117 0.19864 -0.10916
v -0.05772 0.19571 -0.12621
v -0.05772 0.19571 -0.12621
v -0.05772 0.19571 -0.12621
v 0.00660 0.20032 0.15465
v 0.00660 0.20032 0.15465
v 0.00660 0.20032 0.15465
v 0.00660 0.20032 0.15465
v 0.00660 0.20032 0.15465
v -0.06227 0.19759 -0.10979
v -0.06227 0.19759 -0.10979
v -0.03377 0.24185 -0.02424
v -0.03377 0.24185 -0.02424
v -0.03377 0.24185 -0.02424
v 0.02185 0.20982 0.11055
v 0.02185 0.20982 0.11055
v 0.02185 0.20982 0.11055
v -0.02802 0.21536 0.07023
v -0.02802 0.21536 0.07023
v -0.02802 0.21536 0.07023
v -0.02802 0.21536 0.07023
v -0.02552 0.21056 0.05592
v -0.02552 0.21056 0.05592
v -0.03767 0.21681 -0.03684
v 0.02486 0.20909 0.13669
v 0.02486 0.20909 0.13669
v -0.05438 0.22175 -0.06321
v -0.05438 0.22175 -0.06321
v -0.05438 0.22175 -0.06321
v -0.03562 0.25019 0.00454
v -0.00037 0.20959 0.15126
v -0.00037 0.20959 0.15126
v -0.00037 0.20959 0.15126
v -0.02521 0.24013 0.02902
v -0.02521 0.24013 0.02902
v -0.02521 0.24013 0.02902
v -0.03072 0.23863 0.03060
v -0.03072 0.23863 0.03060
v 0.00336 0.22351 0.09279
v 0.00336 0.22351 0.09279
v 0.00336 0.22351 0.09279
v 0.00336 0.22351 0.09279
v -0.02836 0.22499 0.08754
v -0.02836 0.22499 0.08754
v -0.02836 0.22499 0.08754
v -0.02836 0.22499 0.08754
v -0.02836 0.22499 0.08754
v -0.02836 0.22499 0.08754
v -0.04436 0.23165 -0.04771
v -0.04436 0.23165 -0.04771
v -0.04436 0.23165 -0.04771
v -0.03498 0.26579 -0.02004
v -0.03498 0.26579 -0.02004
v -0.03498 0.26579 -0.02004
v -0.03498 0.26579 -0.02004
v -0.03498 0.26579 -0.02004
v -0.03498 0.26579 -0.02004
v 0.00376 0.22550 0.11852
v 0.00376 0.22550 0.11852
v -0.03359 0.24478 -0.02017
v -0.03359 0.24478 -0.02017
v -0.00026 0.22226 0.10933
v -0.04303 0.24652 -0.04865
v -0.04303 0.24652 -0.04865
v -0.04303 0.24652 -0.04865
v -0.01401 0.22255 0.13582
v -0.01401 0.22255 0.13582
v -0.01401 0.22255 0.13582
v -0.03109 0.25936 0.01903
v -0.03109 0.25936 0.01903
v -0.03109 0.25936 0.01903
v -0.02235 0.22515 0.11882
v -0.02235 0.22515 0.11882
v -0.02235 0.22515 0.11882
v -0.02235 0.22515 0.11882
v -0.06509 0.24402 -0.05896
v -0.06509 0.24402 -0.05896
v -0.06509 0.24402 -0.05896
v -0.04984 0.24903 0.05594
v -0.04984 0.24903 0.05594
v -0.04984 0.24903 0.05594
v -0.04984 0.24903 0.05594
v -0.05233 0.25684 -0.04149
v -0.05233 0.25684 -0.04149
v -0.04028 0.26449 0.01471
v -0.04028 0.26449 0.01471
v -0.07455 0.27238 -0.03906
v -0.07455 0.27238 -0.03906
v -0.06101 0.27225 0.03768
v -0.06101 0.27225 0.03768
v -0.04113 0.27291 0.01078
v -0.04113 0.27291 0.01078
v -0.04290 0.26875 -0.01777
v -0.04290 0.26875 -0.01777
v -0.04290 0.26875 -0.01777
v -0.04290 0.26875 -0.01777
v -0.05790 0.27482 -0.03451
v -0.05790 0.27482 -0.03451
v -0.05760 0.28216 -0.00881
v -0.05760 0.28216 -0.00881
v -0.07012 0.28590 0.01519
v -0.07012 0.28590 0.01519
v -0.07012 0.28590 0.01519
v -0.06218 0.28883 -0.00637
v -0.06218 0.28883 -0.00637
v -0.06218 0.28883 -0.00637
v -0.07782 0.28753 -0.01806
v -0.07782 0.28753 -0.01806
v -0.07782 0.28753 -0.01806
v -0.07782 0.28753 -0.01806
vt 0.23999 0.95134
vt 0.95030 0.45727
vt 0.22344 0.98298
vt 0.28653 0.91595
vt 0.31669 0.09112
vt 0.95381 0.47798
vt 0.00294 0.50723
vt 0.10104 0.46338
vt 0.20971 0.93403
vt 0.32574 0.97776
vt 0.15324 0.04049
vt 0.24042 0.92779
vt 0.36263 0.97235
vt 0.95263 0.43040
vt 0.08443 0.47957
vt 0.19164 0.97894
vt 0.30378 0.88152
vt 0.40722 0.93488
vt 0.45905 0.75426
vt 0.26254 0.77163
vt 0.27598 0.39683
vt 0.75869 0.67847
vt 0.06922 0.29956
vt 0.27562 0.38548
vt 0.28620 0.34272
vt 0.75236 0.66811
vt 0.25885 0.77750
vt 0.31353 0.10104
vt 0.76997 0.67770
vt 0.78704 0.17927
vt 0.80164 0.97194
vt 0.96477 0.46824
vt 0.28338 0.87831
vt 0.28485 0.94394
vt 0.38702 0.92184
vt 0.94622 0.29906
vt 0.25318 0.97802
vt 0.79726 0.90777
vt 0.92132 0.17656
vt 0.07410 0.30834
vt 0.29289 0.99297
vt 0.76190 0.66292
vt 0.90658 0.21703
vt 0.27819 0.90204
vt 0.29498 0.97321
vt 0.31353 0.08525
vt 0.77213 0.65763
vt 0.07451 0.29441
vt 0.28955 0.35138
vt 0.29928 0.50212
vt 0.89699 0.20274
vt 0.94858 0.93953
vt 0.10398 0.37440
vt 0.77341 0.16779
vt 0.77866 0.17946
vt 0.81454 0.97859
vt 0.97087 0.66740
vt 0.11009 0.36598
vt 0.81359 0.95356
vt 0.93083 0.60495
vt 0.96249 0.44067
vt 0.25912 0.95156
vt 0.60658 0.38607
vt 0.83443 0.91788
vt 0.92366 0.29435
vt 0.25795 0.76832
vt 0.26969 0.39315
vt 0.28955 0.33938
vt 0.30463 0.51244
vt 0.78701 0.15970
vt 0.11009 0.37853
vt 0.69231 0.60727
vt 0.94049 0.63260
vt 0.94799 0.58801
vt 0.28043 0.49949
vt 0.90673 0.92142
vt 0.93059 0.92535
vt 0.29818 0.52785
vt 0.77196 0.15592
vt 0.90722 0.95862
vt 0.98267 0.66027
vt 0.27861 0.51457
vt 0.77629 0.34772
vt 0.88481 0.94272
vt 0.15447 0.05601
vt 0.86902 0.56854
vt 0.92155 0.57292
vt 0.96509 0.41098
vt 0.90165 0.16797
vt 0.94689 0.91382
vt 0.59429 0.22613
vt 0.76654 0.34361
vt 0.89242 0.96757
vt 0.98036 0.63829
vt 0.04061 0.49234
vt 0.08443 0.44357
vt 0.45653 0.91553
vt 0.48409 0.77666
vt 0.03972 0.53184
vt 0.33129 0.93618
vt 0.36837 0.48441
vt 0.60507 0.21541
vt 0.76768 0.32236
vt 0.86086 0.97176
vt 0.41652 0.91010
vt 0.48409 0.74905
vt 0.37776 0.53359
vt 0.71165 0.60775
vt 0.95994 0.60958
vt 0.04843 0.55144
vt 0.16900 0.07405
vt 0.35440 0.92844
vt 0.35008 0.46552
vt 0.61529 0.60775
vt 0.84803 0.95998
vt 0.03613 0.82676
vt 0.78975 0.85944
vt 0.92167 0.13995
vt 0.60658 0.35322
vt 0.79381 0.13633
vt 0.83664 0.87600
vt 0.91245 0.25877
vt 0.56861 0.62654
vt 0.85736 0.89874
vt 0.92540 0.88079
vt 0.39569 0.89784
vt 0.62508 0.02659
vt 0.74279 0.94993
vt 0.76270 0.95249
vt 0.95568 0.27002
vt 0.55832 0.66355
vt 0.60585 0.57500
vt 0.84738 0.92881
vt 0.01510 0.82121
vt 0.20356 0.82012
vt 0.33392 0.13715
vt 0.89789 0.14025
vt 0.94773 0.87012
vt 0.68159 0.56886
vt 0.94900 0.53883
vt 0.61831 0.36111
vt 0.92998 0.25314
vt 0.35325 0.49011
vt 0.40227 0.53309
vt 0.60624 0.19307
vt 0.67649 0.18537
vt 0.97870 0.60529
vt 0.37702 0.50038
vt 0.72277 0.57771
vt 0.44206 0.88241
vt 0.58079 0.84658
vt 0.31991 0.12257
vt 0.52971 0.62125
vt 0.93576 0.85360
vt 0.41140 0.87833
vt 0.55883 0.85488
vt 0.60857 0.05253
vt 0.83211 0.12611
vt 0.85093 0.73968
vt 0.92984 0.22338
vt 0.19796 0.40263
vt 0.73082 0.93239
vt 0.77816 0.97572
vt 0.02410 0.12366
vt 0.12819 0.44337
vt 0.17016 0.38554
vt 0.18174 0.38518
vt 0.25859 0.13729
vt 0.77614 0.94122
vt 0.40019 0.50355
vt 0.46999 0.48164
vt 0.67879 0.15801
vt 0.31841 0.48299
vt 0.54010 0.60768
vt 0.31343 0.46417
vt 0.49023 0.66355
vt 0.57867 0.59560
vt 0.52612 0.65490
vt 0.56866 0.55948
vt 0.58508 0.54647
vt 0.62866 0.70290
vt 0.73558 0.67561
vt 0.96094 0.80466
vt 0.59272 0.53748
vt 0.94193 0.11528
vt 0.94969 0.80175
vt 0.15901 0.10292
vt 0.71170 0.62956
vt 0.86835 0.54735
vt 0.96499 0.76475
vt 0.45132 0.28167
vt 0.49216 0.50963
vt 0.57761 0.19152
vt 0.69070 0.18700
vt 0.76783 0.01876
vt 0.40180 0.46133
vt 0.46693 0.44252
vt 0.43853 0.25093
vt 0.49077 0.45774
vt 0.95298 0.17874
vt 0.46771 0.00235
vt 0.62878 0.72589
vt 0.70996 0.90452
vt 0.75153 0.65700
vt 0.07583 0.49766
vt 0.47528 0.88383
vt 0.68637 0.51337
vt 0.88570 0.52435
vt 0.91914 0.52779
vt 0.10884 0.43169
vt 0.76539 0.92338
vt 0.87874 0.73998
vt 0.95861 0.24538
vt 0.13056 0.86047
vt 0.42036 0.05474
vt 0.55317 0.19062
vt 0.78118 0.02413
vt 0.27697 0.49353
vt 0.51153 0.60749
vt 0.59876 0.12247
vt 0.03808 0.79692
vt 0.77374 0.10666
vt 0.80410 0.83674
vt 0.03505 0.93092
vt 0.43851 0.52990
vt 0.50656 0.25462
vt 0.53979 0.49662
vt 0.80536 0.11137
vt 0.82916 0.84151
vt 0.11336 0.82128
vt 0.44260 0.22669
vt 0.77927 0.00260
vt 0.85344 0.58280
vt 0.95762 0.17206
vt 0.44389 0.49726
vt 0.50761 0.21713
vt 0.03469 0.11656
vt 0.06874 0.64847
vt 0.15244 0.36759
vt 0.36836 0.33885
vt 0.54261 0.73181
vt 0.17830 0.31526
vt 0.26343 0.09411
vt 0.03469 0.89192
vt 0.04439 0.41505
vt 0.25570 0.35424
vt 0.52704 0.46542
vt 0.15257 0.44940
vt 0.26391 0.36948
vt 0.42573 0.48504
vt 0.54251 0.44832
vt 0.54666 0.46405
vt 0.64781 0.03084
vt 0.13054 0.81505
vt 0.44289 0.07539
vt 0.55206 0.13120
vt 0.64847 0.71472
vt 0.86205 0.55188
vt 0.12084 0.54585
vt 0.16067 0.15622
vt 0.00371 0.89535
vt 0.20023 0.79402
vt 0.33774 0.12132
vt 0.53350 0.21406
vt 0.19815 0.29989
vt 0.62406 0.33618
vt 0.20770 0.68051
vt 0.54990 0.44396
vt 0.94639 0.75755
vt 0.96186 0.06626
vt 0.15847 0.83792
vt 0.56219 0.77172
vt 0.61832 0.12336
vt 0.64847 0.32273
vt 0.77353 0.88552
vt 0.38168 0.98024
vt 0.46285 0.02385
vt 0.61652 0.70850
vt 0.62774 0.37974
vt 0.02121 0.56251
vt 0.14183 0.81346
vt 0.59673 0.50707
vt 0.63715 0.72840
vt 0.93384 0.09573
vt 0.14579 0.77573
vt 0.72387 0.78420
vt 0.74874 0.38607
vt 0.93883 0.06341
vt 0.02410 0.09948
vt 0.06875 0.63702
vt 0.11784 0.42609
vt 0.15523 0.66901
vt 0.87369 0.68905
vt 0.88500 0.68123
vt 0.30615 0.00224
vt 0.35885 0.35393
vt 0.42339 0.34067
vt 0.55288 0.70317
vt 0.21448 0.32558
vt 0.47688 0.05096
vt 0.63640 0.35741
vt 0.74913 0.89924
vt 0.54581 0.38936
vt 0.85231 0.40517
vt 0.88421 0.48436
vt 0.94672 0.73446
vt 0.38724 0.34839
vt 0.40704 0.10557
vt 0.56298 0.11602
vt 0.60420 0.45242
vt 0.71302 0.50501
vt 0.88359 0.41654
vt 0.97043 0.06249
vt 0.43503 0.38987
vt 0.49810 0.10190
vt 0.05345 0.88906
vt 0.55105 0.47387
vt 0.61378 0.41583
vt 0.66550 0.01712
vt 0.75014 0.50566
vt 0.00499 0.70363
vt 0.06545 0.88371
vt 0.24408 0.39221
vt 0.31244 0.00406
vt 0.41127 0.35960
vt 0.60865 0.41515
vt 0.61121 0.94463
vt 0.09354 0.64439
vt 0.17065 0.65801
vt 0.54312 0.69371
vt 0.01768 0.75529
vt 0.21005 0.75506
vt 0.52436 0.16006
vt 0.03133 0.72331
vt 0.06518 0.97879
vt 0.79441 0.04247
vt 0.38798 0.97615
vt 0.58389 0.73895
vt 0.62038 0.67036
vt 0.62415 0.59829
vt 0.02121 0.53645
vt 0.59016 0.73867
vt 0.59561 0.47283
vt 0.63010 0.67050
vt 0.74275 0.28479
vt 0.76645 0.51878
vt 0.08809 0.97851
vt 0.79516 0.32706
vt 0.82714 0.04539
vt 0.85936 0.65220
vt 0.87589 0.64814
vt 0.01404 0.84860
vt 0.07891 0.41701
vt 0.32387 0.05321
vt 0.45266 0.61621
vt 0.13520 0.50328
vt 0.18220 0.83822
vt 0.47940 0.84178
vt 0.57522 0.76878
vt 0.12853 0.29662
vt 0.29118 0.07301
vt 0.36395 0.28756
vt 0.03318 0.53903
vt 0.05290 0.85361
vt 0.23109 0.22772
vt 0.55010 0.10946
vt 0.63715 0.70282
vt 0.76007 0.51425
vt 0.77816 0.51878
vt 0.92298 0.40352
vt 0.05167 0.37123
vt 0.15404 0.42655
vt 0.22067 0.60079
vt 0.26303 0.34527
vt 0.24889 0.38730
vt 0.31342 0.02369
vt 0.64269 0.15234
vt 0.70529 0.01226
vt 0.76541 0.30605
vt 0.88061 0.11924
vt 0.26918 0.86606
vt 0.37392 0.26268
vt 0.37843 0.28910
vt 0.39129 0.18385
vt 0.55863 0.04427
vt 0.05042 0.61542
vt 0.16438 0.43936
vt 0.19931 0.38663
vt 0.23109 0.21213
vt 0.24156 0.31846
vt 0.56251 0.45868
vt 0.62387 0.90710
vt 0.75780 0.48941
vt 0.37591 0.32899
vt 0.42725 0.12558
vt 0.55799 0.11600
vt 0.93321 0.39918
vt 0.20050 0.67980
vt 0.73090 0.86174
vt 0.74872 0.59730
vt 0.75705 0.38245
vt 0.82895 0.27593
vt 0.95131 0.04387
vt 0.15726 0.31286
vt 0.25684 0.06624
vt 0.48847 0.34836
vt 0.46302 0.10012
vt 0.64194 0.40445
vt 0.68125 0.47319
vt 0.83521 0.67229
vt 0.38291 0.96329
vt 0.61662 0.58051
vt 0.62878 0.41229
vt 0.16083 0.64463
vt 0.41843 0.41892
vt 0.54883 0.66974
vt 0.39816 0.43781
vt 0.46372 0.41041
vt 0.72679 0.52138
vt 0.97051 0.11221
vt 0.43424 0.14792
vt 0.50201 0.39141
vt 0.95242 0.12281
vt 0.35390 0.45154
vt 0.40908 0.38006
vt 0.41249 0.42050
vt 0.43384 0.34883
vt 0.49726 0.04421
vt 0.61202 0.38349
vt 0.66339 0.14598
vt 0.03098 0.97270
vt 0.13505 0.75702
vt 0.71342 0.78420
vt 0.79367 0.65323
vt 0.86478 0.51239
vt 0.03167 0.65299
vt 0.20661 0.65829
vt 0.52645 0.36546
vt 0.63188 0.08934
vt 0.84739 0.20332
vt 0.85352 0.23226
vt 0.06236 0.80785
vt 0.59910 0.89675
vt 0.72865 0.33639
vt 0.77636 0.49690
vt 0.45025 0.64655
vt 0.50038 0.58452
vt 0.69343 0.48838
vt 0.86929 0.40145
vt 0.89881 0.47726
vt 0.00742 0.66814
vt 0.24508 0.33683
vt 0.24693 0.35596
vt 0.74125 0.24375
vt 0.95738 0.98022
vt 0.63556 0.31054
vt 0.72116 0.76458
vt 0.75183 0.36367
vt 0.77160 0.85597
vt 0.80862 0.65551
vt 0.30409 0.06755
vt 0.87951 0.09708
vt 0.21250 0.23809
vt 0.47710 0.09996
vt 0.63154 0.30067
vt 0.67562 0.49956
vt 0.23358 0.80204
vt 0.51124 0.94001
vt 0.63778 0.11332
vt 0.76581 0.27986
vt 0.78416 0.49618
vt 0.88992 0.09352
vt 0.63702 0.46223
vt 0.64208 0.47622
vt 0.84879 0.64645
vt 0.67769 0.06266
vt 0.85288 0.06887
vt 0.91016 0.60349
vt 0.15445 0.19849
vt 0.74916 0.54885
vt 0.83681 0.22942
vt 0.48108 0.36977
vt 0.87016 0.78273
vt 0.00202 0.96223
vt 0.04524 0.45289
vt 0.16037 0.24057
vt 0.21321 0.55169
vt 0.62414 0.09199
vt 0.68796 0.31045
vt 0.83226 0.18202
vt 0.01476 0.70727
vt 0.05089 0.96235
vt 0.52550 0.10483
vt 0.01397 0.47310
vt 0.45201 0.38118
vt 0.60926 0.45155
vt 0.98025 0.08978
vt 0.59937 0.40164
vt 0.74144 0.35449
vt 0.39222 0.94053
vt 0.58045 0.41805
vt 0.58374 0.70906
vt 0.59147 0.43925
vt 0.62561 0.56481
vt 0.38359 0.93824
vt 0.57058 0.42676
vt 0.61172 0.46094
vt 0.87688 0.87002
vt 0.91285 0.49507
vt 0.01957 0.34120
vt 0.44238 0.14644
vt 0.76847 0.63389
vt 0.84899 0.51784
vt 0.17026 0.52145
vt 0.18604 0.80624
vt 0.21844 0.74472
vt 0.76263 0.21824
vt 0.97793 0.96466
vt 0.13937 0.44639
vt 0.46060 0.60554
vt 0.58804 0.03579
vt 0.64259 0.03258
vt 0.70268 0.12853
vt 0.79626 0.39067
vt 0.98087 0.49420
vt 0.15971 0.80640
vt 0.64847 0.29048
vt 0.81316 0.61575
vt 0.23526 0.20976
vt 0.41595 0.18360
vt 0.71650 0.45167
vt 0.08665 0.65615
vt 0.20491 0.61472
vt 0.81035 0.31075
vt 0.81551 0.53058
vt 0.89622 0.64583
vt 0.16089 0.91191
vt 0.22510 0.73365
vt 0.88910 0.06148
vt 0.97309 0.91833
vt 0.02289 0.44118
vt 0.41337 0.86226
vt 0.44739 0.34874
vt 0.48844 0.84761
vt 0.52769 0.53625
vt 0.00168 0.07239
vt 0.02132 0.29560
vt 0.44175 0.11271
vt 0.50804 0.30233
vt 0.76642 0.83237
vt 0.24422 0.92604
vt 0.47333 0.33902
vt 0.49215 0.53014
vt 0.85303 0.79978
vt 0.54925 0.31658
vt 0.86103 0.34304
vt 0.96004 0.03614
vt 0.09479 0.39863
vt 0.42405 0.22586
vt 0.07455 0.94583
vt 0.37361 0.93500
vt 0.77745 0.29395
vt 0.00674 0.60082
vt 0.61212 0.88773
vt 0.69628 0.36948
vt 0.73142 0.19099
vt 0.13394 0.45096
vt 0.41143 0.61370
vt 0.14562 0.46702
vt 0.17240 0.61831
vt 0.26121 0.30176
vt 0.58471 0.74437
vt 0.75128 0.33932
vt 0.50364 0.96449
vt 0.76375 0.48798
vt 0.90870 0.08814
vt 0.03876 0.45949
vt 0.18074 0.75892
vt 0.22067 0.53727
vt 0.43432 0.56251
vt 0.65515 0.37057
vt 0.00651 0.40872
vt 0.40508 0.79470
vt 0.60420 0.42024
vt 0.87173 0.33134
vt 0.96516 0.02983
vt 0.15050 0.39379
vt 0.15081 0.61086
vt 0.75253 0.30758
vt 0.01804 0.94775
vt 0.79914 0.52753
vt 0.82706 0.83467
vt 0.83748 0.36675
vt 0.39629 0.63801
vt 0.44029 0.57931
vt 0.89712 0.44790
vt 0.90438 0.44296
vt 0.13073 0.95308
vt 0.84643 0.02398
vt 0.90930 0.55731
vt 0.09880 0.27218
vt 0.28336 0.11017
vt 0.07963 0.30432
vt 0.36418 0.17092
vt 0.39043 0.27432
vt 0.10300 0.92969
vt 0.25080 0.33932
vt 0.68205 0.14678
vt 0.90458 0.54024
vt 0.97435 0.48354
vt 0.57179 0.39533
vt 0.87119 0.82852
vt 0.63717 0.03345
vt 0.78718 0.41764
vt 0.08225 0.40062
vt 0.23286 0.56204
vt 0.24754 0.29930
vt 0.41362 0.22905
vt 0.73050 0.21751
vt 0.84586 0.81504
vt 0.87947 0.33561
vt 0.88809 0.22941
vt 0.91464 0.44942
vt 0.93349 0.50219
vt 0.15449 0.87610
vt 0.45406 0.15445
vt 0.50732 0.47827
vt 0.65607 0.51635
vt 0.69070 0.41796
vt 0.83506 0.60265
vt 0.14665 0.91587
vt 0.31206 0.14773
vt 0.87396 0.01023
vt 0.02038 0.92104
vt 0.15633 0.77889
vt 0.65044 0.38453
vt 0.81591 0.57065
vt 0.84461 0.41170
vt 0.21199 0.91488
vt 0.42208 0.80563
vt 0.46446 0.57174
vt 0.47516 0.81454
vt 0.18017 0.90365
vt 0.74590 0.44688
vt 0.91144 0.03934
vt 0.95644 0.72082
vt 0.03130 0.24609
vt 0.77140 0.53173
vt 0.81120 0.82628
vt 0.47763 0.81183
vt 0.49788 0.56340
vt 0.21732 0.19199
vt 0.61302 0.51084
vt 0.85392 0.21348
vt 0.90351 0.44891
vt 0.03167 0.62165
vt 0.53000 0.29451
vt 0.37400 0.90117
vt 0.78050 0.26568
vt 0.88154 0.59247
vt 0.25512 0.64645
vt 0.34492 0.42832
vt 0.41703 0.48184
vt 0.85399 0.49061
vt 0.19877 0.57705
vt 0.23530 0.18603
vt 0.65819 0.42542
vt 0.05449 0.91871
vt 0.06379 0.27096
vt 0.54247 0.06443
vt 0.92021 0.12940
vt 0.19155 0.15151
vt 0.25533 0.00201
vt 0.49136 0.25132
vt 0.17510 0.45598
vt 0.38680 0.61741
vt 0.54642 0.80803
vt 0.91243 0.42226
vt 0.01254 0.96195
vt 0.02295 0.62281
vt 0.51239 0.29727
vt 0.62414 0.05990
vt 0.07528 0.85969
vt 0.18911 0.90666
vt 0.39977 0.73767
vt 0.41464 0.75755
vt 0.58503 0.25276
vt 0.07565 0.91089
vt 0.36249 0.90700
vt 0.93500 0.12189
vt 0.10631 0.21995
vt 0.26462 0.90586
vt 0.49526 0.28541
vt 0.85356 0.74946
vt 0.12399 0.16639
vt 0.14502 0.16219
vt 0.18856 0.09468
vt 0.48602 0.24262
vt 0.40106 0.76318
vt 0.56646 0.25665
vt 0.95909 0.00229
vt 0.14930 0.42293
vt 0.40548 0.57829
vt 0.41255 0.04383
vt 0.68165 0.03167
vt 0.88731 0.42604
vt 0.57877 0.33752
vt 0.87555 0.79431
vt 0.90859 0.30373
vt 0.14050 0.42039
vt 0.30501 0.85124
vt 0.59167 0.00225
vt 0.67557 0.03116
vt 0.22180 0.89957
vt 0.44770 0.54555
vt 0.28089 0.82965
vt 0.56164 0.00345
vt 0.42264 0.55816
vt 0.59795 0.85955
vt 0.62936 0.36859
vt 0.85357 0.37135
vt 0.50173 0.90999
vt 0.76304 0.40894
vt 0.96215 0.71591
vt 0.59797 0.35181
vt 0.72670 0.41409
vt 0.74944 0.48513
vt 0.03337 0.29289
vt 0.32764 0.90241
vt 0.91435 0.09928
vt 0.08663 0.33668
vt 0.26140 0.84023
vt 0.37627 0.21911
vt 0.51474 0.73774
vt 0.51793 0.72538
vt 0.64132 0.54221
vt 0.16048 0.57761
vt 0.17406 0.42475
vt 0.43737 0.27453
vt 0.05747 0.22261
vt 0.82284 0.60872
vt 0.09356 0.79753
vt 0.20480 0.84501
vt 0.73506 0.72855
vt 0.03271 0.33044
vt 0.31240 0.87188
vt 0.69974 0.48560
vt 0.41321 0.00213
vt 0.56990 0.72867
vt 0.89563 0.39839
vt 0.89176 0.19663
vt 0.92082 0.48803
vt 0.07204 0.76552
vt 0.51916 0.85966
vt 0.58238 0.21544
vt 0.88277 0.73549
vt 0.11664 0.61792
vt 0.37565 0.07696
vt 0.62267 0.75677
vt 0.74676 0.28461
vt 0.86961 0.30537
vt 0.87946 0.17005
vt 0.91815 0.46996
vt 0.01136 0.16539
vt 0.09250 0.34394
vt 0.15710 0.88861
vt 0.33076 0.19210
vt 0.51485 0.47089
vt 0.37311 0.12213
vt 0.40092 0.33090
vt 0.70566 0.84961
vt 0.70734 0.40737
vt 0.73976 0.17075
vt 0.95632 0.94387
vt 0.09162 0.03459
vt 0.21661 0.68858
vt 0.72452 0.42705
vt 0.75102 0.47832
vt 0.96843 0.92460
vt 0.31107 0.82088
vt 0.39773 0.04101
vt 0.68165 0.00291
vt 0.03825 0.41860
vt 0.43432 0.53316
vt 0.62212 0.83270
vt 0.63580 0.82982
vt 0.67361 0.30864
vt 0.20916 0.58475
vt 0.47957 0.19424
vt 0.65535 0.37821
vt 0.01325 0.91043
vt 0.52037 0.24684
vt 0.53349 0.22185
vt 0.69355 0.26678
vt 0.06623 0.34034
vt 0.45184 0.97968
vt 0.53506 0.01530
vt 0.68910 0.47243
vt 0.80538 0.49444
vt 0.81960 0.26140
vt 0.01433 0.02859
vt 0.02873 0.20601
vt 0.80437 0.80963
vt 0.26929 0.79227
vt 0.47814 0.69735
vt 0.06854 0.23799
vt 0.24197 0.19092
vt 0.36051 0.14010
vt 0.81922 0.62299
vt 0.09350 0.01191
vt 0.77305 0.36947
vt 0.95913 0.52481
vt 0.96189 0.68914
vt 0.25930 0.86819
vt 0.49546 0.24198
vt 0.75527 0.78667
vt 0.31835 0.83410
vt 0.47208 0.95049
vt 0.69974 0.45562
vt 0.96145 0.36817
vt 0.53566 0.71088
vt 0.62174 0.55487
vt 0.85467 0.17112
vt 0.53351 0.76176
vt 0.57929 0.69826
vt 0.91037 0.38391
vt 0.50263 0.82831
vt 0.56327 0.21470
vt 0.69167 0.21234
vt 0.20087 0.47558
vt 0.63130 0.73512
vt 0.45774 0.23901
vt 0.50798 0.41106
vt 0.79828 0.47139
vt 0.90901 0.90183
vt 0.34471 0.39236
vt 0.42044 0.98533
vt 0.50962 0.00211
vt 0.85229 0.45805
vt 0.37210 0.86614
vt 0.77044 0.22501
vt 0.10970 0.87087
vt 0.66053 0.57111
vt 0.09051 0.01992
vt 0.16542 0.85893
vt 0.22939 0.67521
vt 0.96017 0.67330
vt 0.52721 0.81882
vt 0.88787 0.71410
vt 0.35282 0.84448
vt 0.78111 0.18979
vt 0.96918 0.33564
vt 0.30979 0.78622
vt 0.39668 0.00710
vt 0.55972 0.73292
vt 0.49956 0.89160
vt 0.57045 0.66807
vt 0.91632 0.65742
vt 0.30141 0.75384
vt 0.56145 0.69971
vt 0.90509 0.35766
vt 0.91607 0.61784
vt 0.51057 0.91781
vt 0.58848 0.64648
vt 0.23234 0.43961
vt 0.54389 0.75130
vt 0.59641 0.68661
vt 0.10774 0.30665
vt 0.32073 0.22542
vt 0.68152 0.93063
vt 0.05175 0.44207
vt 0.36043 0.37099
vt 0.88948 0.24975
vt 0.07633 0.60683
vt 0.39103 0.04025
vt 0.80667 0.45462
vt 0.81773 0.22426
vt 0.93962 0.30510
vt 0.13573 0.37702
vt 0.29590 0.64027
vt 0.59792 0.80483
vt 0.85375 0.32593
vt 0.28759 0.74998
vt 0.46711 0.66313
vt 0.52997 0.86843
vt 0.93117 0.62582
vt 0.12475 0.56428
vt 0.19972 0.42302
vt 0.44489 0.31607
vt 0.65986 0.87223
vt 0.08317 0.01741
vt 0.58146 0.30968
vt 0.74796 0.46939
vt 0.91009 0.27182
vt 0.94169 0.52943
vt 0.25856 0.40722
vt 0.60193 0.65000
vt 0.23317 0.10267
vt 0.11160 0.47300
vt 0.23911 0.74850
vt 0.30741 0.39753
vt 0.53593 0.94768
vt 0.63125 0.61994
vt 0.05814 0.42902
vt 0.25139 0.30618
vt 0.78448 0.36984
vt 0.90577 0.24820
vt 0.94630 0.50723
vt 0.65072 0.28251
vt 0.65299 0.79672
vt 0.24085 0.60263
vt 0.47741 0.27020
vt 0.69070 0.37268
vt 0.89277 0.86451
vt 0.24915 0.83588
vt 0.76959 0.74317
vt 0.94546 0.73096
vt 0.09229 0.75072
vt 0.76755 0.70757
vt 0.90628 0.72920
vt 0.08453 0.28250
vt 0.37767 0.12191
vt 0.42982 0.73623
vt 0.46901 0.52481
vt 0.00282 0.01326
vt 0.12166 0.37087
vt 0.81336 0.77178
vt 0.83034 0.32353
vt 0.43040 0.96256
vt 0.85138 0.42584
vt 0.35855 0.38279
vt 0.87468 0.26046
vt 0.88065 0.13201
vt 0.54519 0.93028
vt 0.01225 0.30856
vt 0.51470 0.35535
vt 0.81072 0.39507
vt 0.08517 0.86367
vt 0.51137 0.68846
vt 0.64431 0.57823
vt 0.49024 0.78413
vt 0.66410 0.22459
vt 0.01119 0.25800
vt 0.09115 0.27062
vt 0.34823 0.25505
vt 0.45277 0.93863
vt 0.80374 0.19447
vt 0.94529 0.35387
vt 0.24021 0.55760
vt 0.25102 0.10677
vt 0.05909 0.16242
vt 0.42044 0.93750
vt 0.81367 0.42105
vt 0.93327 0.33255
vt 0.03391 0.61707
vt 0.38660 0.00424
vt 0.68024 0.72251
vt 0.69438 0.75823
vt 0.05056 0.44920
vt 0.35709 0.37139
vt 0.52430 0.66718
vt 0.86323 0.13628
vt 0.05089 0.42804
vt 0.07760 0.87310
vt 0.25336 0.31609
vt 0.50164 0.66983
vt 0.34561 0.63899
vt 0.60096 0.25524
vt 0.60220 0.76961
vt 0.31227 0.74654
vt 0.42214 0.69471
vt 0.46901 0.48873
vt 0.58283 0.88382
vt 0.13573 0.33830
vt 0.33371 0.63397
vt 0.84131 0.75677
vt 0.42426 0.68059
vt 0.52959 0.79156
vt 0.89055 0.68853
vt 0.27189 0.56718
vt 0.66472 0.33423
vt 0.23668 0.73719
vt 0.34777 0.67187
vt 0.55718 0.95612
vt 0.10048 0.46989
vt 0.30950 0.42394
vt 0.65581 0.64755
vt 0.01489 0.16527
vt 0.36716 0.08246
vt 0.75768 0.16287
vt 0.82858 0.57506
vt 0.64276 0.25372
vt 0.64854 0.76863
vt 0.39964 0.65446
vt 0.50690 0.75456
vt 0.61569 0.20870
vt 0.18288 0.72867
vt 0.23310 0.27476
vt 0.35603 0.07179
vt 0.80628 0.72256
vt 0.94238 0.70960
vt 0.41493 0.66498
vt 0.81669 0.71218
vt 0.90934 0.67572
vt 0.10048 0.48107
vt 0.24350 0.72257
vt 0.33897 0.66326
vt 0.43787 0.05770
vt 0.67331 0.61511
vt 0.37900 0.64180
vt 0.84244 0.72592
vt 0.32056 0.62163
vt 0.80549 0.39228
vt 0.91081 0.81524
vt 0.29243 0.45932
vt 0.65672 0.68346
vt 0.72302 0.74780
vt 0.02669 0.46599
vt 0.05418 0.56495
vt 0.24673 0.39878
vt 0.71226 0.72081
vt 0.23408 0.41383
vt 0.65500 0.83995
vt 0.21145 0.08071
vt 0.33474 0.70355
vt 0.57967 0.93033
vt 0.24694 0.06284
vt 0.28601 0.54832
vt 0.37454 0.85265
vt 0.09694 0.07586
vt 0.30491 0.66531
vt 0.32520 0.65985
vt 0.43778 0.06533
vt 0.15035 0.75102
vt 0.27265 0.29698
vt 0.68919 0.86081
vt 0.05156 0.12218
vt 0.77511 0.13288
vt 0.27017 0.73696
vt 0.39917 0.08452
vt 0.45465 0.49752
vt 0.70881 0.78609
vt 0.03318 0.43235
vt 0.04987 0.25486
vt 0.23472 0.71337
vt 0.25347 0.71271
vt 0.27875 0.37333
vt 0.66365 0.78502
vt 0.22270 0.05296
vt 0.23285 0.05646
vt 0.34874 0.83107
vt 0.00341 0.34733
vt 0.04580 0.73735
vt 0.34952 0.34579
vt 0.36054 0.61823
vt 0.47583 0.78324
vt 0.80793 0.35685
vt 0.05881 0.24661
vt 0.28316 0.70903
vt 0.13029 0.07586
vt 0.18445 0.03563
vt 0.69264 0.69265
vt 0.31942 0.58488
vt 0.45253 0.85579
vt 0.88244 0.81326
vt 0.04987 0.23657
vt 0.27802 0.67069
vt 0.42935 0.02772
vt 0.11954 0.74273
vt 0.28971 0.33019
vt 0.66899 0.87241
vt 0.02863 0.40806
vt 0.25113 0.68831
vt 0.43648 0.01890
vt 0.72886 0.68341
vt 0.32512 0.54547
vt 0.38330 0.81912
vt 0.43664 0.86563
vt 0.02528 0.09499
vt 0.16763 0.69762
vt 0.36579 0.02494
vt 0.73712 0.13917
vt 0.21042 0.02365
vt 0.35414 0.79257
vt 0.06145 0.07916
vt 0.75963 0.08298
vt 0.38102 0.75263
vt 0.42810 0.81118
vt 0.13092 0.68545
vt 0.71761 0.08977
vt 0.08811 0.72695
vt 0.32068 0.35734
vt 0.11361 0.04230
vt 0.17314 0.00315
vt 0.32374 0.76066
vt 0.78041 0.02878
vt 0.36277 0.58388
vt 0.44851 0.80553
vt 0.34949 0.72527
vt 0.74042 0.02905
vt 0.07187 0.68198
vt 0.71173 0.03734
vt 0.73318 0.73422
vt 0.04393 0.70151
vt 0.45089 0.75462
vt 0.73895 0.74563
vt 0.37732 0.72074
vt 0.43323 0.76105
vt 0.71560 0.00488
vt 0.73318 0.76007
vn 0.20001 -0.96474 0.17111
vn 0.20001 -0.96474 0.17111
vn -0.06770 -0.95441 0.29070
vn -0.06770 -0.95441 0.29070
vn -0.06770 -0.95441 0.29070
vn -0.06770 -0.95441 0.29070
vn -0.32241 -0.87903 -0.35121
vn -0.32241 -0.87903 -0.35121
vn -0.32241 -0.87903 -0.35121
vn -0.32241 -0.87903 -0.35121
vn 0.41480 -0.80350 -0.42700
vn 0.41480 -0.80350 -0.42700
vn 0.41480 -0.80350 -0.42700
vn 0.41480 -0.80350 -0.42700
vn -0.61871 -0.78401 -0.05020
vn -0.61871 -0.78401 -0.05020
vn -0.61871 -0.78401 -0.05020
vn -0.61871 -0.78401 -0.05020
vn -0.61871 -0.78401 -0.05020
vn 0.40589 -0.91009 0.08360
vn 0.40589 -0.91009 0.08360
vn 0.40589 -0.91009 0.08360
vn 0.21050 -0.80690 0.55190
vn 0.21050 -0.80690 0.55190
vn 0.21050 -0.80690 0.55190
vn 0.21050 -0.80690 0.55190
vn 0.01750 -0.97103 0.23831
vn 0.01750 -0.97103 0.23831
vn 0.01750 -0.97103 0.23831
vn 0.01750 -0.97103 0.23831
vn 0.01750 -0.97103 0.23831
vn 0.01750 -0.97103 0.23831
vn -0.74849 -0.65129 0.12480
vn -0.74849 -0.65129 0.12480
vn -0.74849 -0.65129 0.12480
vn -0.74849 -0.65129 0.12480
vn -0.02110 -0.93591 0.35160
vn -0.02110 -0.93591 0.35160
vn -0.02110 -0.93591 0.35160
vn 0.15039 -0.98666 -0.06240
vn 0.15039 -0.98666 -0.06240
vn 0.15039 -0.98666 -0.06240
vn 0.15039 -0.98666 -0.06240
vn -0.20191 -0.93594 0.28851
vn -0.20191 -0.93594 0.28851
vn -0.20191 -0.93594 0.28851
vn -0.20191 -0.93594 0.28851
vn 0.02570 -0.90116 0.43273
vn 0.02570 -0.90116 0.43273
vn 0.02570 -0.90116 0.43273
vn 0.02570 -0.90116 0.43273
vn 0.02570 -0.90116 0.43273
vn 0.03370 -0.96603 0.25621
vn 0.03370 -0.96603 0.25621
vn 0.03370 -0.96603 0.25621
vn 0.03370 -0.96603 0.25621
vn 0.03370 -0.96603 0.25621
vn 0.26750 -0.95641 -0.11710
vn 0.26750 -0.95641 -0.11710
vn 0.26750 -0.95641 -0.11710
vn 0.26750 -0.95641 -0.11710
vn -0.60152 -0.79793 0.03850
vn -0.60152 -0.79793 0.03850
vn -0.60152 -0.79793 0.03850
vn -0.60152 -0.79793 0.03850
vn 0.12740 -0.98503 0.11610
vn 0.12740 -0.98503 0.11610
vn 0.12740 -0.98503 0.11610
vn 0.12740 -0.98503 0.11610
vn 0.12740 -0.98503 0.11610
vn 0.37420 -0.82010 -0.43290
vn 0.37420 -0.82010 -0.43290
vn 0.37420 -0.82010 -0.43290
vn 0.37420 -0.82010 -0.43290
vn -0.01980 -0.94509 0.32620
vn -0.01980 -0.94509 0.32620
vn -0.01980 -0.94509 0.32620
vn 0.09500 -0.98376 0.15229
vn 0.09500 -0.98376 0.15229
vn 0.09500 -0.98376 0.15229
vn 0.09500 -0.98376 0.15229
vn 0.50741 -0.85362 0.11780
vn 0.50741 -0.85362 0.11780
vn 0.50741 -0.85362 0.11780
vn 0.42809 -0.58848 -0.68588
vn 0.42809 -0.58848 -0.68588
vn 0.42809 -0.58848 -0.68588
vn 0.42809 -0.58848 -0.68588
vn 0.11600 -0.77979 0.61520
vn 0.11600 -0.77979 0.61520
vn 0.49989 -0.84268 -0.20000
vn 0.49989 -0.84268 -0.20000
vn 0.49989 -0.84268 -0.20000
vn 0.49989 -0.84268 -0.20000
vn -0.63000 -0.34370 -0.69640
vn -0.63000 -0.34370 -0.69640
vn -0.63000 -0.34370 -0.69640
vn -0.63000 -0.34370 -0.69640
vn -0.25169 -0.35978 -0.89845
vn -0.25169 -0.35978 -0.89845
vn 0.51443 -0.42142 -0.74684
vn 0.51443 -0.42142 -0.74684
vn 0.51443 -0.42142 -0.74684
vn 0.51443 -0.42142 -0.74684
vn -0.93172 -0.36301 0.01120
vn -0.93172 -0.36301 0.01120
vn 0.83831 -0.54511 0.01000
vn 0.83831 -0.54511 0.01000
vn 0.83831 -0.54511 0.01000
vn 0.55792 -0.22281 -0.79943
vn 0.55792 -0.22281 -0.79943
vn 0.55792 -0.22281 -0.79943
vn 0.78392 -0.61481 -0.08650
vn 0.78392 -0.61481 -0.08650
vn 0.78392 -0.61481 -0.08650
vn -0.00480 -0.45551 0.89022
vn -0.00480 -0.45551 0.89022
vn -0.00480 -0.45551 0.89022
vn -0.48581 -0.48761 0.72541
vn -0.48581 -0.48761 0.72541
vn -0.48581 -0.48761 0.72541
vn -0.48581 -0.48761 0.72541
vn 0.27349 -0.55448 0.78597
vn 0.27349 -0.55448 0.78597
vn 0.27349 -0.55448 0.78597
vn -0.98068 -0.19380 0.02670
vn -0.98068 -0.19380 0.02670
vn -0.98068 -0.19380 0.02670
vn -0.98068 -0.19380 0.02670
vn -0.98068 -0.19380 0.02670
vn 0.75763 -0.44632 0.47622
vn 0.75763 -0.44632 0.47622
vn 0.75763 -0.44632 0.47622
vn 0.17410 -0.31940 0.93149
vn 0.17410 -0.31940 0.93149
vn 0.17410 -0.31940 0.93149
vn 0.17410 -0.31940 0.93149
vn 0.17410 -0.31940 0.93149
vn 0.41821 -0.31811 -0.85083
vn 0.41821 -0.31811 -0.85083
vn -0.94780 -0.26430 0.17840
vn -0.94780 -0.26430 0.17840
vn 0.91867 -0.12390 -0.37509
vn 0.91867 -0.12390 -0.37509
vn 0.91867 -0.12390 -0.37509
vn 0.91867 -0.12390 -0.37509
vn 0.91867 -0.12390 -0.37509
vn 0.95181 -0.11720 -0.28340
vn 0.95181 -0.11720 -0.28340
vn -0.97458 -0.00420 -0.22400
vn -0.97458 -0.00420 -0.22400
vn 0.03090 -0.15390 0.98760
vn 0.03090 -0.15390 0.98760
vn 0.03090 -0.15390 0.98760
vn -0.79217 0.08340 0.60458
vn -0.79217 0.08340 0.60458
vn -0.79217 0.08340 0.60458
vn -0.93791 -0.00770 0.34680
vn -0.93791 -0.00770 0.34680
vn -0.93791 -0.00770 0.34680
vn -0.46869 0.78629 0.40259
vn -0.46869 0.78629 0.40259
vn -0.46869 0.78629 0.40259
vn -0.84648 0.14710 -0.51169
vn -0.84648 0.14710 -0.51169
vn -0.84648 0.14710 -0.51169
vn -0.84648 0.14710 -0.51169
vn -0.84648 0.14710 -0.51169
vn -0.84648 0.14710 -0.51169
vn 0.80718 0.21209 0.55089
vn 0.80718 0.21209 0.55089
vn 0.80718 0.21209 0.55089
vn 0.63708 0.22119 -0.73838
vn 0.63708 0.22119 -0.73838
vn 0.97204 -0.18271 0.14751
vn 0.97204 -0.18271 0.14751
vn 0.97204 -0.18271 0.14751
vn 0.67243 -0.16281 0.72203
vn 0.67243 -0.16281 0.72203
vn 0.22599 0.96346 -0.14379
vn 0.22599 0.96346 -0.14379
vn 0.22599 0.96346 -0.14379
vn 0.22599 0.96346 -0.14379
vn -0.68264 0.41362 -0.60243
vn -0.68264 0.41362 -0.60243
vn -0.68264 0.41362 -0.60243
vn 0.04690 -0.17659 -0.98317
vn 0.04690 -0.17659 -0.98317
vn 0.04690 -0.17659 -0.98317
vn 0.04690 -0.17659 -0.98317
vn 0.16790 0.89148 -0.42079
vn 0.16790 0.89148 -0.42079
vn 0.16790 0.89148 -0.42079
vn 0.16790 0.89148 -0.42079
vn 0.16790 0.89148 -0.42079
vn -0.39500 0.32410 0.85961
vn -0.39500 0.32410 0.85961
vn 0.61310 0.69570 0.37430
vn 0.61310 0.69570 0.37430
vn 0.61310 0.69570 0.37430
vn 0.89780 0.40530 -0.17230
vn 0.89780 0.40530 -0.17230
vn 0.89780 0.40530 -0.17230
vn 0.89780 0.40530 -0.17230
vn -0.64446 0.02440 -0.76425
vn -0.64446 0.02440 -0.76425
vn -0.20210 -0.23310 -0.95122
vn -0.20210 -0.23310 -0.95122
vn -0.20210 -0.23310 -0.95122
vn -0.75030 0.27780 -0.59990
vn -0.75030 0.27780 -0.59990
vn -0.75030 0.27780 -0.59990
vn -0.75030 0.27780 -0.59990
vn 0.56170 0.78201 -0.27010
vn 0.56170 0.78201 -0.27010
vn 0.56170 0.78201 -0.27010
vn 0.56170 0.78201 -0.27010
vn 0.38439 0.37589 -0.84318
vn 0.38439 0.37589 -0.84318
vn 0.38439 0.37589 -0.84318
vn 0.20961 -0.19510 0.95812
vn 0.20961 -0.19510 0.95812
vn 0.20961 -0.19510 0.95812
vn 0.18660 0.91450 0.35900
vn 0.18660 0.91450 0.35900
vn 0.18660 0.91450 0.35900
vn 0.18660 0.91450 0.35900
vn -0.41209 -0.04990 0.90978
vn -0.41209 -0.04990 0.90978
vn 0.74758 0.32419 0.57968
vn 0.74758 0.32419 0.57968
vn 0.74758 0.32419 0.57968
vn 0.74758 0.32419 0.57968
vn 0.74758 0.32419 0.57968
vn 0.89479 -0.22390 -0.38629
vn 0.89479 -0.22390 -0.38629
vn -0.78611 0.50371 -0.35820
vn -0.78611 0.50371 -0.35820
vn -0.78611 0.50371 -0.35820
vn -0.78611 0.50371 -0.35820
vn -0.78611 0.50371 -0.35820
vn -0.81632 -0.23461 0.52781
vn -0.81632 -0.23461 0.52781
vn -0.81734 0.11851 0.56383
vn -0.81734 0.11851 0.56383
vn -0.81734 0.11851 0.56383
vn -0.81734 0.11851 0.56383
vn 0.52781 0.08380 0.84522
vn 0.52781 0.08380 0.84522
vn 0.52781 0.08380 0.84522
vn 0.52781 0.08380 0.84522
vn 0.52781 0.08380 0.84522
vn 0.52781 0.08380 0.84522
vn 0.42378 0.80067 0.42348
vn 0.42378 0.80067 0.42348
vn 0.42378 0.80067 0.42348
vn 0.42378 0.80067 0.42348
vn 0.42378 0.80067 0.42348
vn -0.00530 -0.04750 -0.99886
vn -0.00530 -0.04750 -0.99886
vn 0.64497 0.76396 0.01940
vn 0.64497 0.76396 0.01940
vn 0.64497 0.76396 0.01940
vn 0.64497 0.76396 0.01940
vn -0.90990 -0.18660 -0.37050
vn -0.90990 -0.18660 -0.37050
vn -0.82880 -0.45900 -0.32000
vn -0.82880 -0.45900 -0.32000
vn -0.82880 -0.45900 -0.32000
vn -0.82880 -0.45900 -0.32000
vn -0.59600 0.29910 0.74520
vn -0.59600 0.29910 0.74520
vn -0.59600 0.29910 0.74520
vn -0.59600 0.29910 0.74520
vn -0.59600 0.29910 0.74520
vn 0.15631 0.11191 -0.98135
vn 0.15631 0.11191 -0.98135
vn 0.15631 0.11191 -0.98135
vn 0.15631 0.11191 -0.98135
vn -0.19941 0.92664 -0.31871
vn -0.19941 0.92664 -0.31871
vn -0.19941 0.92664 -0.31871
vn -0.19941 0.92664 -0.31871
vn -0.19941 0.92664 -0.31871
vn -0.84112 -0.48711 0.23501
vn -0.84112 -0.48711 0.23501
vn -0.84112 -0.48711 0.23501
vn -0.84112 -0.48711 0.23501
vn -0.73778 0.42729 -0.52259
vn -0.73778 0.42729 -0.52259
vn -0.73778 0.42729 -0.52259
vn -0.73778 0.42729 -0.52259
vn -0.73778 0.42729 -0.52259
vn -0.73778 0.42729 -0.52259
vn -0.71520 0.18420 0.67420
vn -0.71520 0.18420 0.67420
vn -0.71520 0.18420 0.67420
vn -0.71520 0.18420 0.67420
vn 0.77408 0.54319 0.32519
vn 0.77408 0.54319 0.32519
vn 0.77408 0.54319 0.32519
vn 0.77408 0.54319 0.32519
vn -0.74810 -0.25650 -0.61200
vn -0.74810 -0.25650 -0.61200
vn -0.74810 -0.25650 -0.61200
vn -0.74810 -0.25650 -0.61200
vn 0.31959 0.12280 -0.93957
vn 0.31959 0.12280 -0.93957
vn 0.31959 0.12280 -0.93957
vn 0.73690 -0.35660 -0.57430
vn 0.73690 -0.35660 -0.57430
vn 0.73690 -0.35660 -0.57430
vn 0.73690 -0.35660 -0.57430
vn 0.86387 0.18609 -0.46808
vn 0.86387 0.18609 -0.46808
vn -0.24460 0.95851 -0.14640
vn -0.24460 0.95851 -0.14640
vn -0.24460 0.95851 -0.14640
vn -0.24460 0.95851 -0.14640
vn -0.24460 0.95851 -0.14640
vn 0.28190 0.87250 0.39910
vn 0.28190 0.87250 0.39910
vn 0.28190 0.87250 0.39910
vn 0.28190 0.87250 0.39910
vn 0.28190 0.87250 0.39910
vn 0.28190 0.87250 0.39910
vn 0.28190 0.87250 0.39910
vn -0.74080 0.01320 -0.67160
vn -0.74080 0.01320 -0.67160
vn -0.74080 0.01320 -0.67160
vn 0.95789 -0.06830 0.27890
vn 0.95789 -0.06830 0.27890
vn 0.95789 -0.06830 0.27890
vn -0.03650 -0.28480 0.95789
vn -0.03650 -0.28480 0.95789
vn -0.03650 -0.28480 0.95789
vn 0.33719 -0.04230 -0.94048
vn 0.33719 -0.04230 -0.94048
vn 0.33719 -0.04230 -0.94048
vn 0.33719 -0.04230 -0.94048
vn 0.65339 -0.44089 -0.61539
vn 0.65339 -0.44089 -0.61539
vn 0.65339 -0.44089 -0.61539
vn 0.65339 -0.44089 -0.61539
vn 0.65339 -0.44089 -0.61539
vn 0.65339 -0.44089 -0.61539
vn -0.59980 -0.09150 0.79490
vn -0.59980 -0.09150 0.79490
vn -0.59980 -0.09150 0.79490
vn -0.59980 -0.09150 0.79490
vn -0.59980 -0.09150 0.79490
vn -0.45019 -0.03110 0.89239
vn -0.45019 -0.03110 0.89239
vn -0.45019 -0.03110 0.89239
vn -0.45019 -0.03110 0.89239
vn -0.78482 0.14120 -0.60342
vn -0.78482 0.14120 -0.60342
vn -0.78482 0.14120 -0.60342
vn -0.78482 0.14120 -0.60342
vn -0.67092 -0.36811 0.64371
vn -0.67092 -0.36811 0.64371
vn -0.67092 -0.36811 0.64371
vn 0.47158 0.49398 -0.73047
vn 0.47158 0.49398 -0.73047
vn 0.47158 0.49398 -0.73047
vn 0.47158 0.49398 -0.73047
vn 0.47158 0.49398 -0.73047
vn 0.47158 0.49398 -0.73047
vn 0.47158 0.49398 -0.73047
vn 0.47158 0.49398 -0.73047
vn -0.68251 -0.23720 0.69131
vn -0.68251 -0.23720 0.69131
vn -0.68251 -0.23720 0.69131
vn -0.68251 -0.23720 0.69131
vn 0.26559 0.08900 0.95997
vn 0.26559 0.08900 0.95997
vn 0.26559 0.08900 0.95997
vn 0.26559 0.08900 0.95997
vn 0.26559 0.08900 0.95997
vn 0.26559 0.08900 0.95997
vn 0.15010 0.13060 -0.98001
vn 0.15010 0.13060 -0.98001
vn 0.15010 0.13060 -0.98001
vn 0.15010 0.13060 -0.98001
vn 0.15010 0.13060 -0.98001
vn -0.66029 -0.43289 0.61369
vn -0.66029 -0.43289 0.61369
vn -0.66029 -0.43289 0.61369
vn -0.66029 -0.43289 0.61369
vn -0.66029 -0.43289 0.61369
vn -0.66029 -0.43289 0.61369
vn -0.66029 -0.43289 0.61369
vn -0.66029 -0.43289 0.61369
vn 0.41892 0.14011 -0.89715
vn 0.41892 0.14011 -0.89715
vn 0.41892 0.14011 -0.89715
vn 0.41892 0.14011 -0.89715
vn 0.73387 -0.61917 -0.27939
vn 0.73387 -0.61917 -0.27939
vn 0.73387 -0.61917 -0.27939
vn 0.73387 -0.61917 -0.27939
vn 0.73387 -0.61917 -0.27939
vn 0.73387 -0.61917 -0.27939
vn -0.80328 -0.13550 0.57999
vn -0.80328 -0.13550 0.57999
vn -0.80328 -0.13550 0.57999
vn 0.09720 -0.08890 -0.99129
vn 0.09720 -0.08890 -0.99129
vn 0.09720 -0.08890 -0.99129
vn 0.09720 -0.08890 -0.99129
vn -0.07100 -0.40699 -0.91067
vn -0.07100 -0.40699 -0.91067
vn -0.07100 -0.40699 -0.91067
vn -0.23729 0.27679 -0.93117
vn -0.23729 0.27679 -0.93117
vn -0.23729 0.27679 -0.93117
vn 0.62641 0.43990 0.64351
vn 0.62641 0.43990 0.64351
vn 0.62641 0.43990 0.64351
vn 0.62641 0.43990 0.64351
vn 0.78947 0.49318 0.36539
vn 0.78947 0.49318 0.36539
vn 0.78947 0.49318 0.36539
vn 0.51228 0.28639 -0.80966
vn 0.51228 0.28639 -0.80966
vn 0.51228 0.28639 -0.80966
vn 0.51228 0.28639 -0.80966
vn 0.51228 0.28639 -0.80966
vn 0.51228 0.28639 -0.80966
vn 0.51228 0.28639 -0.80966
vn 0.20831 0.25571 0.94404
vn 0.20831 0.25571 0.94404
vn 0.20831 0.25571 0.94404
vn 0.20831 0.25571 0.94404
vn 0.20831 0.25571 0.94404
vn -0.66312 -0.35061 -0.66132
vn -0.66312 -0.35061 -0.66132
vn -0.66312 -0.35061 -0.66132
vn -0.66312 -0.35061 -0.66132
vn -0.66312 -0.35061 -0.66132
vn -0.66312 -0.35061 -0.66132
vn 0.92498 -0.37329 0.07120
vn 0.92498 -0.37329 0.07120
vn 0.92498 -0.37329 0.07120
vn 0.92498 -0.37329 0.07120
vn 0.87122 -0.00940 0.49081
vn 0.87122 -0.00940 0.49081
vn 0.25539 -0.60548 -0.75377
vn 0.25539 -0.60548 -0.75377
vn 0.25539 -0.60548 -0.75377
vn -0.65018 -0.10140 0.75298
vn -0.65018 -0.10140 0.75298
vn -0.65018 -0.10140 0.75298
vn -0.65018 -0.10140 0.75298
vn -0.65018 -0.10140 0.75298
vn 0.24409 -0.23939 0.93974
vn 0.24409 -0.23939 0.93974
vn 0.24409 -0.23939 0.93974
vn 0.24409 -0.23939 0.93974
vn 0.24409 -0.23939 0.93974
vn 0.09240 -0.01980 0.99552
vn 0.09240 -0.01980 0.99552
vn 0.11420 -0.58091 -0.80592
vn 0.11420 -0.58091 -0.80592
vn 0.11420 -0.58091 -0.80592
vn 0.11420 -0.58091 -0.80592
vn 0.18179 -0.16869 0.96876
vn 0.18179 -0.16869 0.96876
vn 0.18179 -0.16869 0.96876
vn 0.18179 -0.16869 0.96876
vn 0.18179 -0.16869 0.96876
vn 0.18179 -0.16869 0.96876
vn -0.57462 -0.10120 -0.81214
vn -0.57462 -0.10120 -0.81214
vn -0.57462 -0.10120 -0.81214
vn 0.15351 -0.41811 0.89533
vn 0.15351 -0.41811 0.89533
vn 0.15351 -0.41811 0.89533
vn 0.17920 -0.33039 -0.92668
vn 0.17920 -0.33039 -0.92668
vn 0.17920 -0.33039 -0.92668
vn -0.04090 0.48928 0.87117
vn -0.04090 0.48928 0.87117
vn -0.28871 -0.51231 -0.80882
vn -0.28871 -0.51231 -0.80882
vn -0.28871 -0.51231 -0.80882
vn -0.28871 -0.51231 -0.80882
vn -0.28871 -0.51231 -0.80882
vn -0.28871 -0.51231 -0.80882
vn -0.28871 -0.51231 -0.80882
vn 0.99648 -0.07990 -0.02530
vn 0.99648 -0.07990 -0.02530
vn 0.99648 -0.07990 -0.02530
vn 0.61276 0.36858 0.69905
vn 0.61276 0.36858 0.69905
vn 0.61276 0.36858 0.69905
vn 0.61276 0.36858 0.69905
vn 0.93053 -0.24231 -0.27461
vn 0.93053 -0.24231 -0.27461
vn 0.80150 -0.19240 -0.56620
vn 0.80150 -0.19240 -0.56620
vn 0.80150 -0.19240 -0.56620
vn 0.80150 -0.19240 -0.56620
vn 0.80150 -0.19240 -0.56620
vn 0.73993 -0.27001 -0.61612
vn 0.73993 -0.27001 -0.61612
vn 0.73993 -0.27001 -0.61612
vn 0.73993 -0.27001 -0.61612
vn 0.73993 -0.27001 -0.61612
vn 0.76792 0.40211 0.49861
vn 0.76792 0.40211 0.49861
vn 0.76792 0.40211 0.49861
vn 0.76792 0.40211 0.49861
vn -0.76719 -0.07350 -0.63719
vn -0.76719 -0.07350 -0.63719
vn -0.74159 0.32260 0.58819
vn -0.74159 0.32260 0.58819
vn -0.74159 0.32260 0.58819
vn 0.49982 0.25141 -0.82884
vn 0.49982 0.25141 -0.82884
vn 0.49982 0.25141 -0.82884
vn 0.96728 -0.14310 0.20950
vn 0.96728 -0.14310 0.20950
vn 0.96728 -0.14310 0.20950
vn 0.96728 -0.14310 0.20950
vn -0.59580 -0.20700 0.77600
vn -0.59580 -0.20700 0.77600
vn -0.59580 -0.20700 0.77600
vn -0.43062 0.23341 -0.87183
vn -0.43062 0.23341 -0.87183
vn -0.43062 0.23341 -0.87183
vn -0.70858 0.35899 -0.60748
vn -0.70858 0.35899 -0.60748
vn -0.70858 0.35899 -0.60748
vn -0.70858 0.35899 -0.60748
vn -0.70858 0.35899 -0.60748
vn -0.83191 0.09620 0.54651
vn -0.83191 0.09620 0.54651
vn -0.83191 0.09620 0.54651
vn -0.83191 0.09620 0.54651
vn 0.91797 -0.16999 0.35839
vn 0.91797 -0.16999 0.35839
vn 0.91797 -0.16999 0.35839
vn 0.91797 -0.16999 0.35839
vn 0.91797 -0.16999 0.35839
vn 0.97679 0.14860 0.15430
vn 0.97679 0.14860 0.15430
vn 0.97679 0.14860 0.15430
vn 0.97679 0.14860 0.15430
vn 0.97679 0.14860 0.15430
vn 0.54580 0.65410 0.52370
vn 0.54580 0.65410 0.52370
vn 0.54580 0.65410 0.52370
vn 0.54580 0.65410 0.52370
vn -0.69298 -0.57698 -0.43229
vn -0.69298 -0.57698 -0.43229
vn -0.69298 -0.57698 -0.43229
vn -0.91071 -0.18030 -0.37161
vn -0.91071 -0.18030 -0.37161
vn -0.40678 -0.47428 0.78076
vn -0.40678 -0.47428 0.78076
vn -0.40678 -0.47428 0.78076
vn 0.37721 -0.10260 0.92043
vn 0.37721 -0.10260 0.92043
vn 0.37721 -0.10260 0.92043
vn 0.37721 -0.10260 0.92043
vn -0.46070 -0.19570 0.86571
vn -0.46070 -0.19570 0.86571
vn -0.62038 -0.26529 0.73807
vn -0.62038 -0.26529 0.73807
vn -0.62038 -0.26529 0.73807
vn -0.62038 -0.26529 0.73807
vn -0.62038 -0.26529 0.73807
vn 0.47860 0.70409 0.52459
vn 0.47860 0.70409 0.52459
vn 0.47860 0.70409 0.52459
vn -0.39651 -0.53431 -0.74652
vn -0.39651 -0.53431 -0.74652
vn -0.39651 -0.53431 -0.74652
vn -0.39651 -0.53431 -0.74652
vn -0.39651 -0.53431 -0.74652
vn -0.38931 -0.86963 -0.30361
vn -0.38931 -0.86963 -0.30361
vn -0.38931 -0.86963 -0.30361
vn -0.38931 -0.86963 -0.30361
vn -0.38931 -0.86963 -0.30361
vn -0.52503 -0.50532 0.68483
vn -0.52503 -0.50532 0.68483
vn -0.52503 -0.50532 0.68483
vn 0.19501 0.52343 0.82945
vn 0.19501 0.52343 0.82945
vn 0.19501 0.52343 0.82945
vn 0.19501 0.52343 0.82945
vn 0.78329 -0.33960 0.52070
vn 0.78329 -0.33960 0.52070
vn 0.78329 -0.33960 0.52070
vn 0.78329 -0.33960 0.52070
vn -0.32808 -0.03050 0.94416
vn -0.32808 -0.03050 0.94416
vn -0.32808 -0.03050 0.94416
vn 0.44940 -0.50440 0.73730
vn 0.44940 -0.50440 0.73730
vn 0.72959 0.38299 -0.56659
vn 0.72959 0.38299 -0.56659
vn 0.72959 0.38299 -0.56659
vn 0.06790 0.11620 0.99090
vn 0.06790 0.11620 0.99090
vn 0.06790 0.11620 0.99090
vn 0.06790 0.11620 0.99090
vn 0.06790 0.11620 0.99090
vn 0.88717 -0.32459 0.32799
vn 0.88717 -0.32459 0.32799
vn 0.92090 -0.12170 0.37030
vn 0.92090 -0.12170 0.37030
vn -0.11689 -0.08780 -0.98926
vn -0.11689 -0.08780 -0.98926
vn -0.11689 -0.08780 -0.98926
vn -0.11689 -0.08780 -0.98926
vn -0.11689 -0.08780 -0.98926
vn 0.68148 -0.73068 -0.04110
vn 0.68148 -0.73068 -0.04110
vn 0.68148 -0.73068 -0.04110
vn 0.68148 -0.73068 -0.04110
vn 0.68148 -0.73068 -0.04110
vn 0.24500 0.14310 -0.95890
vn 0.24500 0.14310 -0.95890
vn 0.24500 0.14310 -0.95890
vn 0.24500 0.14310 -0.95890
vn 0.24500 0.14310 -0.95890
vn 0.24500 0.14310 -0.95890
vn 0.32989 0.53268 0.77937
vn 0.32989 0.53268 0.77937
vn 0.32989 0.53268 0.77937
vn -0.47970 -0.02420 0.87710
vn -0.47970 -0.02420 0.87710
vn -0.47970 -0.02420 0.87710
vn -0.47970 -0.02420 0.87710
vn -0.47970 -0.02420 0.87710
vn 0.90225 -0.43028 -0.02830
vn 0.90225 -0.43028 -0.02830
vn 0.90225 -0.43028 -0.02830
vn 0.90225 -0.43028 -0.02830
vn 0.02160 0.06970 0.99733
vn 0.02160 0.06970 0.99733
vn 0.02160 0.06970 0.99733
vn 0.02160 0.06970 0.99733
vn 0.88323 0.31241 0.34971
vn 0.88323 0.31241 0.34971
vn 0.88323 0.31241 0.34971
vn 0.96340 0.20160 0.17670
vn 0.96340 0.20160 0.17670
vn -0.97066 -0.10990 -0.21389
vn -0.01070 -0.11971 -0.99275
vn -0.01070 -0.11971 -0.99275
vn -0.01070 -0.11971 -0.99275
vn -0.88140 -0.38670 -0.27130
vn -0.88140 -0.38670 -0.27130
vn -0.53672 -0.51322 0.66973
vn -0.53672 -0.51322 0.66973
vn -0.53672 -0.51322 0.66973
vn 0.73610 0.39800 -0.54750
vn 0.73610 0.39800 -0.54750
vn 0.73610 0.39800 -0.54750
vn 0.73610 0.39800 -0.54750
vn 0.38979 -0.45549 -0.80037
vn 0.38979 -0.45549 -0.80037
vn 0.38979 -0.45549 -0.80037
vn 0.70411 -0.69471 0.14700
vn 0.70411 -0.69471 0.14700
vn 0.70411 -0.69471 0.14700
vn 0.70411 -0.69471 0.14700
vn -0.90989 -0.00600 0.41480
vn -0.90989 -0.00600 0.41480
vn -0.90989 -0.00600 0.41480
vn -0.45470 -0.64441 0.61481
vn -0.45470 -0.64441 0.61481
vn -0.45470 -0.64441 0.61481
vn -0.45470 -0.64441 0.61481
vn -0.38159 -0.66259 -0.64449
vn -0.38159 -0.66259 -0.64449
vn -0.38159 -0.66259 -0.64449
vn -0.38159 -0.66259 -0.64449
vn 0.38048 -0.71157 -0.59068
vn 0.38048 -0.71157 -0.59068
vn 0.38048 -0.71157 -0.59068
vn 0.38048 -0.71157 -0.59068
vn 0.38048 -0.71157 -0.59068
vn -0.69359 -0.69529 0.18840
vn -0.69359 -0.69529 0.18840
vn -0.69359 -0.69529 0.18840
vn -0.99273 0.08420 -0.08600
vn 0.54318 0.47899 0.68958
vn 0.54318 0.47899 0.68958
vn 0.54318 0.47899 0.68958
vn -0.99342 -0.00370 0.11450
vn -0.83110 -0.00460 0.55610
vn -0.83110 -0.00460 0.55610
vn -0.83110 -0.00460 0.55610
vn -0.76900 -0.61770 0.16460
vn -0.76900 -0.61770 0.16460
vn -0.76900 -0.61770 0.16460
vn 0.77847 -0.37199 0.50558
vn 0.77847 -0.37199 0.50558
vn 0.77847 -0.37199 0.50558
vn 0.77847 -0.37199 0.50558
vn 0.77847 -0.37199 0.50558
vn 0.81048 -0.39329 0.43409
vn 0.81048 -0.39329 0.43409
vn 0.81048 -0.39329 0.43409
vn 0.80218 0.34619 -0.48649
vn 0.80218 0.34619 -0.48649
vn 0.80218 0.34619 -0.48649
vn 0.80218 0.34619 -0.48649
vn 0.84209 0.50880 0.17890
vn 0.84209 0.50880 0.17890
vn -0.08610 0.66819 -0.73899
vn -0.08610 0.66819 -0.73899
vn -0.88376 -0.15569 0.44128
vn -0.88376 -0.15569 0.44128
vn -0.88376 -0.15569 0.44128
vn -0.88376 -0.15569 0.44128
vn 0.95237 -0.22749 0.20309
vn 0.95237 -0.22749 0.20309
vn 0.95237 -0.22749 0.20309
vn 0.96687 0.21639 -0.13540
vn 0.96687 0.21639 -0.13540
vn 0.96687 0.21639 -0.13540
vn 0.32400 -0.73071 0.60091
vn 0.32400 -0.73071 0.60091
vn 0.32400 -0.73071 0.60091
vn 0.64351 0.28371 -0.71092
vn 0.64351 0.28371 -0.71092
vn 0.64351 0.28371 -0.71092
vn 0.64351 0.28371 -0.71092
vn -0.35861 0.30421 -0.88253
vn -0.35861 0.30421 -0.88253
vn -0.48232 -0.18961 -0.85523
vn -0.48232 -0.18961 -0.85523
vn -0.48232 -0.18961 -0.85523
vn -0.80572 -0.31031 0.50451
vn -0.80572 -0.31031 0.50451
vn 0.85490 0.38620 -0.34640
vn 0.85490 0.38620 -0.34640
vn 0.85490 0.38620 -0.34640
vn 0.18310 -0.75420 0.63060
vn 0.18310 -0.75420 0.63060
vn 0.18310 -0.75420 0.63060
vn 0.45201 -0.86701 0.20970
vn 0.45201 -0.86701 0.20970
vn 0.45201 -0.86701 0.20970
vn 0.83451 -0.26530 -0.48291
vn 0.83451 -0.26530 -0.48291
vn -0.51682 -0.67402 -0.52782
vn -0.51682 -0.67402 -0.52782
vn -0.51682 -0.67402 -0.52782
vn -0.51682 -0.67402 -0.52782
vn -0.07410 -0.55142 0.83093
vn -0.07410 -0.55142 0.83093
vn -0.07410 -0.55142 0.83093
vn -0.07410 -0.55142 0.83093
vn 0.97028 -0.05350 0.23600
vn 0.97028 -0.05350 0.23600
vn 0.97028 -0.05350 0.23600
vn 0.25640 0.95380 0.15660
vn 0.25640 0.95380 0.15660
vn 0.25640 0.95380 0.15660
vn 0.25640 0.95380 0.15660
vn 0.25640 0.95380 0.15660
vn 0.61931 0.61091 -0.49321
vn 0.61931 0.61091 -0.49321
vn 0.61931 0.61091 -0.49321
vn 0.16199 0.35019 0.92257
vn 0.16199 0.35019 0.92257
vn 0.16199 0.35019 0.92257
vn 0.05660 0.16480 0.98470
vn 0.05660 0.16480 0.98470
vn 0.05660 0.16480 0.98470
vn 0.05660 0.16480 0.98470
vn 0.05660 0.16480 0.98470
vn 0.93334 0.35862 -0.01640
vn 0.93334 0.35862 -0.01640
vn 0.93334 0.35862 -0.01640
vn -0.38500 -0.75239 -0.53449
vn -0.38500 -0.75239 -0.53449
vn -0.38500 -0.75239 -0.53449
vn -0.38500 -0.75239 -0.53449
vn -0.38500 -0.75239 -0.53449
vn 0.91838 -0.20110 -0.34079
vn 0.91838 -0.20110 -0.34079
vn 0.91838 -0.20110 -0.34079
vn -0.67821 -0.70341 -0.21270
vn -0.67821 -0.70341 -0.21270
vn -0.67821 -0.70341 -0.21270
vn -0.67821 -0.70341 -0.21270
vn 0.90416 0.37528 0.20409
vn 0.90416 0.37528 0.20409
vn 0.90416 0.37528 0.20409
vn 0.90416 0.37528 0.20409
vn -0.93838 0.18380 -0.29269
vn -0.93838 0.18380 -0.29269
vn -0.07400 -0.44791 -0.89101
vn -0.07400 -0.44791 -0.89101
vn -0.07400 -0.44791 -0.89101
vn 0.33632 0.73044 -0.59443
vn 0.33632 0.73044 -0.59443
vn 0.35512 -0.29622 0.88665
vn 0.35512 -0.29622 0.88665
vn 0.35512 -0.29622 0.88665
vn 0.35512 -0.29622 0.88665
vn 0.90144 -0.31921 0.29241
vn 0.90144 -0.31921 0.29241
vn 0.90144 -0.31921 0.29241
vn 0.90144 -0.31921 0.29241
vn 0.68793 0.57442 0.44362
vn 0.68793 0.57442 0.44362
vn 0.68793 0.57442 0.44362
vn -0.33420 -0.26040 0.90581
vn -0.33420 -0.26040 0.90581
vn -0.33420 -0.26040 0.90581
vn -0.33420 -0.26040 0.90581
vn 0.15430 0.19440 -0.96871
vn 0.15430 0.19440 -0.96871
vn 0.15430 0.19440 -0.96871
vn -0.09550 -0.98566 0.13909
vn -0.09550 -0.98566 0.13909
vn -0.09550 -0.98566 0.13909
vn -0.55361 -0.72061 0.41741
vn -0.55361 -0.72061 0.41741
vn -0.55361 -0.72061 0.41741
vn -0.79505 -0.39132 0.46343
vn -0.79505 -0.39132 0.46343
vn 0.97847 -0.20409 -0.03070
vn 0.97847 -0.20409 -0.03070
vn 0.97847 -0.20409 -0.03070
vn 0.97847 -0.20409 -0.03070
vn 0.56500 0.65480 -0.50200
vn 0.56500 0.65480 -0.50200
vn 0.56500 0.65480 -0.50200
vn 0.56500 0.65480 -0.50200
vn -0.61092 -0.66653 0.42722
vn -0.61092 -0.66653 0.42722
vn -0.73671 0.60291 -0.30620
vn -0.73671 0.60291 -0.30620
vn 0.42080 -0.43180 0.79780
vn 0.42080 -0.43180 0.79780
vn 0.42080 -0.43180 0.79780
vn 0.42080 -0.43180 0.79780
vn -0.30101 -0.55341 -0.77662
vn -0.30101 -0.55341 -0.77662
vn -0.65697 -0.75057 -0.07100
vn -0.65697 -0.75057 -0.07100
vn -0.65697 -0.75057 -0.07100
vn 0.89981 -0.01530 -0.43601
vn 0.89981 -0.01530 -0.43601
vn 0.89981 -0.01530 -0.43601
vn 0.76474 -0.64134 0.06210
vn 0.76474 -0.64134 0.06210
vn 0.76474 -0.64134 0.06210
vn 0.86726 -0.18949 0.46038
vn 0.86726 -0.18949 0.46038
vn 0.86726 -0.18949 0.46038
vn 0.86726 -0.18949 0.46038
vn 0.55461 -0.62591 0.54831
vn 0.55461 -0.62591 0.54831
vn -0.65800 -0.73649 0.15690
vn -0.65800 -0.73649 0.15690
vn -0.65800 -0.73649 0.15690
vn 0.98408 -0.06430 -0.16570
vn 0.98408 -0.06430 -0.16570
vn 0.98408 -0.06430 -0.16570
vn 0.33521 -0.18190 0.92442
vn 0.33521 -0.18190 0.92442
vn 0.33521 -0.18190 0.92442
vn -0.61398 -0.61248 0.49789
vn -0.61398 -0.61248 0.49789
vn -0.92242 0.03390 -0.38471
vn -0.92242 0.03390 -0.38471
vn -0.92242 0.03390 -0.38471
vn -0.90635 -0.11411 0.40682
vn -0.90635 -0.11411 0.40682
vn -0.90635 -0.11411 0.40682
vn -0.90635 -0.11411 0.40682
vn 0.75769 0.64889 0.06960
vn 0.75769 0.64889 0.06960
vn 0.75769 0.64889 0.06960
vn 0.75769 0.64889 0.06960
vn -0.75080 0.02870 -0.65990
vn -0.75080 0.02870 -0.65990
vn -0.75080 0.02870 -0.65990
vn -0.75080 0.02870 -0.65990
vn 0.29581 -0.46321 0.83542
vn 0.29581 -0.46321 0.83542
vn 0.29581 -0.46321 0.83542
vn 0.29581 -0.46321 0.83542
vn 0.29581 -0.46321 0.83542
vn -0.75919 -0.64979 -0.03730
vn -0.75919 -0.64979 -0.03730
vn -0.93452 -0.13400 0.32971
vn 0.26710 -0.67251 0.69021
vn 0.26710 -0.67251 0.69021
vn 0.26710 -0.67251 0.69021
vn 0.26710 -0.67251 0.69021
vn 0.26710 -0.67251 0.69021
vn 0.64112 0.12360 0.75742
vn 0.64112 0.12360 0.75742
vn 0.64112 0.12360 0.75742
vn 0.64112 0.12360 0.75742
vn 0.64112 0.12360 0.75742
vn -0.50349 -0.77279 -0.38639
vn -0.50349 -0.77279 -0.38639
vn 0.86689 0.10370 -0.48759
vn 0.86689 0.10370 -0.48759
vn 0.86689 0.10370 -0.48759
vn 0.86689 0.10370 -0.48759
vn 0.70878 0.69068 0.14350
vn 0.70878 0.69068 0.14350
vn 0.70878 0.69068 0.14350
vn 0.43061 0.70421 -0.56451
vn 0.43061 0.70421 -0.56451
vn 0.43061 0.70421 -0.56451
vn 0.96442 0.21060 -0.15980
vn 0.96442 0.21060 -0.15980
vn 0.96442 0.21060 -0.15980
vn 0.96442 0.21060 -0.15980
vn 0.40902 0.80335 0.43282
vn 0.40902 0.80335 0.43282
vn 0.40902 0.80335 0.43282
vn 0.40902 0.80335 0.43282
vn 0.43300 0.89510 -0.10630
vn 0.43300 0.89510 -0.10630
vn 0.91226 -0.13629 0.38628
vn 0.91226 -0.13629 0.38628
vn 0.91226 -0.13629 0.38628
vn 0.86393 0.40612 0.29781
vn 0.95508 -0.02270 -0.29549
vn 0.95508 -0.02270 -0.29549
vn 0.95508 -0.02270 -0.29549
vn -0.24890 0.61231 -0.75041
vn -0.24890 0.61231 -0.75041
vn -0.24890 0.61231 -0.75041
vn -0.35391 -0.91521 0.19270
vn -0.35391 -0.91521 0.19270
vn 0.96515 -0.01020 0.26149
vn 0.96515 -0.01020 0.26149
vn 0.96515 -0.01020 0.26149
vn -0.60932 0.24001 0.75573
vn -0.60932 0.24001 0.75573
vn -0.60932 0.24001 0.75573
vn -0.39400 -0.55171 -0.73511
vn -0.39400 -0.55171 -0.73511
vn -0.97983 -0.05250 -0.19281
vn -0.96281 0.26040 -0.07200
vn -0.96281 0.26040 -0.07200
vn -0.96281 0.26040 -0.07200
vn -0.38200 -0.89600 0.22640
vn -0.38200 -0.89600 0.22640
vn -0.38200 -0.89600 0.22640
vn -0.38200 -0.89600 0.22640
vn 0.73901 0.66691 0.09540
vn 0.73901 0.66691 0.09540
vn 0.73901 0.66691 0.09540
vn 0.73901 0.66691 0.09540
vn -0.43499 0.89499 0.09890
vn -0.43499 0.89499 0.09890
vn -0.43499 0.89499 0.09890
vn -0.43499 0.89499 0.09890
vn -0.69054 -0.72304 0.01940
vn -0.69054 -0.72304 0.01940
vn -0.69054 -0.72304 0.01940
vn 0.79061 0.57201 -0.21850
vn 0.79061 0.57201 -0.21850
vn 0.79061 0.57201 -0.21850
vn 0.79061 0.57201 -0.21850
vn -0.78916 0.59887 -0.13629
vn -0.78916 0.59887 -0.13629
vn -0.78916 0.59887 -0.13629
vn -0.47460 -0.34610 -0.80930
vn -0.47460 -0.34610 -0.80930
vn -0.47460 -0.34610 -0.80930
vn 0.71089 0.01730 -0.70309
vn 0.71089 0.01730 -0.70309
vn 0.55283 0.02070 0.83304
vn 0.55283 0.02070 0.83304
vn 0.55283 0.02070 0.83304
vn -0.61971 -0.72242 -0.30671
vn -0.61971 -0.72242 -0.30671
vn -0.61971 -0.72242 -0.30671
vn -0.41861 -0.35661 0.83522
vn -0.41861 -0.35661 0.83522
vn -0.41861 -0.35661 0.83522
vn -0.41861 -0.35661 0.83522
vn -0.33799 -0.90507 -0.25809
vn -0.33799 -0.90507 -0.25809
vn -0.74024 -0.61843 -0.26381
vn -0.74024 -0.61843 -0.26381
vn -0.74024 -0.61843 -0.26381
vn 0.73760 0.17150 0.65310
vn 0.73760 0.17150 0.65310
vn 0.73760 0.17150 0.65310
vn 0.23149 0.97145 -0.05190
vn 0.23149 0.97145 -0.05190
vn -0.52609 0.42679 -0.73558
vn -0.52609 0.42679 -0.73558
vn -0.52609 0.42679 -0.73558
vn -0.07820 -0.57230 0.81630
vn -0.07820 -0.57230 0.81630
vn -0.07820 -0.57230 0.81630
vn -0.07820 -0.57230 0.81630
vn -0.07820 -0.57230 0.81630
vn -0.80101 0.58911 0.10650
vn -0.80101 0.58911 0.10650
vn 0.68470 0.46270 -0.56310
vn 0.68470 0.46270 -0.56310
vn 0.68470 0.46270 -0.56310
vn -0.72665 -0.67895 0.10491
vn -0.72665 -0.67895 0.10491
vn -0.72665 -0.67895 0.10491
vn -0.89003 -0.42772 -0.15781
vn -0.89003 -0.42772 -0.15781
vn -0.89003 -0.42772 -0.15781
vn -0.89003 -0.42772 -0.15781
vn -0.62062 0.48271 -0.61792
vn -0.62062 0.48271 -0.61792
vn -0.93108 -0.06440 0.35909
vn 0.68618 0.62358 0.37459
vn 0.68618 0.62358 0.37459
vn -0.78374 -0.08790 -0.61483
vn -0.78374 -0.08790 -0.61483
vn -0.78374 -0.08790 -0.61483
vn -0.96329 -0.26600 0.03620
vn -0.37039 0.19129 0.90897
vn -0.37039 0.19129 0.90897
vn -0.37039 0.19129 0.90897
vn 0.92802 0.17990 0.32621
vn 0.92802 0.17990 0.32621
vn 0.92802 0.17990 0.32621
vn -0.92820 -0.35110 -0.12320
vn -0.92820 -0.35110 -0.12320
vn 0.34500 0.88211 -0.32070
vn 0.34500 0.88211 -0.32070
vn 0.34500 0.88211 -0.32070
vn 0.34500 0.88211 -0.32070
vn -0.77623 0.53432 -0.33461
vn -0.77623 0.53432 -0.33461
vn -0.77623 0.53432 -0.33461
vn -0.77623 0.53432 -0.33461
vn -0.77623 0.53432 -0.33461
vn -0.77623 0.53432 -0.33461
vn -0.75157 -0.52108 0.40449
vn -0.75157 -0.52108 0.40449
vn -0.75157 -0.52108 0.40449
vn 0.76278 0.54208 -0.35259
vn 0.76278 0.54208 -0.35259
vn 0.76278 0.54208 -0.35259
vn 0.76278 0.54208 -0.35259
vn 0.76278 0.54208 -0.35259
vn 0.76278 0.54208 -0.35259
vn 0.29161 0.94274 0.16191
vn 0.29161 0.94274 0.16191
vn -0.88804 -0.37781 0.26201
vn -0.88804 -0.37781 0.26201
vn -0.26621 -0.96352 -0.02760
vn 0.66871 0.27870 -0.68931
vn 0.66871 0.27870 -0.68931
vn 0.66871 0.27870 -0.68931
vn -0.45240 0.53570 0.71300
vn -0.45240 0.53570 0.71300
vn -0.45240 0.53570 0.71300
vn 0.87457 0.45798 0.15929
vn 0.87457 0.45798 0.15929
vn 0.87457 0.45798 0.15929
vn 0.81683 -0.28681 -0.50052
vn 0.81683 -0.28681 -0.50052
vn 0.81683 -0.28681 -0.50052
vn 0.81683 -0.28681 -0.50052
vn -0.90070 -0.01930 -0.43400
vn -0.90070 -0.01930 -0.43400
vn -0.90070 -0.01930 -0.43400
vn -0.62479 0.26490 0.73449
vn -0.62479 0.26490 0.73449
vn -0.62479 0.26490 0.73449
vn -0.62479 0.26490 0.73449
vn -0.55831 -0.44450 0.70051
vn -0.55831 -0.44450 0.70051
vn -0.78648 -0.61118 -0.08890
vn -0.78648 -0.61118 -0.08890
vn -0.84525 -0.09609 -0.52567
vn -0.84525 -0.09609 -0.52567
vn -0.62813 0.23101 0.74303
vn -0.62813 0.23101 0.74303
vn 0.65643 0.72454 0.21011
vn 0.65643 0.72454 0.21011
vn -0.69010 -0.57010 0.44580
vn -0.69010 -0.57010 0.44580
vn -0.69010 -0.57010 0.44580
vn -0.69010 -0.57010 0.44580
vn 0.33830 0.70440 -0.62400
vn 0.33830 0.70440 -0.62400
vn -0.46940 -0.87379 0.12710
vn -0.46940 -0.87379 0.12710
vn -0.71119 0.30480 0.63349
vn -0.71119 0.30480 0.63349
vn -0.71119 0.30480 0.63349
vn 0.38499 0.92258 0.02520
vn 0.38499 0.92258 0.02520
vn 0.38499 0.92258 0.02520
vn -0.80635 0.23271 -0.54373
vn -0.80635 0.23271 -0.54373
vn -0.80635 0.23271 -0.54373
vn -0.80635 0.23271 -0.54373
usemtl lingcao_shengling_young_mat
s off
f 1/1/1 3/3/3 9/9/9
f 1/1/1 9/9/9 12/12/12
f 3/3/3 16/16/16 9/9/9
f 2/2/2 14/14/14 61/61/61
f 2/2/2 32/32/32 6/6/6
f 2/2/2 61/61/61 32/32/32
f 22/22/22 26/26/26 42/42/42
f 22/22/22 42/42/42 29/29/29
f 4/4/4 33/33/33 17/17/17
f 37/37/37 45/45/45 41/41/41
f 43/43/43 51/51/51 39/39/39
f 5/5/5 28/28/28 46/46/46
f 45/45/45 37/37/37 62/62/62
f 23/23/23 48/48/48 40/40/40
f 4/4/4 44/44/44 33/33/33
f 55/55/55 70/70/70 30/30/30
f 53/53/53 58/58/58 71/71/71
f 56/56/56 31/31/31 59/59/59
f 75/75/75 78/78/78 82/82/82
f 75/75/75 50/50/50 78/78/78
f 14/14/14 88/88/88 61/61/61
f 39/39/39 51/51/51 89/89/89
f 29/29/29 42/42/42 47/47/47
f 21/21/21 67/67/67 24/24/24
f 54/54/54 79/79/79 70/70/70
f 57/57/57 73/73/73 94/94/94
f 57/57/57 94/94/94 81/81/81
f 77/77/77 90/90/90 52/52/52
f 20/20/20 27/27/27 66/66/66
f 50/50/50 69/69/69 78/78/78
f 25/25/25 68/68/68 49/49/49
f 84/84/84 80/80/80 93/93/93
f 60/60/60 87/87/87 74/74/74
f 7/7/7 95/95/95 99/99/99
f 10/10/10 100/100/100 13/13/13
f 45/45/45 62/62/62 34/34/34
f 8/8/8 15/15/15 96/96/96
f 83/83/83 92/92/92 103/103/103
f 19/19/19 106/106/106 98/98/98
f 94/94/94 73/73/73 109/109/109
f 13/13/13 100/100/100 112/112/112
f 84/84/84 104/104/104 115/115/115
f 38/38/38 117/117/117 121/121/121
f 39/39/39 89/89/89 118/118/118
f 38/38/38 121/121/121 64/64/64
f 76/76/76 84/84/84 124/124/124
f 18/18/18 35/35/35 126/126/126
f 18/18/18 126/126/126 105/105/105
f 84/84/84 133/133/133 124/124/124
f 89/89/89 137/137/137 118/118/118
f 74/74/74 87/87/87 140/140/140
f 11/11/11 111/111/111 85/85/85
f 77/77/77 125/125/125 90/90/90
f 90/90/90 125/125/125 138/138/138
f 63/63/63 119/119/119 141/141/141
f 65/65/65 142/142/142 36/36/36
f 84/84/84 115/115/115 133/133/133
f 102/102/102 91/91/91 145/145/145
f 72/72/72 139/139/139 108/108/108
f 36/36/36 142/142/142 130/130/130
f 94/94/94 109/109/109 147/147/147
f 108/108/108 139/139/139 149/149/149
f 105/105/105 150/150/150 97/97/97
f 125/125/125 154/154/154 138/138/138
f 105/105/105 126/126/126 155/155/155
f 105/105/105 155/155/155 150/150/150
f 163/163/163 129/129/129 169/169/169
f 107/107/107 148/148/148 170/170/170
f 107/107/107 170/170/170 144/144/144
f 122/122/122 160/160/160 142/142/142
f 113/113/113 101/101/101 173/173/173
f 114/114/114 177/177/177 132/132/132
f 113/113/113 173/173/173 175/175/175
f 123/123/123 131/131/131 178/178/178
f 123/123/123 178/178/178 153/153/153
f 183/183/183 186/186/186 190/190/190
f 132/132/132 177/177/177 179/179/179
f 192/192/192 197/197/197 199/199/199
f 146/146/146 172/172/172 194/194/194
f 182/182/182 188/188/188 204/204/204
f 95/95/95 205/205/205 99/99/99
f 86/86/86 189/189/189 208/208/208
f 87/87/87 209/209/209 140/140/140
f 111/111/111 187/187/187 85/85/85
f 192/192/192 171/171/171 197/197/197
f 101/101/101 143/143/143 218/218/218
f 101/101/101 218/218/218 173/173/173
f 142/142/142 213/213/213 130/130/130
f 193/193/193 216/216/216 220/220/220
f 116/116/116 134/134/134 221/221/221
f 145/145/145 193/193/193 220/220/220
f 117/117/117 223/223/223 229/229/229
f 117/117/117 229/229/229 121/121/121
f 97/97/97 150/150/150 206/206/206
f 217/217/217 195/195/195 232/232/232
f 129/129/129 211/211/211 169/169/169
f 120/120/120 228/228/228 158/158/158
f 167/167/167 242/242/242 161/161/161
f 227/227/227 247/247/247 251/251/251
f 214/214/214 230/230/230 254/254/254
f 226/226/226 236/236/236 264/264/264
f 111/111/111 260/260/260 187/187/187
f 136/136/136 152/152/152 263/263/263
f 161/161/161 242/242/242 265/265/265
f 190/190/190 186/186/186 269/269/269
f 157/157/157 127/127/127 273/273/273
f 128/128/128 162/162/162 275/275/275
f 191/191/191 198/198/198 231/231/231
f 161/161/161 265/265/265 299/299/299
f 185/185/185 284/284/284 288/288/288
f 142/142/142 160/160/160 213/213/213
f 201/201/201 300/300/300 277/277/277
f 224/224/224 261/261/261 244/244/244
f 237/237/237 164/164/164 289/289/289
f 184/184/184 180/180/180 282/282/282
f 190/190/190 269/269/269 306/306/306
f 165/165/165 210/210/210 291/291/291
f 139/139/139 207/207/207 311/311/311
f 139/139/139 311/311/311 149/149/149
f 225/225/225 250/250/250 314/314/314
f 225/225/225 314/314/314 235/235/235
f 202/202/202 278/278/278 181/181/181
f 189/189/189 305/305/305 208/208/208
f 215/215/215 255/255/255 308/308/308
f 204/204/204 188/188/188 400/400/400
f 185/185/185 288/288/288 270/270/270
f 149/149/149 311/311/311 419/419/419
f 110/110/110 99/99/99 259/259/259
f 99/99/99 205/205/205 259/259/259
f 151/151/151 156/156/156 272/272/272
f 216/216/216 309/309/309 220/220/220
f 162/162/162 302/302/302 275/275/275
f 238/238/238 290/290/290 328/328/328
f 241/241/241 330/330/330 298/298/298
f 148/148/148 417/417/417 170/170/170
f 221/221/221 134/134/134 331/331/331
f 221/221/221 331/331/331 334/334/334
f 135/135/135 262/262/262 332/332/332
f 282/282/282 180/180/180 343/343/343
f 283/283/283 367/367/367 257/257/257
f 280/280/280 341/341/341 363/363/363
f 222/222/222 336/336/336 349/349/349
f 222/222/222 349/349/349 228/228/228
f 261/261/261 352/352/352 244/244/244
f 170/170/170 417/417/417 196/196/196
f 205/205/205 356/356/356 259/259/259
f 296/296/296 362/362/362 240/240/240
f 316/316/316 364/364/364 322/322/322
f 281/281/281 254/254/254 285/285/285
f 249/249/249 246/246/246 374/374/374
f 181/181/181 278/278/278 339/339/339
f 181/181/181 339/339/339 344/344/344
f 203/203/203 399/399/399 459/459/459
f 203/203/203 459/459/459 302/302/302
f 177/177/177 174/174/174 447/447/447
f 206/206/206 150/150/150 358/358/358
f 220/220/220 309/309/309 385/385/385
f 320/320/320 393/393/393 368/368/368
f 256/256/256 366/366/366 396/396/396
f 288/288/288 403/403/403 270/270/270
f 297/297/297 415/415/415 325/325/325
f 324/324/324 376/376/376 295/295/295
f 168/168/168 405/405/405 243/243/243
f 277/277/277 300/300/300 407/407/407
f 151/151/151 272/272/272 359/359/359
f 187/187/187 260/260/260 479/479/479
f 330/330/330 416/416/416 298/298/298
f 197/197/197 418/418/418 199/199/199
f 264/264/264 236/236/236 333/333/333
f 159/159/159 293/293/293 212/212/212
f 317/317/317 252/252/252 391/391/391
f 255/255/255 395/395/395 308/308/308
f 199/199/199 418/418/418 422/422/422
f 263/263/263 152/152/152 354/354/354
f 279/279/279 408/408/408 413/413/413
f 200/200/200 423/423/423 234/234/234
f 318/318/318 326/326/326 429/429/429
f 319/319/319 430/430/430 253/253/253
f 254/254/254 432/432/432 285/285/285
f 267/267/267 398/398/398 437/437/437
f 268/268/268 438/438/438 303/303/303
f 153/153/153 178/178/178 355/355/355
f 369/369/369 346/346/346 445/445/445
f 325/325/325 415/415/415 425/425/425
f 178/178/178 176/176/176 446/446/446
f 178/178/178 446/446/446 355/355/355
f 295/295/295 376/376/376 361/361/361
f 208/208/208 305/305/305 450/450/450
f 207/207/207 448/448/448 311/311/311
f 323/323/323 453/453/453 375/375/375
f 287/287/287 458/458/458 401/401/401
f 447/447/447 174/174/174 219/219/219
f 376/376/376 461/461/461 361/361/361
f 301/301/301 266/266/266 465/465/465
f 302/302/302 459/459/459 275/275/275
f 258/258/258 233/233/233 513/513/513
f 286/286/286 433/433/433 457/457/457
f 276/276/276 411/411/411 337/337/337
f 228/228/228 349/349/349 158/158/158
f 248/248/248 372/372/372 387/387/387
f 408/408/408 473/473/473 413/413/413
f 159/159/159 350/350/350 293/293/293
f 166/166/166 239/239/239 360/360/360
f 166/166/166 360/360/360 404/404/404
f 300/300/300 464/464/464 407/407/407
f 380/380/380 477/477/477 462/462/462
f 340/340/340 412/412/412 504/504/504
f 418/418/418 482/482/482 422/422/422
f 188/188/188 480/480/480 400/400/400
f 260/260/260 486/486/486 479/479/479
f 331/331/331 491/491/491 334/334/334
f 333/333/333 236/236/236 493/493/493
f 245/245/245 353/353/353 569/569/569
f 418/418/418 495/495/495 482/482/482
f 259/259/259 356/356/356 487/487/487
f 246/246/246 571/571/571 374/374/374
f 444/444/444 345/345/345 499/499/499
f 343/343/343 503/503/503 498/498/498
f 342/342/342 338/338/338 502/502/502
f 460/460/460 434/434/434 528/528/528
f 258/258/258 513/513/513 435/435/435
f 231/231/231 421/421/421 511/511/511
f 356/356/356 514/514/514 487/487/487
f 236/236/236 315/315/315 493/493/493
f 379/379/379 517/517/517 470/470/470
f 364/364/364 442/442/442 322/322/322
f 411/411/411 505/505/505 500/500/500
f 307/307/307 394/394/394 383/383/383
f 447/447/447 219/219/219 520/520/520
f 220/220/220 385/385/385 521/521/521
f 378/378/378 523/523/523 476/476/476
f 327/327/327 443/443/443 392/392/392
f 377/377/377 469/469/469 522/522/522
f 413/413/413 474/474/474 507/507/507
f 357/357/357 271/271/271 526/526/526
f 357/357/357 526/526/526 515/515/515
f 274/274/274 456/456/456 527/527/527
f 402/402/402 481/481/481 441/441/441
f 321/321/321 386/386/386 451/451/451
f 365/365/365 389/389/389 529/529/529
f 370/370/370 531/531/531 397/397/397
f 420/420/420 313/313/313 497/497/497
f 379/379/379 454/454/454 517/517/517
f 294/294/294 351/351/351 536/536/536
f 467/467/467 516/516/516 538/538/538
f 482/482/482 495/495/495 543/543/543
f 329/329/329 292/292/292 532/532/532
f 328/328/328 533/533/533 414/414/414
f 421/421/421 548/548/548 511/511/511
f 482/482/482 543/543/543 552/552/552
f 304/304/304 556/556/556 449/449/449
f 422/422/422 482/482/482 549/549/549
f 303/303/303 438/438/438 555/555/555
f 388/388/388 371/371/371 558/558/558
f 449/449/449 556/556/556 312/312/312
f 492/492/492 560/560/560 335/335/335
f 392/392/392 443/443/443 564/564/564
f 528/528/528 434/434/434 637/637/637
f 353/353/353 567/567/567 569/569/569
f 576/576/576 472/472/472 539/539/539
f 487/487/487 514/514/514 579/579/579
f 312/312/312 556/556/556 585/585/585
f 335/335/335 560/560/560 347/347/347
f 355/355/355 446/446/446 568/568/568
f 371/371/371 587/587/587 558/558/558
f 431/431/431 590/590/590 634/634/634
f 446/446/446 594/594/594 568/568/568
f 384/384/384 395/395/395 605/605/605
f 310/310/310 584/584/584 496/496/496
f 361/361/361 461/461/461 602/602/602
f 481/481/481 490/490/490 440/440/440
f 447/447/447 520/520/520 595/595/595
f 476/476/476 523/523/523 608/608/608
f 506/506/506 611/611/611 501/501/501
f 469/469/469 613/613/613 522/522/522
f 314/314/314 250/250/250 427/427/427
f 477/477/477 599/599/599 462/462/462
f 388/388/388 558/558/558 615/615/615
f 390/390/390 617/617/617 452/452/452
f 616/616/616 531/531/531 563/563/563
f 508/508/508 620/620/620 612/612/612
f 410/410/410 630/630/630 475/475/475
f 494/494/494 582/582/582 541/541/541
f 395/395/395 530/530/530 605/605/605
f 461/461/461 632/632/632 602/602/602
f 515/515/515 526/526/526 635/635/635
f 515/515/515 635/635/635 578/578/578
f 542/542/542 583/583/583 640/640/640
f 576/576/576 539/539/539 645/645/645
f 498/498/498 501/501/501 611/611/611
f 544/544/544 642/642/642 650/650/650
f 434/434/434 512/512/512 648/648/648
f 545/545/545 651/651/651 553/553/553
f 265/265/265 242/242/242 652/652/652
f 265/265/265 652/652/652 463/463/463
f 507/507/507 474/474/474 653/653/653
f 509/509/509 655/655/655 623/623/623
f 444/444/444 499/499/499 565/565/565
f 555/555/555 438/438/438 657/657/657
f 348/348/348 562/562/562 659/659/659
f 462/462/462 599/599/599 633/633/633
f 351/351/351 660/660/660 536/536/536
f 426/426/426 415/415/415 663/663/663
f 492/492/492 668/668/668 560/560/560
f 466/466/466 667/667/667 409/409/409
f 242/242/242 672/672/672 652/652/652
f 568/568/568 594/594/594 676/676/676
f 510/510/510 547/547/547 647/647/647
f 436/436/436 680/680/680 656/656/656
f 414/414/414 533/533/533 661/661/661
f 243/243/243 405/405/405 673/673/673
f 463/463/463 652/652/652 666/666/666
f 439/439/439 488/488/488 682/682/682
f 619/619/619 566/566/566 454/454/454
f 560/560/560 668/668/668 688/688/688
f 373/373/373 570/570/570 588/588/588
f 518/518/518 455/455/455 774/774/774
f 651/651/651 641/641/641 553/553/553
f 640/640/640 583/583/583 686/686/686
f 600/600/600 478/478/478 609/609/609
f 454/454/454 566/566/566 773/773/773
f 360/360/360 691/691/691 404/404/404
f 483/483/483 554/554/554 694/694/694
f 482/482/482 693/693/693 549/549/549
f 404/404/404 695/695/695 696/696/696
f 406/406/406 698/698/698 674/674/674
f 557/557/557 701/701/701 586/586/586
f 595/595/595 520/520/520 703/703/703
f 530/530/530 618/618/618 605/605/605
f 519/519/519 710/710/710 702/702/702
f 404/404/404 691/691/691 695/695/695
f 434/434/434 648/648/648 591/591/591
f 612/612/612 620/620/620 708/708/708
f 555/555/555 657/657/657 700/700/700
f 493/493/493 315/315/315 670/670/670
f 553/553/553 641/641/641 715/715/715
f 521/521/521 385/385/385 717/717/717
f 521/521/521 717/717/717 712/712/712
f 644/644/644 723/723/723 575/575/575
f 583/583/583 699/699/699 685/685/685
f 468/468/468 574/574/574 722/722/722
f 471/471/471 723/723/723 614/614/614
f 498/498/498 611/611/611 725/725/725
f 636/636/636 720/720/720 581/581/581
f 315/315/315 428/428/428 670/670/670
f 611/611/611 707/707/707 725/725/725
f 381/381/381 732/732/732 716/716/716
f 382/382/382 604/604/604 733/733/733
f 639/639/639 684/684/684 714/714/714
f 671/671/671 730/730/730 690/690/690
f 653/653/653 474/474/474 736/736/736
f 551/551/551 714/714/714 692/692/692
f 561/561/561 689/689/689 658/658/658
f 360/360/360 601/601/601 740/740/740
f 360/360/360 740/740/740 691/691/691
f 565/565/565 499/499/499 772/772/772
f 684/684/684 743/743/743 714/714/714
f 567/567/567 675/675/675 569/569/569
f 558/558/558 587/587/587 738/738/738
f 474/474/474 628/628/628 736/736/736
f 678/678/678 597/597/597 750/750/750
f 687/687/687 700/700/700 755/755/755
f 683/683/683 753/753/753 742/742/742
f 624/624/624 752/752/752 763/763/763
f 618/618/618 770/770/770 605/605/605
f 774/774/774 779/779/779 518/518/518
f 621/621/621 761/761/761 709/709/709
f 638/638/638 593/593/593 721/721/721
f 573/573/573 760/760/760 589/589/589
f 596/596/596 706/706/706 750/750/750
f 705/705/705 713/713/713 782/782/782
f 559/559/559 739/739/739 618/618/618
f 518/518/518 779/779/779 540/540/540
f 485/485/485 577/577/577 783/783/783
f 409/409/409 667/667/667 790/790/790
f 407/407/407 789/789/789 626/626/626
f 622/622/622 654/654/654 751/751/751
f 499/499/499 726/726/726 772/772/772
f 657/657/657 792/792/792 700/700/700
f 728/728/728 669/669/669 795/795/795
f 728/728/728 795/795/795 745/745/745
f 534/534/534 659/659/659 800/800/800
f 547/547/547 802/802/802 647/647/647
f 535/535/535 799/799/799 664/664/664
f 716/716/716 732/732/732 804/804/804
f 716/716/716 780/780/780 711/711/711
f 598/598/598 606/606/606 631/631/631
f 670/670/670 428/428/428 797/797/797
f 689/689/689 729/729/729 658/658/658
f 601/601/601 806/806/806 740/740/740
f 724/724/724 646/646/646 813/813/813
f 549/549/549 693/693/693 815/815/815
f 546/546/546 925/925/925 801/801/801
f 550/550/550 816/816/816 927/927/927
f 657/657/657 681/681/681 792/792/792
f 602/602/602 632/632/632 807/807/807
f 653/653/653 736/736/736 822/822/822
f 654/654/654 823/823/823 751/751/751
f 678/678/678 750/750/750 826/826/826
f 614/614/614 906/906/906 524/524/524
f 700/700/700 828/828/828 755/755/755
f 614/614/614 723/723/723 906/906/906
f 580/580/580 718/718/718 784/784/784
f 768/768/768 627/627/627 833/833/833
f 675/675/675 830/830/830 569/569/569
f 692/692/692 714/714/714 814/814/814
f 424/424/424 662/662/662 836/836/836
f 658/658/658 729/729/729 840/840/840
f 428/428/428 838/838/838 797/797/797
f 781/781/781 854/854/854 704/704/704
f 747/747/747 798/798/798 819/819/819
f 761/761/761 932/932/932 709/709/709
f 628/628/628 843/843/843 736/736/736
f 572/572/572 831/831/831 759/759/759
f 704/704/704 854/854/854 748/748/748
f 643/643/643 537/537/537 845/845/845
f 625/625/625 766/766/766 842/842/842
f 751/751/751 823/823/823 762/762/762
f 714/714/714 743/743/743 814/814/814
f 746/746/746 817/817/817 850/850/850
f 746/746/746 850/850/850 729/729/729
f 716/716/716 804/804/804 853/853/853
f 716/716/716 853/853/853 780/780/780
f 679/679/679 484/484/484 791/791/791
f 700/700/700 793/793/793 828/828/828
f 489/489/489 787/787/787 794/794/794
f 677/677/677 824/824/824 866/866/866
f 709/709/709 932/932/932 873/873/873
f 729/729/729 850/850/850 840/840/840
f 588/588/588 757/757/757 874/874/874
f 538/538/538 776/776/776 846/846/846
f 754/754/754 827/827/827 848/848/848
f 857/857/857 825/825/825 860/860/860
f 857/857/857 864/864/864 825/825/825
f 659/659/659 841/841/841 877/877/877
f 631/631/631 606/606/606 842/842/842
f 721/721/721 593/593/593 882/882/882
f 858/858/858 862/862/862 886/886/886
f 726/726/726 777/777/777 772/772/772
f 766/766/766 631/631/631 842/842/842
f 719/719/719 881/881/881 785/785/785
f 826/826/826 750/750/750 861/861/861
f 855/855/855 860/860/860 749/749/749
f 659/659/659 877/877/877 800/800/800
f 632/632/632 767/767/767 869/869/869
f 646/646/646 847/847/847 813/813/813
f 709/709/709 873/873/873 894/894/894
f 725/725/725 707/707/707 892/892/892
f 825/825/825 864/864/864 897/897/897
f 675/675/675 865/865/865 830/830/830
f 664/664/664 799/799/799 876/876/876
f 664/664/664 876/876/876 839/839/839
f 652/652/652 672/672/672 898/898/898
f 652/652/652 898/898/898 666/666/666
f 525/525/525 908/908/908 610/610/610
f 853/853/853 883/883/883 859/859/859
f 629/629/629 790/790/790 913/913/913
f 626/626/626 912/912/912 832/832/832
f 814/814/814 743/743/743 915/915/915
f 864/864/864 903/903/903 897/897/897
f 853/853/853 804/804/804 883/883/883
f 737/737/737 588/588/588 887/887/887
f 727/727/727 893/893/893 778/778/778
f 753/753/753 918/918/918 742/742/742
f 825/825/825 897/897/897 867/867/867
f 734/734/734 923/923/923 805/805/805
f 592/592/592 649/649/649 927/927/927
f 593/593/593 928/928/928 882/882/882
f 796/796/796 837/837/837 929/929/929
f 723/723/723 811/811/811 906/906/906
f 762/762/762 823/823/823 933/933/933
f 863/863/863 856/856/856 934/934/934
f 863/863/863 934/934/934 902/902/902
f 731/731/731 603/603/603 921/921/921
f 768/768/768 833/833/833 936/936/936
f 736/736/736 843/843/843 940/940/940
f 735/735/735 939/939/939 821/821/821
f 649/649/649 803/803/803 927/927/927
f 829/829/829 794/794/794 942/942/942
f 856/856/856 885/885/885 934/934/934
f 764/764/764 935/935/935 943/943/943
f 786/786/786 881/881/881 910/910/910
f 816/816/816 916/916/916 927/927/927
f 588/588/588 874/874/874 887/887/887
f 770/770/770 618/618/618 739/739/739
f 775/775/775 891/891/891 844/844/844
f 756/756/756 849/849/849 920/920/920
f 794/794/794 787/787/787 909/909/909
f 632/632/632 869/869/869 807/807/807
f 665/665/665 949/949/949 788/788/788
f 691/691/691 740/740/740 951/951/951
f 841/841/841 851/851/851 877/877/877
f 878/878/878 948/948/948 954/954/954
f 666/666/666 898/898/898 950/950/950
f 818/818/818 796/796/796 946/946/946
f 877/877/877 851/851/851 947/947/947
f 744/744/744 919/919/919 916/916/916
f 820/820/820 948/948/948 852/852/852
f 796/796/796 929/929/929 946/946/946
f 759/759/759 831/831/831 958/958/958
f 842/842/842 606/606/606 964/964/964
f 933/933/933 823/823/823 962/962/962
f 607/607/607 905/905/905 965/965/965
f 821/821/821 939/939/939 961/961/961
f 876/876/876 953/953/953 839/839/839
f 805/805/805 971/971/971 884/884/884
f 691/691/691 951/951/951 695/695/695
f 844/844/844 891/891/891 810/810/810
f 880/880/880 975/975/975 967/967/967
f 885/885/885 973/973/973 934/934/934
f 839/839/839 953/953/953 930/930/930
f 788/788/788 949/949/949 980/980/980
f 758/758/758 956/956/956 875/875/875
f 865/865/865 896/896/896 1015/1015/1015
f 879/879/879 926/926/926 974/974/974
f 794/794/794 909/909/909 942/942/942
f 848/848/848 827/827/827 978/978/978
f 809/809/809 991/991/991 741/741/741
f 805/805/805 923/923/923 971/971/971
f 978/978/978 827/827/827 995/995/995
f 946/946/946 929/929/929 952/952/952
f 881/881/881 969/969/969 993/993/993
f 909/909/909 992/992/992 942/942/942
f 977/977/977 994/994/994 1002/1002/1002
f 902/902/902 934/934/934 984/984/984
f 896/896/896 901/901/901 986/986/986
f 865/865/865 1015/1015/1015 830/830/830
f 881/881/881 993/993/993 910/910/910
f 808/808/808 999/999/999 989/989/989
f 740/740/740 988/988/988 951/951/951
f 931/931/931 960/960/960 872/872/872
f 812/812/812 895/895/895 908/908/908
f 790/790/790 981/981/981 913/913/913
f 920/920/920 1001/1001/1001 917/917/917
f 739/739/739 889/889/889 770/770/770
f 827/827/827 941/941/941 995/995/995
f 849/849/849 979/979/979 920/920/920
f 896/896/896 986/986/986 1015/1015/1015
f 842/842/842 964/964/964 938/938/938
f 894/894/894 873/873/873 907/907/907
f 979/979/979 1004/1004/1004 920/920/920
f 900/900/900 982/982/982 1006/1006/1006
f 831/831/831 1017/1017/1017 958/958/958
f 604/604/604 769/769/769 922/922/922
f 967/967/967 975/975/975 1010/1010/1010
f 934/934/934 973/973/973 1026/1026/1026
f 994/994/994 1010/1010/1010 1002/1002/1002
f 920/920/920 1004/1004/1004 1001/1001/1001
f 899/899/899 1005/1005/1005 985/985/985
f 835/835/835 914/914/914 1014/1014/1014
f 888/888/888 1020/1020/1020 1022/1022/1022
f 904/904/904 871/871/871 963/963/963
f 961/961/961 939/939/939 966/966/966
f 765/765/765 944/944/944 868/868/868
f 992/992/992 968/968/968 996/996/996
f 871/871/871 959/959/959 963/963/963
f 672/672/672 697/697/697 1024/1024/1024
f 672/672/672 1024/1024/1024 898/898/898
f 807/807/807 869/869/869 998/998/998
f 916/916/916 1000/1000/1000 927/927/927
f 967/967/967 1010/1010/1010 994/994/994
f 984/984/984 934/934/934 1026/1026/1026
f 887/887/887 874/874/874 1019/1019/1019
f 992/992/992 996/996/996 942/942/942
f 976/976/976 927/927/927 1000/1000/1000
f 976/976/976 1000/1000/1000 1011/1011/1011
f 696/696/696 695/695/695 1030/1030/1030
f 949/949/949 1028/1028/1028 980/980/980
f 1000/1000/1000 1003/1003/1003 1011/1011/1011
f 983/983/983 1032/1032/1032 1007/1007/1007
f 869/869/869 1035/1035/1035 998/998/998
f 951/951/951 1037/1037/1037 695/695/695
f 950/950/950 898/898/898 1027/1027/1027
f 983/983/983 1025/1025/1025 1032/1032/1032
f 890/890/890 1023/1023/1023 771/771/771
f 771/771/771 1023/1023/1023 1042/1042/1042
f 834/834/834 1013/1013/1013 937/937/937
f 1020/1020/1020 1047/1047/1047 1022/1022/1022
f 922/922/922 769/769/769 1040/1040/1040
f 898/898/898 1024/1024/1024 1050/1050/1050
f 898/898/898 1050/1050/1050 1027/1027/1027
f 874/874/874 955/955/955 1019/1019/1019
f 943/943/943 935/935/935 1052/1052/1052
f 924/924/924 1041/1041/1041 972/972/972
f 1009/1009/1009 1075/1075/1075 987/987/987
f 980/980/980 1063/1063/1063 911/911/911
f 1008/1008/1008 1033/1033/1033 1068/1068/1068
f 1008/1008/1008 1068/1068/1068 1074/1074/1074
f 1025/1025/1025 970/970/970 1059/1059/1059
f 696/696/696 1030/1030/1030 1060/1060/1060
f 697/697/697 1061/1061/1061 1024/1024/1024
f 1031/1031/1031 1025/1025/1025 1059/1059/1059
f 1016/1016/1016 987/987/987 1062/1062/1062
f 914/914/914 1065/1065/1065 1014/1014/1014
f 1031/1031/1031 1059/1059/1059 1067/1067/1067
f 951/951/951 988/988/988 1037/1037/1037
f 869/869/869 945/945/945 1070/1070/1070
f 1023/1023/1023 1048/1048/1048 1042/1042/1042
f 1016/1016/1016 1062/1062/1062 957/957/957
f 970/970/970 1039/1039/1039 1059/1059/1059
f 1018/1018/1018 1072/1072/1072 1043/1043/1043
f 987/987/987 1075/1075/1075 1062/1062/1062
f 870/870/870 1071/1071/1071 1036/1036/1036
f 695/695/695 1037/1037/1037 1030/1030/1030
f 957/957/957 1062/1062/1062 1021/1021/1021
f 1021/1021/1021 1062/1062/1062 1075/1075/1075
f 1029/1029/1029 1051/1051/1051 1077/1077/1077
f 1028/1028/1028 1076/1076/1076 980/980/980
f 1067/1067/1067 1045/1045/1045 1073/1073/1073
f 1066/1066/1066 1058/1058/1058 1044/1044/1044
f 1039/1039/1039 1046/1046/1046 1059/1059/1059
f 980/980/980 1076/1076/1076 1063/1063/1063
f 989/989/989 999/999/999 1081/1081/1081
f 945/945/945 1054/1054/1054 1070/1070/1070
f 990/990/990 1082/1082/1082 1038/1038/1038
f 1049/1049/1049 1024/1024/1024 1083/1083/1083
f 1051/1051/1051 1084/1084/1084 1077/1077/1077
f 1024/1024/1024 1061/1061/1061 1083/1083/1083
f 997/997/997 1034/1034/1034 1069/1069/1069
f 997/997/997 1069/1069/1069 1080/1080/1080
f 1037/1037/1037 1085/1085/1085 1030/1030/1030
f 1037/1037/1037 1079/1079/1079 1085/1085/1085
f 937/937/937 1013/1013/1013 1057/1057/1057
f 1078/1078/1078 1088/1088/1088 1064/1064/1064
f 1077/1077/1077 1084/1084/1084 1087/1087/1087
f 1012/1012/1012 1063/1063/1063 1055/1055/1055
f 1054/1054/1054 1092/1092/1092 1070/1070/1070
f 1080/1080/1080 1069/1069/1069 1089/1089/1089
f 1060/1060/1060 1030/1030/1030 1093/1093/1093
f 1061/1061/1061 1094/1094/1094 1083/1083/1083
f 1064/1064/1064 1088/1088/1088 1098/1098/1098
f 1063/1063/1063 1097/1097/1097 1055/1055/1055
f 1082/1082/1082 1090/1090/1090 1086/1086/1086
f 1030/1030/1030 1085/1085/1085 1093/1093/1093
f 1069/1069/1069 1091/1091/1091 1089/1089/1089
f 1095/1095/1095 1099/1099/1099 1084/1084/1084
f 1084/1084/1084 1099/1099/1099 1087/1087/1087
f 1096/1096/1096 1086/1086/1086 1100/1100/1100
f 1089/1089/1089 1091/1091/1091 1101/1101/1101
f 1086/1086/1086 1090/1090/1090 1100/1100/1100
f 1091/1091/1091 1053/1053/1053 1104/1104/1104
f 1091/1091/1091 1104/1104/1104 1101/1101/1101
f 1088/1088/1088 1108/1108/1108 1098/1098/1098
f 1056/1056/1056 1098/1098/1098 1105/1105/1105
f 1090/1090/1090 1102/1102/1102 1100/1100/1100
f 1098/1098/1098 1108/1108/1108 1105/1105/1105
f 1087/1087/1087 1099/1099/1099 1107/1107/1107
f 1100/1100/1100 1102/1102/1102 1109/1109/1109
f 1103/1103/1103 1106/1106/1106 1110/1110/1110
f 386/386/386 563/563/563 531/531/531
